{'GPU': None, 'model_name': 'swin_base', 'init': 'imagenet', 'pretrained_weights': '/data/jliang12/shared/pretrained_models/Ark_models/ark6_swinbase_224_ep200.pth.tar', 'num_class': 14, 'dataset_list': ['VinDrCXR_rad1', 'VinDrCXR_rad2', 'VinDrCXR_rad3', 'VinDrCXR_rad4', 'VinDrCXR_rad5', 'VinDrCXR_rad6', 'VinDrCXR_rad7', 'VinDrCXR_rad8', 'VinDrCXR_rad9', 'VinDrCXR_rad10', 'VinDrCXR_rad11', 'VinDrCXR_rad12', 'VinDrCXR_rad13', 'VinDrCXR_rad14', 'VinDrCXR_rad15', 'VinDrCXR_rad16', 'VinDrCXR_rad17'], 'normalization': 'imagenet', 'crop_size': 224, 'resize': 256, 'img_depth': 3, 'batch_size': 100, 'epochs': 200, 'exp_name': 'Ark_Finetune_17Rad', 'mode': 'train', 'ema_mode': 'epoch', 'momentum_teacher': 0.9, 'pretrain_epochs': 200, 'test_epoch': 10, 'val_loss_metric': 'average', 'projector_features': None, 'use_mlp': False, 'opt': 'sgd', 'opt_eps': 1e-08, 'opt_betas': None, 'clip_grad': None, 'momentum': 0.9, 'weight_decay': 0.0, 'sched': 'cosine', 'lr': 0.3, 'lr_noise': None, 'lr_noise_pct': 0.67, 'lr_noise_std': 1.0, 'warmup_lr': 1e-06, 'min_lr': 1e-05, 'decay_epochs': 30, 'warmup_epochs': 20, 'cooldown_epochs': 10, 'decay_rate': 0.5, 'patience_epochs': 10, 'resume': False, 'workers': 8, 'print_freq': 50, 'test_augment': True, 'anno_percent': 100, 'device': 'cuda', 'activate': 'Sigmoid', 'uncertain_label': 'LSR-Ones', 'unknown_label': 0}
num_classes_list: [6, 6, 6, 6, 6, 6, 6, 6, 6, 6, 6, 6, 6, 6, 6, 6, 6]
Removing key ['layers.0.blocks.1.attn_mask', 'layers.1.blocks.1.attn_mask', 'layers.2.blocks.1.attn_mask', 'layers.2.blocks.3.attn_mask', 'layers.2.blocks.5.attn_mask', 'layers.2.blocks.7.attn_mask', 'layers.2.blocks.9.attn_mask', 'layers.2.blocks.11.attn_mask', 'layers.2.blocks.13.attn_mask', 'layers.2.blocks.15.attn_mask', 'layers.2.blocks.17.attn_mask'] from pretrained checkpoint
Removing key head.weight from pretrained checkpoint
Removing key head.bias from pretrained checkpoint
Removing key omni_heads.0.weight from pretrained checkpoint
Removing key omni_heads.0.bias from pretrained checkpoint
Loaded with msg: _IncompatibleKeys(missing_keys=['layers.0.blocks.1.attn_mask', 'layers.1.blocks.1.attn_mask', 'layers.2.blocks.1.attn_mask', 'layers.2.blocks.3.attn_mask', 'layers.2.blocks.5.attn_mask', 'layers.2.blocks.7.attn_mask', 'layers.2.blocks.9.attn_mask', 'layers.2.blocks.11.attn_mask', 'layers.2.blocks.13.attn_mask', 'layers.2.blocks.15.attn_mask', 'layers.2.blocks.17.attn_mask', 'head.weight', 'head.bias', 'projector.projector.weight', 'projector.projector.bias', 'omni_heads.0.weight', 'omni_heads.0.bias'], unexpected_keys=['projector.weight', 'projector.bias', 'omni_heads.1.weight', 'omni_heads.1.bias', 'omni_heads.2.weight', 'omni_heads.2.bias', 'omni_heads.3.weight', 'omni_heads.3.bias', 'omni_heads.4.weight', 'omni_heads.4.bias', 'omni_heads.5.weight', 'omni_heads.5.bias'])
Directly copying weights from omni_heads.4 to omni_heads.0
Removing key ['layers.0.blocks.1.attn_mask', 'layers.1.blocks.1.attn_mask', 'layers.2.blocks.1.attn_mask', 'layers.2.blocks.3.attn_mask', 'layers.2.blocks.5.attn_mask', 'layers.2.blocks.7.attn_mask', 'layers.2.blocks.9.attn_mask', 'layers.2.blocks.11.attn_mask', 'layers.2.blocks.13.attn_mask', 'layers.2.blocks.15.attn_mask', 'layers.2.blocks.17.attn_mask'] from pretrained checkpoint
Removing key head.weight from pretrained checkpoint
Removing key head.bias from pretrained checkpoint
Removing key omni_heads.0.weight from pretrained checkpoint
Removing key omni_heads.0.bias from pretrained checkpoint
Loaded with msg: _IncompatibleKeys(missing_keys=['layers.0.blocks.1.attn_mask', 'layers.1.blocks.1.attn_mask', 'layers.2.blocks.1.attn_mask', 'layers.2.blocks.3.attn_mask', 'layers.2.blocks.5.attn_mask', 'layers.2.blocks.7.attn_mask', 'layers.2.blocks.9.attn_mask', 'layers.2.blocks.11.attn_mask', 'layers.2.blocks.13.attn_mask', 'layers.2.blocks.15.attn_mask', 'layers.2.blocks.17.attn_mask', 'head.weight', 'head.bias', 'projector.projector.weight', 'projector.projector.bias', 'omni_heads.0.weight', 'omni_heads.0.bias'], unexpected_keys=['projector.weight', 'projector.bias', 'omni_heads.1.weight', 'omni_heads.1.bias', 'omni_heads.2.weight', 'omni_heads.2.bias', 'omni_heads.3.weight', 'omni_heads.3.bias', 'omni_heads.4.weight', 'omni_heads.4.bias', 'omni_heads.5.weight', 'omni_heads.5.bias'])
Directly copying weights from omni_heads.4 to omni_heads.0
ArkSwinTransformer(
  (patch_embed): PatchEmbed(
    (proj): Conv2d(3, 128, kernel_size=(4, 4), stride=(4, 4))
    (norm): LayerNorm((128,), eps=1e-05, elementwise_affine=True)
  )
  (pos_drop): Dropout(p=0.0, inplace=False)
  (layers): Sequential(
    (0): BasicLayer(
      dim=128, input_resolution=(56, 56), depth=2
      (blocks): ModuleList(
        (0): SwinTransformerBlock(
          (norm1): LayerNorm((128,), eps=1e-05, elementwise_affine=True)
          (attn): WindowAttention(
            (qkv): Linear(in_features=128, out_features=384, bias=True)
            (attn_drop): Dropout(p=0.0, inplace=False)
            (proj): Linear(in_features=128, out_features=128, bias=True)
            (proj_drop): Dropout(p=0.0, inplace=False)
            (softmax): Softmax(dim=-1)
          )
          (drop_path): Identity()
          (norm2): LayerNorm((128,), eps=1e-05, elementwise_affine=True)
          (mlp): Mlp(
            (fc1): Linear(in_features=128, out_features=512, bias=True)
            (act): GELU(approximate='none')
            (drop1): Dropout(p=0.0, inplace=False)
            (fc2): Linear(in_features=512, out_features=128, bias=True)
            (drop2): Dropout(p=0.0, inplace=False)
          )
        )
        (1): SwinTransformerBlock(
          (norm1): LayerNorm((128,), eps=1e-05, elementwise_affine=True)
          (attn): WindowAttention(
            (qkv): Linear(in_features=128, out_features=384, bias=True)
            (attn_drop): Dropout(p=0.0, inplace=False)
            (proj): Linear(in_features=128, out_features=128, bias=True)
            (proj_drop): Dropout(p=0.0, inplace=False)
            (softmax): Softmax(dim=-1)
          )
          (drop_path): DropPath()
          (norm2): LayerNorm((128,), eps=1e-05, elementwise_affine=True)
          (mlp): Mlp(
            (fc1): Linear(in_features=128, out_features=512, bias=True)
            (act): GELU(approximate='none')
            (drop1): Dropout(p=0.0, inplace=False)
            (fc2): Linear(in_features=512, out_features=128, bias=True)
            (drop2): Dropout(p=0.0, inplace=False)
          )
        )
      )
      (downsample): PatchMerging(
        input_resolution=(56, 56), dim=128
        (reduction): Linear(in_features=512, out_features=256, bias=False)
        (norm): LayerNorm((512,), eps=1e-05, elementwise_affine=True)
      )
    )
    (1): BasicLayer(
      dim=256, input_resolution=(28, 28), depth=2
      (blocks): ModuleList(
        (0-1): 2 x SwinTransformerBlock(
          (norm1): LayerNorm((256,), eps=1e-05, elementwise_affine=True)
          (attn): WindowAttention(
            (qkv): Linear(in_features=256, out_features=768, bias=True)
            (attn_drop): Dropout(p=0.0, inplace=False)
            (proj): Linear(in_features=256, out_features=256, bias=True)
            (proj_drop): Dropout(p=0.0, inplace=False)
            (softmax): Softmax(dim=-1)
          )
          (drop_path): DropPath()
          (norm2): LayerNorm((256,), eps=1e-05, elementwise_affine=True)
          (mlp): Mlp(
            (fc1): Linear(in_features=256, out_features=1024, bias=True)
            (act): GELU(approximate='none')
            (drop1): Dropout(p=0.0, inplace=False)
            (fc2): Linear(in_features=1024, out_features=256, bias=True)
            (drop2): Dropout(p=0.0, inplace=False)
          )
        )
      )
      (downsample): PatchMerging(
        input_resolution=(28, 28), dim=256
        (reduction): Linear(in_features=1024, out_features=512, bias=False)
        (norm): LayerNorm((1024,), eps=1e-05, elementwise_affine=True)
      )
    )
    (2): BasicLayer(
      dim=512, input_resolution=(14, 14), depth=18
      (blocks): ModuleList(
        (0-17): 18 x SwinTransformerBlock(
          (norm1): LayerNorm((512,), eps=1e-05, elementwise_affine=True)
          (attn): WindowAttention(
            (qkv): Linear(in_features=512, out_features=1536, bias=True)
            (attn_drop): Dropout(p=0.0, inplace=False)
            (proj): Linear(in_features=512, out_features=512, bias=True)
            (proj_drop): Dropout(p=0.0, inplace=False)
            (softmax): Softmax(dim=-1)
          )
          (drop_path): DropPath()
          (norm2): LayerNorm((512,), eps=1e-05, elementwise_affine=True)
          (mlp): Mlp(
            (fc1): Linear(in_features=512, out_features=2048, bias=True)
            (act): GELU(approximate='none')
            (drop1): Dropout(p=0.0, inplace=False)
            (fc2): Linear(in_features=2048, out_features=512, bias=True)
            (drop2): Dropout(p=0.0, inplace=False)
          )
        )
      )
      (downsample): PatchMerging(
        input_resolution=(14, 14), dim=512
        (reduction): Linear(in_features=2048, out_features=1024, bias=False)
        (norm): LayerNorm((2048,), eps=1e-05, elementwise_affine=True)
      )
    )
    (3): BasicLayer(
      dim=1024, input_resolution=(7, 7), depth=2
      (blocks): ModuleList(
        (0-1): 2 x SwinTransformerBlock(
          (norm1): LayerNorm((1024,), eps=1e-05, elementwise_affine=True)
          (attn): WindowAttention(
            (qkv): Linear(in_features=1024, out_features=3072, bias=True)
            (attn_drop): Dropout(p=0.0, inplace=False)
            (proj): Linear(in_features=1024, out_features=1024, bias=True)
            (proj_drop): Dropout(p=0.0, inplace=False)
            (softmax): Softmax(dim=-1)
          )
          (drop_path): DropPath()
          (norm2): LayerNorm((1024,), eps=1e-05, elementwise_affine=True)
          (mlp): Mlp(
            (fc1): Linear(in_features=1024, out_features=4096, bias=True)
            (act): GELU(approximate='none')
            (drop1): Dropout(p=0.0, inplace=False)
            (fc2): Linear(in_features=4096, out_features=1024, bias=True)
            (drop2): Dropout(p=0.0, inplace=False)
          )
        )
      )
    )
  )
  (norm): LayerNorm((1024,), eps=1e-05, elementwise_affine=True)
  (avgpool): AdaptiveAvgPool1d(output_size=1)
  (head): Linear(in_features=1024, out_features=1000, bias=True)
  (projector): Projector(
    (projector): Linear(in_features=1024, out_features=1376, bias=True)
  )
  (omni_heads): ModuleList(
    (0): Linear(in_features=1376, out_features=6, bias=True)
  )
)
Student and Teacher are built: they are both swin_base network.
-- Testing the model before training -- check initialization --
>>VinDrCXR_rad1 Disease = ['PE', 'Lung tumor', 'Pneumonia', 'Tuberculosis', 'Other diseases', 'No finding']
>>VinDrCXR_rad1:Student AUC = [0.9846	0.93  	0.9601	0.9613	0.8984	0.9469], 
Teacher AUC = [0.9846	0.93  	0.9601	0.9613	0.8984	0.9469]

>>VinDrCXR_rad1: Student mAUC = 0.9469, Teacher mAUC = 0.9469
Omni-pretraining stage: 
Student meanAUC = 
[[0.9468759507134883]] 
Teacher meanAUC = 
[[0.9468759507134883]]

Epoch: [0][ 0/20]	Time 19.990 (19.990)	Loss_VinDrCXR_rad1 cls 9.4320e-03 (9.4320e-03)	Loss_VinDrCXR_rad1 mse 7.7745e-02 (7.7745e-02)
Epoch: [0] Train_Loss_cls: 1.7986e-02 Train_Loss_mse: 7.3583e-02
Epoch: [0][ 0/32]	Time 15.490 (15.490)	Loss_VinDrCXR_rad2 cls 1.7870e-02 (1.7870e-02)	Loss_VinDrCXR_rad2 mse 9.4412e-02 (9.4412e-02)
Epoch: [0] Train_Loss_cls: 2.4296e-02 Train_Loss_mse: 7.9808e-02
Epoch: [0][ 0/23]	Time 12.964 (12.964)	Loss_VinDrCXR_rad3 cls 2.5399e-02 (2.5399e-02)	Loss_VinDrCXR_rad3 mse 8.8336e-02 (8.8336e-02)
Epoch: [0] Train_Loss_cls: 2.3004e-02 Train_Loss_mse: 7.6558e-02
Epoch: [0][ 0/16]	Time 11.944 (11.944)	Loss_VinDrCXR_rad4 cls 1.5996e-02 (1.5996e-02)	Loss_VinDrCXR_rad4 mse 7.9588e-02 (7.9588e-02)
Epoch: [0] Train_Loss_cls: 1.8551e-02 Train_Loss_mse: 7.2386e-02
Epoch: [0][ 0/28]	Time 11.173 (11.173)	Loss_VinDrCXR_rad5 cls 2.4697e-02 (2.4697e-02)	Loss_VinDrCXR_rad5 mse 7.4885e-02 (7.4885e-02)
Epoch: [0] Train_Loss_cls: 2.0873e-02 Train_Loss_mse: 7.6950e-02
Epoch: [0][ 0/21]	Time  9.246 ( 9.246)	Loss_VinDrCXR_rad6 cls 3.1486e-02 (3.1486e-02)	Loss_VinDrCXR_rad6 mse 8.0280e-02 (8.0280e-02)
Epoch: [0] Train_Loss_cls: 2.1591e-02 Train_Loss_mse: 7.7660e-02
Epoch: [0][ 0/18]	Time  9.086 ( 9.086)	Loss_VinDrCXR_rad7 cls 2.7036e-02 (2.7036e-02)	Loss_VinDrCXR_rad7 mse 6.9137e-02 (6.9137e-02)
Epoch: [0] Train_Loss_cls: 2.2551e-02 Train_Loss_mse: 7.3419e-02
Epoch: [0][ 0/66]	Time 18.973 (18.973)	Loss_VinDrCXR_rad8 cls 6.9711e-01 (6.9711e-01)	Loss_VinDrCXR_rad8 mse 1.8625e-01 (1.8625e-01)
Epoch: [0][50/66]	Time  0.975 ( 2.309)	Loss_VinDrCXR_rad8 cls 5.0102e-01 (6.3138e-01)	Loss_VinDrCXR_rad8 mse 1.4335e-01 (1.7596e-01)
Epoch: [0] Train_Loss_cls: 6.2463e-01 Train_Loss_mse: 1.8262e-01
Epoch: [0][ 0/62]	Time  8.912 ( 8.912)	Loss_VinDrCXR_rad9 cls 5.7665e-01 (5.7665e-01)	Loss_VinDrCXR_rad9 mse 3.2048e-01 (3.2048e-01)
Epoch: [0][50/62]	Time  0.978 ( 1.186)	Loss_VinDrCXR_rad9 cls 5.5032e-01 (5.7235e-01)	Loss_VinDrCXR_rad9 mse 1.9802e-01 (2.1149e-01)
Epoch: [0] Train_Loss_cls: 5.6779e-01 Train_Loss_mse: 2.0976e-01
Epoch: [0][ 0/65]	Time  8.754 ( 8.754)	Loss_VinDrCXR_rad10 cls 5.1475e-01 (5.1475e-01)	Loss_VinDrCXR_rad10 mse 1.8595e-01 (1.8595e-01)
Epoch: [0][50/65]	Time  0.977 ( 1.199)	Loss_VinDrCXR_rad10 cls 4.2953e-01 (5.3312e-01)	Loss_VinDrCXR_rad10 mse 1.2202e-01 (2.0084e-01)
Epoch: [0] Train_Loss_cls: 5.2311e-01 Train_Loss_mse: 1.9852e-01
Epoch: [0][ 0/16]	Time 13.857 (13.857)	Loss_VinDrCXR_rad11 cls 5.4289e-02 (5.4289e-02)	Loss_VinDrCXR_rad11 mse 1.0569e-01 (1.0569e-01)
Epoch: [0] Train_Loss_cls: 5.5266e-02 Train_Loss_mse: 9.7895e-02
Epoch: [0][ 0/17]	Time 10.844 (10.844)	Loss_VinDrCXR_rad12 cls 3.4630e-02 (3.4630e-02)	Loss_VinDrCXR_rad12 mse 9.9210e-02 (9.9210e-02)
Epoch: [0] Train_Loss_cls: 5.3279e-02 Train_Loss_mse: 9.6060e-02
Epoch: [0][ 0/17]	Time  9.885 ( 9.885)	Loss_VinDrCXR_rad13 cls 4.4146e-02 (4.4146e-02)	Loss_VinDrCXR_rad13 mse 1.0089e-01 (1.0089e-01)
Epoch: [0] Train_Loss_cls: 6.1603e-02 Train_Loss_mse: 1.0066e-01
Epoch: [0][ 0/15]	Time  9.199 ( 9.199)	Loss_VinDrCXR_rad14 cls 7.7080e-02 (7.7080e-02)	Loss_VinDrCXR_rad14 mse 7.0416e-02 (7.0416e-02)
Epoch: [0] Train_Loss_cls: 7.1205e-02 Train_Loss_mse: 9.7573e-02
Epoch: [0][ 0/17]	Time  8.844 ( 8.844)	Loss_VinDrCXR_rad15 cls 7.9235e-02 (7.9235e-02)	Loss_VinDrCXR_rad15 mse 9.5976e-02 (9.5976e-02)
Epoch: [0] Train_Loss_cls: 5.8641e-02 Train_Loss_mse: 9.8256e-02
Epoch: [0][ 0/17]	Time  8.906 ( 8.906)	Loss_VinDrCXR_rad16 cls 3.9855e-02 (3.9855e-02)	Loss_VinDrCXR_rad16 mse 1.0555e-01 (1.0555e-01)
Epoch: [0] Train_Loss_cls: 5.2558e-02 Train_Loss_mse: 1.0477e-01
Epoch: [0][0/8]	Time  8.431 ( 8.431)	Loss_VinDrCXR_rad17 cls 5.0780e-02 (5.0780e-02)	Loss_VinDrCXR_rad17 mse 7.1385e-02 (7.1385e-02)
Epoch: [0] Train_Loss_cls: 4.1402e-02 Train_Loss_mse: 7.8524e-02
Val_VinDrCXR_rad1: [ 0/30]	Time  7.331 ( 7.331)	Loss 4.4868e-01 (4.4868e-01)
Epoch 0000: avg_val_loss 0.19523, saving model to ./Models/swin_base_Ark_Finetune_17Rad/Ark_PlusArk_Finetune_17Rad/Ark_Finetune_17Rad/Ark_PlusArk_Finetune_17Rad
>>VinDrCXR_rad1 Disease = ['PE', 'Lung tumor', 'Pneumonia', 'Tuberculosis', 'Other diseases', 'No finding']
>>VinDrCXR_rad1:Student AUC = [0.9844	0.9329	0.9601	0.9611	0.8899	0.9443], 
Teacher AUC = [0.9844	0.9318	0.9601	0.9612	0.8933	0.9454]

>>VinDrCXR_rad1: Student mAUC = 0.9454, Teacher mAUC = 0.9460
Omni-pretraining stage: 
Student meanAUC = 
[[0.9468759507134883], [0.9454261264448013]] 
Teacher meanAUC = 
[[0.9468759507134883], [0.9460270675389304]]

Epoch: [1][ 0/20]	Time  8.619 ( 8.619)	Loss_VinDrCXR_rad1 cls 4.8497e-03 (4.8497e-03)	Loss_VinDrCXR_rad1 mse 7.3726e-02 (7.3726e-02)
Epoch: [1] Train_Loss_cls: 2.1966e-03 Train_Loss_mse: 1.2228e-01
Epoch: [1][ 0/32]	Time  8.535 ( 8.535)	Loss_VinDrCXR_rad2 cls 5.2725e-05 (5.2725e-05)	Loss_VinDrCXR_rad2 mse 1.5587e-01 (1.5587e-01)
Epoch: [1] Train_Loss_cls: 9.7186e-03 Train_Loss_mse: 1.7245e-01
Epoch: [1][ 0/23]	Time  8.550 ( 8.550)	Loss_VinDrCXR_rad3 cls 3.1575e-05 (3.1575e-05)	Loss_VinDrCXR_rad3 mse 1.3647e-01 (1.3647e-01)
Epoch: [1] Train_Loss_cls: 3.8816e-03 Train_Loss_mse: 1.3384e-01
Epoch: [1][ 0/16]	Time 10.311 (10.311)	Loss_VinDrCXR_rad4 cls 6.3245e-05 (6.3245e-05)	Loss_VinDrCXR_rad4 mse 1.0287e-01 (1.0287e-01)
Epoch: [1] Train_Loss_cls: 3.1861e-03 Train_Loss_mse: 8.7110e-02
Epoch: [1][ 0/28]	Time  9.528 ( 9.528)	Loss_VinDrCXR_rad5 cls 7.3517e-05 (7.3517e-05)	Loss_VinDrCXR_rad5 mse 8.2762e-02 (8.2762e-02)
Epoch: [1] Train_Loss_cls: 6.4390e-03 Train_Loss_mse: 9.3393e-02
Epoch: [1][ 0/21]	Time  8.546 ( 8.546)	Loss_VinDrCXR_rad6 cls 8.0111e-05 (8.0111e-05)	Loss_VinDrCXR_rad6 mse 8.3501e-02 (8.3501e-02)
Epoch: [1] Train_Loss_cls: 1.0443e-04 Train_Loss_mse: 9.1738e-02
Epoch: [1][ 0/18]	Time  8.309 ( 8.309)	Loss_VinDrCXR_rad7 cls 8.6100e-05 (8.6100e-05)	Loss_VinDrCXR_rad7 mse 6.6239e-02 (6.6239e-02)
Epoch: [1] Train_Loss_cls: 1.6794e-03 Train_Loss_mse: 7.7221e-02
Epoch: [1][ 0/66]	Time  9.804 ( 9.804)	Loss_VinDrCXR_rad8 cls 8.6425e-01 (8.6425e-01)	Loss_VinDrCXR_rad8 mse 4.0829e-01 (4.0829e-01)
Epoch: [1][50/66]	Time  0.975 ( 1.206)	Loss_VinDrCXR_rad8 cls 1.4526e-01 (1.6678e-01)	Loss_VinDrCXR_rad8 mse 3.7564e-01 (2.9006e-01)
Epoch: [1] Train_Loss_cls: 1.5613e-01 Train_Loss_mse: 2.9200e-01
Epoch: [1][ 0/62]	Time  9.266 ( 9.266)	Loss_VinDrCXR_rad9 cls 2.3482e-01 (2.3482e-01)	Loss_VinDrCXR_rad9 mse 2.5452e-01 (2.5452e-01)
Epoch: [1][50/62]	Time  0.980 ( 1.173)	Loss_VinDrCXR_rad9 cls 2.2188e-01 (1.9272e-01)	Loss_VinDrCXR_rad9 mse 2.0978e-01 (2.8608e-01)
Epoch: [1] Train_Loss_cls: 1.9098e-01 Train_Loss_mse: 2.8473e-01
Epoch: [1][ 0/65]	Time  8.493 ( 8.493)	Loss_VinDrCXR_rad10 cls 1.0401e-01 (1.0401e-01)	Loss_VinDrCXR_rad10 mse 2.2317e-01 (2.2317e-01)
Epoch: [1][50/65]	Time  0.977 ( 1.183)	Loss_VinDrCXR_rad10 cls 1.5091e-01 (1.4113e-01)	Loss_VinDrCXR_rad10 mse 2.6044e-01 (2.6622e-01)
Epoch: [1] Train_Loss_cls: 1.4141e-01 Train_Loss_mse: 2.5597e-01
Epoch: [1][ 0/16]	Time  8.792 ( 8.792)	Loss_VinDrCXR_rad11 cls 5.7098e-02 (5.7098e-02)	Loss_VinDrCXR_rad11 mse 1.3552e-01 (1.3552e-01)
Epoch: [1] Train_Loss_cls: 3.5302e-02 Train_Loss_mse: 1.0949e-01
Epoch: [1][ 0/17]	Time  8.536 ( 8.536)	Loss_VinDrCXR_rad12 cls 5.3891e-02 (5.3891e-02)	Loss_VinDrCXR_rad12 mse 1.0879e-01 (1.0879e-01)
Epoch: [1] Train_Loss_cls: 3.1429e-02 Train_Loss_mse: 1.0181e-01
Epoch: [1][ 0/17]	Time  8.282 ( 8.282)	Loss_VinDrCXR_rad13 cls 4.0212e-02 (4.0212e-02)	Loss_VinDrCXR_rad13 mse 8.8432e-02 (8.8432e-02)
Epoch: [1] Train_Loss_cls: 3.9455e-02 Train_Loss_mse: 9.9609e-02
Epoch: [1][ 0/15]	Time  8.210 ( 8.210)	Loss_VinDrCXR_rad14 cls 3.9014e-02 (3.9014e-02)	Loss_VinDrCXR_rad14 mse 9.2245e-02 (9.2245e-02)
Epoch: [1] Train_Loss_cls: 4.4831e-02 Train_Loss_mse: 8.8838e-02
Epoch: [1][ 0/17]	Time  8.875 ( 8.875)	Loss_VinDrCXR_rad15 cls 2.5811e-02 (2.5811e-02)	Loss_VinDrCXR_rad15 mse 7.8465e-02 (7.8465e-02)
Epoch: [1] Train_Loss_cls: 3.8446e-02 Train_Loss_mse: 8.6903e-02
Epoch: [1][ 0/17]	Time  8.374 ( 8.374)	Loss_VinDrCXR_rad16 cls 4.7567e-02 (4.7567e-02)	Loss_VinDrCXR_rad16 mse 1.1692e-01 (1.1692e-01)
Epoch: [1] Train_Loss_cls: 2.7077e-02 Train_Loss_mse: 8.8727e-02
Epoch: [1][0/8]	Time  8.314 ( 8.314)	Loss_VinDrCXR_rad17 cls 2.9735e-02 (2.9735e-02)	Loss_VinDrCXR_rad17 mse 7.1922e-02 (7.1922e-02)
Epoch: [1] Train_Loss_cls: 2.7934e-02 Train_Loss_mse: 6.7590e-02
Val_VinDrCXR_rad1: [ 0/30]	Time  7.191 ( 7.191)	Loss 6.6772e-01 (6.6772e-01)
Epoch 0001: avg_val_loss 0.27090, saving model to ./Models/swin_base_Ark_Finetune_17Rad/Ark_PlusArk_Finetune_17Rad/Ark_Finetune_17Rad/Ark_PlusArk_Finetune_17Rad
Epoch: [2][ 0/20]	Time  8.162 ( 8.162)	Loss_VinDrCXR_rad1 cls 2.9333e-03 (2.9333e-03)	Loss_VinDrCXR_rad1 mse 5.0575e-02 (5.0575e-02)
Epoch: [2] Train_Loss_cls: 2.8787e-03 Train_Loss_mse: 5.2185e-02
Epoch: [2][ 0/32]	Time  9.256 ( 9.256)	Loss_VinDrCXR_rad2 cls 6.0578e-04 (6.0578e-04)	Loss_VinDrCXR_rad2 mse 5.3455e-02 (5.3455e-02)
Epoch: [2] Train_Loss_cls: 5.6435e-03 Train_Loss_mse: 5.8360e-02
Epoch: [2][ 0/23]	Time  8.593 ( 8.593)	Loss_VinDrCXR_rad3 cls 5.2835e-04 (5.2835e-04)	Loss_VinDrCXR_rad3 mse 5.4519e-02 (5.4519e-02)
Epoch: [2] Train_Loss_cls: 3.0670e-03 Train_Loss_mse: 5.1836e-02
Epoch: [2][ 0/16]	Time  8.474 ( 8.474)	Loss_VinDrCXR_rad4 cls 6.9999e-04 (6.9999e-04)	Loss_VinDrCXR_rad4 mse 3.8356e-02 (3.8356e-02)
Epoch: [2] Train_Loss_cls: 2.5969e-03 Train_Loss_mse: 4.3725e-02
Epoch: [2][ 0/28]	Time  7.909 ( 7.909)	Loss_VinDrCXR_rad5 cls 4.9593e-04 (4.9593e-04)	Loss_VinDrCXR_rad5 mse 6.2848e-02 (6.2848e-02)
Epoch: [2] Train_Loss_cls: 4.0748e-03 Train_Loss_mse: 4.7677e-02
Epoch: [2][ 0/21]	Time  8.432 ( 8.432)	Loss_VinDrCXR_rad6 cls 3.3083e-04 (3.3083e-04)	Loss_VinDrCXR_rad6 mse 4.0021e-02 (4.0021e-02)
Epoch: [2] Train_Loss_cls: 4.4126e-04 Train_Loss_mse: 4.9456e-02
Epoch: [2][ 0/18]	Time  8.446 ( 8.446)	Loss_VinDrCXR_rad7 cls 2.1903e-04 (2.1903e-04)	Loss_VinDrCXR_rad7 mse 4.7184e-02 (4.7184e-02)
Epoch: [2] Train_Loss_cls: 2.3303e-03 Train_Loss_mse: 4.6941e-02
Epoch: [2][ 0/66]	Time  8.720 ( 8.720)	Loss_VinDrCXR_rad8 cls 3.1662e-01 (3.1662e-01)	Loss_VinDrCXR_rad8 mse 1.1876e-01 (1.1876e-01)
Epoch: [2][50/66]	Time  0.975 ( 1.160)	Loss_VinDrCXR_rad8 cls 1.3861e-01 (1.3258e-01)	Loss_VinDrCXR_rad8 mse 2.2774e-01 (1.5404e-01)
Epoch: [2] Train_Loss_cls: 1.3053e-01 Train_Loss_mse: 1.6058e-01
Epoch: [2][ 0/62]	Time  8.732 ( 8.732)	Loss_VinDrCXR_rad9 cls 1.7922e-01 (1.7922e-01)	Loss_VinDrCXR_rad9 mse 1.4436e-01 (1.4436e-01)
Epoch: [2][50/62]	Time  0.975 ( 1.186)	Loss_VinDrCXR_rad9 cls 1.5373e-01 (1.8874e-01)	Loss_VinDrCXR_rad9 mse 1.1832e-01 (1.8080e-01)
Epoch: [2] Train_Loss_cls: 1.8731e-01 Train_Loss_mse: 1.8323e-01
Epoch: [2][ 0/65]	Time  8.411 ( 8.411)	Loss_VinDrCXR_rad10 cls 1.2313e-01 (1.2313e-01)	Loss_VinDrCXR_rad10 mse 1.4829e-01 (1.4829e-01)
Epoch: [2][50/65]	Time  0.975 ( 1.183)	Loss_VinDrCXR_rad10 cls 1.5056e-01 (1.3886e-01)	Loss_VinDrCXR_rad10 mse 2.4007e-01 (1.6973e-01)
Epoch: [2] Train_Loss_cls: 1.3886e-01 Train_Loss_mse: 1.6800e-01
Epoch: [2][ 0/16]	Time  9.070 ( 9.070)	Loss_VinDrCXR_rad11 cls 3.8470e-02 (3.8470e-02)	Loss_VinDrCXR_rad11 mse 1.0025e-01 (1.0025e-01)
Epoch: [2] Train_Loss_cls: 3.0687e-02 Train_Loss_mse: 7.8631e-02
Epoch: [2][ 0/17]	Time  8.611 ( 8.611)	Loss_VinDrCXR_rad12 cls 2.3753e-02 (2.3753e-02)	Loss_VinDrCXR_rad12 mse 6.9453e-02 (6.9453e-02)
Epoch: [2] Train_Loss_cls: 3.3121e-02 Train_Loss_mse: 7.5840e-02
Epoch: [2][ 0/17]	Time  8.625 ( 8.625)	Loss_VinDrCXR_rad13 cls 3.5294e-02 (3.5294e-02)	Loss_VinDrCXR_rad13 mse 6.5812e-02 (6.5812e-02)
Epoch: [2] Train_Loss_cls: 3.8909e-02 Train_Loss_mse: 7.9834e-02
Epoch: [2][ 0/15]	Time  8.615 ( 8.615)	Loss_VinDrCXR_rad14 cls 5.1168e-02 (5.1168e-02)	Loss_VinDrCXR_rad14 mse 6.5039e-02 (6.5039e-02)
Epoch: [2] Train_Loss_cls: 4.8222e-02 Train_Loss_mse: 7.9365e-02
Epoch: [2][ 0/17]	Time  8.345 ( 8.345)	Loss_VinDrCXR_rad15 cls 4.5610e-02 (4.5610e-02)	Loss_VinDrCXR_rad15 mse 7.7072e-02 (7.7072e-02)
Epoch: [2] Train_Loss_cls: 4.0235e-02 Train_Loss_mse: 7.2893e-02
Epoch: [2][ 0/17]	Time  8.350 ( 8.350)	Loss_VinDrCXR_rad16 cls 5.5062e-02 (5.5062e-02)	Loss_VinDrCXR_rad16 mse 8.7658e-02 (8.7658e-02)
Epoch: [2] Train_Loss_cls: 2.7738e-02 Train_Loss_mse: 7.4478e-02
Epoch: [2][0/8]	Time  9.242 ( 9.242)	Loss_VinDrCXR_rad17 cls 2.1576e-02 (2.1576e-02)	Loss_VinDrCXR_rad17 mse 4.8668e-02 (4.8668e-02)
Epoch: [2] Train_Loss_cls: 3.2610e-02 Train_Loss_mse: 5.9219e-02
Val_VinDrCXR_rad1: [ 0/30]	Time  7.013 ( 7.013)	Loss 6.6586e-01 (6.6586e-01)
Epoch 0002: avg_val_loss 0.26955, saving model to ./Models/swin_base_Ark_Finetune_17Rad/Ark_PlusArk_Finetune_17Rad/Ark_Finetune_17Rad/Ark_PlusArk_Finetune_17Rad
Epoch: [3][ 0/20]	Time  8.688 ( 8.688)	Loss_VinDrCXR_rad1 cls 2.3493e-03 (2.3493e-03)	Loss_VinDrCXR_rad1 mse 4.8717e-02 (4.8717e-02)
Epoch: [3] Train_Loss_cls: 2.7557e-03 Train_Loss_mse: 4.9319e-02
Epoch: [3][ 0/32]	Time  8.439 ( 8.439)	Loss_VinDrCXR_rad2 cls 2.8536e-04 (2.8536e-04)	Loss_VinDrCXR_rad2 mse 5.5000e-02 (5.5000e-02)
Epoch: [3] Train_Loss_cls: 4.9385e-03 Train_Loss_mse: 5.3955e-02
Epoch: [3][ 0/23]	Time  8.545 ( 8.545)	Loss_VinDrCXR_rad3 cls 5.5069e-04 (5.5069e-04)	Loss_VinDrCXR_rad3 mse 4.2866e-02 (4.2866e-02)
Epoch: [3] Train_Loss_cls: 2.0223e-03 Train_Loss_mse: 5.1285e-02
Epoch: [3][ 0/16]	Time  8.575 ( 8.575)	Loss_VinDrCXR_rad4 cls 2.4942e-04 (2.4942e-04)	Loss_VinDrCXR_rad4 mse 4.5751e-02 (4.5751e-02)
Epoch: [3] Train_Loss_cls: 2.3892e-03 Train_Loss_mse: 4.2268e-02
Epoch: [3][ 0/28]	Time  9.043 ( 9.043)	Loss_VinDrCXR_rad5 cls 1.7174e-02 (1.7174e-02)	Loss_VinDrCXR_rad5 mse 4.0925e-02 (4.0925e-02)
Epoch: [3] Train_Loss_cls: 4.2013e-03 Train_Loss_mse: 4.4910e-02
Epoch: [3][ 0/21]	Time  8.610 ( 8.610)	Loss_VinDrCXR_rad6 cls 2.5850e-04 (2.5850e-04)	Loss_VinDrCXR_rad6 mse 4.4608e-02 (4.4608e-02)
Epoch: [3] Train_Loss_cls: 4.8348e-04 Train_Loss_mse: 4.9625e-02
Epoch: [3][ 0/18]	Time  8.312 ( 8.312)	Loss_VinDrCXR_rad7 cls 9.8551e-04 (9.8551e-04)	Loss_VinDrCXR_rad7 mse 3.5924e-02 (3.5924e-02)
Epoch: [3] Train_Loss_cls: 2.2145e-03 Train_Loss_mse: 4.5085e-02
Epoch: [3][ 0/66]	Time  8.790 ( 8.790)	Loss_VinDrCXR_rad8 cls 3.1118e-01 (3.1118e-01)	Loss_VinDrCXR_rad8 mse 1.1263e-01 (1.1263e-01)
Epoch: [3][50/66]	Time  0.979 ( 1.179)	Loss_VinDrCXR_rad8 cls 9.9849e-02 (1.3314e-01)	Loss_VinDrCXR_rad8 mse 1.2754e-01 (1.4629e-01)
Epoch: [3] Train_Loss_cls: 1.3171e-01 Train_Loss_mse: 1.4870e-01
Epoch: [3][ 0/62]	Time  8.800 ( 8.800)	Loss_VinDrCXR_rad9 cls 1.4781e-01 (1.4781e-01)	Loss_VinDrCXR_rad9 mse 1.1042e-01 (1.1042e-01)
Epoch: [3][50/62]	Time  0.979 ( 1.204)	Loss_VinDrCXR_rad9 cls 2.3749e-01 (1.7970e-01)	Loss_VinDrCXR_rad9 mse 2.1431e-01 (1.4857e-01)
Epoch: [3] Train_Loss_cls: 1.7796e-01 Train_Loss_mse: 1.5046e-01
Epoch: [3][ 0/65]	Time  8.487 ( 8.487)	Loss_VinDrCXR_rad10 cls 1.4202e-01 (1.4202e-01)	Loss_VinDrCXR_rad10 mse 1.3458e-01 (1.3458e-01)
Epoch: [3][50/65]	Time  0.978 ( 1.148)	Loss_VinDrCXR_rad10 cls 1.8048e-01 (1.4017e-01)	Loss_VinDrCXR_rad10 mse 1.3771e-01 (1.4766e-01)
Epoch: [3] Train_Loss_cls: 1.3928e-01 Train_Loss_mse: 1.4817e-01
Epoch: [3][ 0/16]	Time  8.609 ( 8.609)	Loss_VinDrCXR_rad11 cls 4.5416e-02 (4.5416e-02)	Loss_VinDrCXR_rad11 mse 8.6782e-02 (8.6782e-02)
Epoch: [3] Train_Loss_cls: 3.2329e-02 Train_Loss_mse: 7.2138e-02
Epoch: [3][ 0/17]	Time  8.591 ( 8.591)	Loss_VinDrCXR_rad12 cls 1.7517e-02 (1.7517e-02)	Loss_VinDrCXR_rad12 mse 9.1245e-02 (9.1245e-02)
Epoch: [3] Train_Loss_cls: 2.5805e-02 Train_Loss_mse: 7.0338e-02
Epoch: [3][ 0/17]	Time  8.617 ( 8.617)	Loss_VinDrCXR_rad13 cls 3.6465e-02 (3.6465e-02)	Loss_VinDrCXR_rad13 mse 7.3625e-02 (7.3625e-02)
Epoch: [3] Train_Loss_cls: 3.6504e-02 Train_Loss_mse: 7.4552e-02
Epoch: [3][ 0/15]	Time  8.409 ( 8.409)	Loss_VinDrCXR_rad14 cls 4.1058e-02 (4.1058e-02)	Loss_VinDrCXR_rad14 mse 7.8827e-02 (7.8827e-02)
Epoch: [3] Train_Loss_cls: 4.4042e-02 Train_Loss_mse: 7.5030e-02
Epoch: [3][ 0/17]	Time  8.360 ( 8.360)	Loss_VinDrCXR_rad15 cls 2.5995e-02 (2.5995e-02)	Loss_VinDrCXR_rad15 mse 7.9265e-02 (7.9265e-02)
Epoch: [3] Train_Loss_cls: 3.5675e-02 Train_Loss_mse: 7.0289e-02
Epoch: [3][ 0/17]	Time  8.692 ( 8.692)	Loss_VinDrCXR_rad16 cls 3.3122e-02 (3.3122e-02)	Loss_VinDrCXR_rad16 mse 7.4287e-02 (7.4287e-02)
Epoch: [3] Train_Loss_cls: 3.0242e-02 Train_Loss_mse: 8.5083e-02
Epoch: [3][0/8]	Time  8.335 ( 8.335)	Loss_VinDrCXR_rad17 cls 2.0370e-02 (2.0370e-02)	Loss_VinDrCXR_rad17 mse 6.0449e-02 (6.0449e-02)
Epoch: [3] Train_Loss_cls: 3.0839e-02 Train_Loss_mse: 6.0480e-02
Val_VinDrCXR_rad1: [ 0/30]	Time  7.362 ( 7.362)	Loss 7.1619e-01 (7.1619e-01)
Epoch 0003: avg_val_loss 0.28649, saving model to ./Models/swin_base_Ark_Finetune_17Rad/Ark_PlusArk_Finetune_17Rad/Ark_Finetune_17Rad/Ark_PlusArk_Finetune_17Rad
Epoch: [4][ 0/20]	Time  8.446 ( 8.446)	Loss_VinDrCXR_rad1 cls 3.7148e-03 (3.7148e-03)	Loss_VinDrCXR_rad1 mse 4.4708e-02 (4.4708e-02)
Epoch: [4] Train_Loss_cls: 2.5819e-03 Train_Loss_mse: 4.9557e-02
Epoch: [4][ 0/32]	Time  8.748 ( 8.748)	Loss_VinDrCXR_rad2 cls 5.9002e-04 (5.9002e-04)	Loss_VinDrCXR_rad2 mse 5.4883e-02 (5.4883e-02)
Epoch: [4] Train_Loss_cls: 4.5387e-03 Train_Loss_mse: 5.8008e-02
Epoch: [4][ 0/23]	Time  8.658 ( 8.658)	Loss_VinDrCXR_rad3 cls 3.2691e-04 (3.2691e-04)	Loss_VinDrCXR_rad3 mse 4.0749e-02 (4.0749e-02)
Epoch: [4] Train_Loss_cls: 2.0676e-03 Train_Loss_mse: 4.8885e-02
Epoch: [4][ 0/16]	Time  8.762 ( 8.762)	Loss_VinDrCXR_rad4 cls 2.7228e-04 (2.7228e-04)	Loss_VinDrCXR_rad4 mse 3.6796e-02 (3.6796e-02)
Epoch: [4] Train_Loss_cls: 2.3548e-03 Train_Loss_mse: 4.1136e-02
Epoch: [4][ 0/28]	Time  8.090 ( 8.090)	Loss_VinDrCXR_rad5 cls 5.3600e-04 (5.3600e-04)	Loss_VinDrCXR_rad5 mse 4.4215e-02 (4.4215e-02)
Epoch: [4] Train_Loss_cls: 4.2594e-03 Train_Loss_mse: 4.3397e-02
Epoch: [4][ 0/21]	Time  8.362 ( 8.362)	Loss_VinDrCXR_rad6 cls 5.8653e-04 (5.8653e-04)	Loss_VinDrCXR_rad6 mse 5.8566e-02 (5.8566e-02)
Epoch: [4] Train_Loss_cls: 4.6939e-04 Train_Loss_mse: 4.9103e-02
Epoch: [4][ 0/18]	Time  8.296 ( 8.296)	Loss_VinDrCXR_rad7 cls 2.3187e-04 (2.3187e-04)	Loss_VinDrCXR_rad7 mse 3.6831e-02 (3.6831e-02)
Epoch: [4] Train_Loss_cls: 2.1737e-03 Train_Loss_mse: 4.4905e-02
Epoch: [4][ 0/66]	Time  8.462 ( 8.462)	Loss_VinDrCXR_rad8 cls 3.0346e-01 (3.0346e-01)	Loss_VinDrCXR_rad8 mse 1.2576e-01 (1.2576e-01)
Epoch: [4][50/66]	Time  0.976 ( 1.195)	Loss_VinDrCXR_rad8 cls 1.4304e-01 (1.3540e-01)	Loss_VinDrCXR_rad8 mse 2.1857e-01 (1.4657e-01)
Epoch: [4] Train_Loss_cls: 1.2994e-01 Train_Loss_mse: 1.4476e-01
Epoch: [4][ 0/62]	Time  8.990 ( 8.990)	Loss_VinDrCXR_rad9 cls 2.0446e-01 (2.0446e-01)	Loss_VinDrCXR_rad9 mse 1.5524e-01 (1.5524e-01)
Epoch: [4][50/62]	Time  0.974 ( 1.158)	Loss_VinDrCXR_rad9 cls 1.9957e-01 (1.7907e-01)	Loss_VinDrCXR_rad9 mse 1.0736e-01 (1.5083e-01)
Epoch: [4] Train_Loss_cls: 1.7867e-01 Train_Loss_mse: 1.5305e-01
Epoch: [4][ 0/65]	Time  8.519 ( 8.519)	Loss_VinDrCXR_rad10 cls 1.7391e-01 (1.7391e-01)	Loss_VinDrCXR_rad10 mse 1.4491e-01 (1.4491e-01)
Epoch: [4][50/65]	Time  0.975 ( 1.171)	Loss_VinDrCXR_rad10 cls 1.9106e-01 (1.3689e-01)	Loss_VinDrCXR_rad10 mse 1.7360e-01 (1.4535e-01)
Epoch: [4] Train_Loss_cls: 1.3566e-01 Train_Loss_mse: 1.4596e-01
Epoch: [4][ 0/16]	Time  8.699 ( 8.699)	Loss_VinDrCXR_rad11 cls 7.9233e-02 (7.9233e-02)	Loss_VinDrCXR_rad11 mse 1.0220e-01 (1.0220e-01)
Epoch: [4] Train_Loss_cls: 3.4889e-02 Train_Loss_mse: 7.5790e-02
Epoch: [4][ 0/17]	Time  8.555 ( 8.555)	Loss_VinDrCXR_rad12 cls 4.3916e-02 (4.3916e-02)	Loss_VinDrCXR_rad12 mse 7.8066e-02 (7.8066e-02)
Epoch: [4] Train_Loss_cls: 2.9183e-02 Train_Loss_mse: 6.6474e-02
Epoch: [4][ 0/17]	Time  8.296 ( 8.296)	Loss_VinDrCXR_rad13 cls 3.1854e-02 (3.1854e-02)	Loss_VinDrCXR_rad13 mse 5.5138e-02 (5.5138e-02)
Epoch: [4] Train_Loss_cls: 3.5469e-02 Train_Loss_mse: 6.4745e-02
Epoch: [4][ 0/15]	Time  8.679 ( 8.679)	Loss_VinDrCXR_rad14 cls 3.7753e-02 (3.7753e-02)	Loss_VinDrCXR_rad14 mse 9.3787e-02 (9.3787e-02)
Epoch: [4] Train_Loss_cls: 4.5075e-02 Train_Loss_mse: 7.5142e-02
Epoch: [4][ 0/17]	Time  8.162 ( 8.162)	Loss_VinDrCXR_rad15 cls 7.3060e-02 (7.3060e-02)	Loss_VinDrCXR_rad15 mse 7.0084e-02 (7.0084e-02)
Epoch: [4] Train_Loss_cls: 4.2076e-02 Train_Loss_mse: 7.2285e-02
Epoch: [4][ 0/17]	Time  9.185 ( 9.185)	Loss_VinDrCXR_rad16 cls 3.0867e-02 (3.0867e-02)	Loss_VinDrCXR_rad16 mse 7.4596e-02 (7.4596e-02)
Epoch: [4] Train_Loss_cls: 2.6592e-02 Train_Loss_mse: 6.8430e-02
Epoch: [4][0/8]	Time  8.552 ( 8.552)	Loss_VinDrCXR_rad17 cls 4.5073e-02 (4.5073e-02)	Loss_VinDrCXR_rad17 mse 6.2612e-02 (6.2612e-02)
Epoch: [4] Train_Loss_cls: 3.0304e-02 Train_Loss_mse: 5.9998e-02
Val_VinDrCXR_rad1: [ 0/30]	Time  7.291 ( 7.291)	Loss 6.2153e-01 (6.2153e-01)
Epoch 0004: avg_val_loss 0.24881, saving model to ./Models/swin_base_Ark_Finetune_17Rad/Ark_PlusArk_Finetune_17Rad/Ark_Finetune_17Rad/Ark_PlusArk_Finetune_17Rad
Epoch: [5][ 0/20]	Time  8.304 ( 8.304)	Loss_VinDrCXR_rad1 cls 3.6856e-03 (3.6856e-03)	Loss_VinDrCXR_rad1 mse 3.7636e-02 (3.7636e-02)
Epoch: [5] Train_Loss_cls: 2.8927e-03 Train_Loss_mse: 4.6778e-02
Epoch: [5][ 0/32]	Time  8.726 ( 8.726)	Loss_VinDrCXR_rad2 cls 7.6313e-04 (7.6313e-04)	Loss_VinDrCXR_rad2 mse 6.4612e-02 (6.4612e-02)
Epoch: [5] Train_Loss_cls: 5.0598e-03 Train_Loss_mse: 5.4420e-02
Epoch: [5][ 0/23]	Time  8.409 ( 8.409)	Loss_VinDrCXR_rad3 cls 9.6694e-04 (9.6694e-04)	Loss_VinDrCXR_rad3 mse 4.6927e-02 (4.6927e-02)
Epoch: [5] Train_Loss_cls: 2.0665e-03 Train_Loss_mse: 4.8736e-02
Epoch: [5][ 0/16]	Time  9.271 ( 9.271)	Loss_VinDrCXR_rad4 cls 8.3454e-04 (8.3454e-04)	Loss_VinDrCXR_rad4 mse 4.1555e-02 (4.1555e-02)
Epoch: [5] Train_Loss_cls: 2.7929e-03 Train_Loss_mse: 4.0406e-02
Epoch: [5][ 0/28]	Time  8.219 ( 8.219)	Loss_VinDrCXR_rad5 cls 2.3876e-04 (2.3876e-04)	Loss_VinDrCXR_rad5 mse 5.2112e-02 (5.2112e-02)
Epoch: [5] Train_Loss_cls: 4.4769e-03 Train_Loss_mse: 4.3032e-02
Epoch: [5][ 0/21]	Time  8.846 ( 8.846)	Loss_VinDrCXR_rad6 cls 6.6145e-04 (6.6145e-04)	Loss_VinDrCXR_rad6 mse 4.8268e-02 (4.8268e-02)
Epoch: [5] Train_Loss_cls: 4.9539e-04 Train_Loss_mse: 4.6176e-02
Epoch: [5][ 0/18]	Time  8.450 ( 8.450)	Loss_VinDrCXR_rad7 cls 3.4185e-04 (3.4185e-04)	Loss_VinDrCXR_rad7 mse 4.8487e-02 (4.8487e-02)
Epoch: [5] Train_Loss_cls: 2.1175e-03 Train_Loss_mse: 4.4193e-02
Epoch: [5][ 0/66]	Time  8.431 ( 8.431)	Loss_VinDrCXR_rad8 cls 3.2958e-01 (3.2958e-01)	Loss_VinDrCXR_rad8 mse 1.2982e-01 (1.2982e-01)
Epoch: [5][50/66]	Time  0.975 ( 1.210)	Loss_VinDrCXR_rad8 cls 1.0813e-01 (1.2843e-01)	Loss_VinDrCXR_rad8 mse 1.5998e-01 (1.3975e-01)
Epoch: [5] Train_Loss_cls: 1.2582e-01 Train_Loss_mse: 1.4289e-01
Epoch: [5][ 0/62]	Time  8.634 ( 8.634)	Loss_VinDrCXR_rad9 cls 1.8698e-01 (1.8698e-01)	Loss_VinDrCXR_rad9 mse 1.3587e-01 (1.3587e-01)
Epoch: [5][50/62]	Time  0.975 ( 1.182)	Loss_VinDrCXR_rad9 cls 1.5921e-01 (1.7802e-01)	Loss_VinDrCXR_rad9 mse 1.3311e-01 (1.4587e-01)
Epoch: [5] Train_Loss_cls: 1.7721e-01 Train_Loss_mse: 1.4868e-01
Epoch: [5][ 0/65]	Time  8.472 ( 8.472)	Loss_VinDrCXR_rad10 cls 1.5184e-01 (1.5184e-01)	Loss_VinDrCXR_rad10 mse 1.3715e-01 (1.3715e-01)
Epoch: [5][50/65]	Time  0.976 ( 1.149)	Loss_VinDrCXR_rad10 cls 1.6944e-01 (1.3534e-01)	Loss_VinDrCXR_rad10 mse 1.6878e-01 (1.4953e-01)
Epoch: [5] Train_Loss_cls: 1.3529e-01 Train_Loss_mse: 1.5001e-01
Epoch: [5][ 0/16]	Time  8.651 ( 8.651)	Loss_VinDrCXR_rad11 cls 7.3141e-02 (7.3141e-02)	Loss_VinDrCXR_rad11 mse 7.9278e-02 (7.9278e-02)
Epoch: [5] Train_Loss_cls: 3.5909e-02 Train_Loss_mse: 7.8538e-02
Epoch: [5][ 0/17]	Time  8.711 ( 8.711)	Loss_VinDrCXR_rad12 cls 2.8368e-02 (2.8368e-02)	Loss_VinDrCXR_rad12 mse 6.1344e-02 (6.1344e-02)
Epoch: [5] Train_Loss_cls: 2.7807e-02 Train_Loss_mse: 6.5612e-02
Epoch: [5][ 0/17]	Time  8.585 ( 8.585)	Loss_VinDrCXR_rad13 cls 2.5927e-02 (2.5927e-02)	Loss_VinDrCXR_rad13 mse 6.3790e-02 (6.3790e-02)
Epoch: [5] Train_Loss_cls: 3.3259e-02 Train_Loss_mse: 7.1507e-02
Epoch: [5][ 0/15]	Time  8.599 ( 8.599)	Loss_VinDrCXR_rad14 cls 3.5016e-02 (3.5016e-02)	Loss_VinDrCXR_rad14 mse 7.3974e-02 (7.3974e-02)
Epoch: [5] Train_Loss_cls: 3.9337e-02 Train_Loss_mse: 6.7820e-02
Epoch: [5][ 0/17]	Time  8.400 ( 8.400)	Loss_VinDrCXR_rad15 cls 3.7352e-02 (3.7352e-02)	Loss_VinDrCXR_rad15 mse 8.4448e-02 (8.4448e-02)
Epoch: [5] Train_Loss_cls: 3.9618e-02 Train_Loss_mse: 7.0339e-02
Epoch: [5][ 0/17]	Time  8.738 ( 8.738)	Loss_VinDrCXR_rad16 cls 1.9874e-02 (1.9874e-02)	Loss_VinDrCXR_rad16 mse 8.0521e-02 (8.0521e-02)
Epoch: [5] Train_Loss_cls: 2.9262e-02 Train_Loss_mse: 6.9498e-02
Epoch: [5][0/8]	Time  8.523 ( 8.523)	Loss_VinDrCXR_rad17 cls 2.3884e-02 (2.3884e-02)	Loss_VinDrCXR_rad17 mse 7.4488e-02 (7.4488e-02)
Epoch: [5] Train_Loss_cls: 3.1532e-02 Train_Loss_mse: 6.5438e-02
Val_VinDrCXR_rad1: [ 0/30]	Time  7.581 ( 7.581)	Loss 7.2117e-01 (7.2117e-01)
Epoch 0005: avg_val_loss 0.28082, saving model to ./Models/swin_base_Ark_Finetune_17Rad/Ark_PlusArk_Finetune_17Rad/Ark_Finetune_17Rad/Ark_PlusArk_Finetune_17Rad
Epoch: [6][ 0/20]	Time  9.061 ( 9.061)	Loss_VinDrCXR_rad1 cls 2.8512e-03 (2.8512e-03)	Loss_VinDrCXR_rad1 mse 5.1596e-02 (5.1596e-02)
Epoch: [6] Train_Loss_cls: 2.1146e-03 Train_Loss_mse: 4.9178e-02
Epoch: [6][ 0/32]	Time  8.531 ( 8.531)	Loss_VinDrCXR_rad2 cls 6.8227e-04 (6.8227e-04)	Loss_VinDrCXR_rad2 mse 5.6815e-02 (5.6815e-02)
Epoch: [6] Train_Loss_cls: 4.7747e-03 Train_Loss_mse: 4.9925e-02
Epoch: [6][ 0/23]	Time  9.119 ( 9.119)	Loss_VinDrCXR_rad3 cls 1.6120e-02 (1.6120e-02)	Loss_VinDrCXR_rad3 mse 5.7579e-02 (5.7579e-02)
Epoch: [6] Train_Loss_cls: 1.9299e-03 Train_Loss_mse: 4.7346e-02
Epoch: [6][ 0/16]	Time  8.217 ( 8.217)	Loss_VinDrCXR_rad4 cls 2.5982e-04 (2.5982e-04)	Loss_VinDrCXR_rad4 mse 4.4373e-02 (4.4373e-02)
Epoch: [6] Train_Loss_cls: 2.7318e-03 Train_Loss_mse: 4.0390e-02
Epoch: [6][ 0/28]	Time  8.244 ( 8.244)	Loss_VinDrCXR_rad5 cls 2.0182e-04 (2.0182e-04)	Loss_VinDrCXR_rad5 mse 3.3187e-02 (3.3187e-02)
Epoch: [6] Train_Loss_cls: 4.0050e-03 Train_Loss_mse: 4.2474e-02
Epoch: [6][ 0/21]	Time  8.479 ( 8.479)	Loss_VinDrCXR_rad6 cls 3.4643e-04 (3.4643e-04)	Loss_VinDrCXR_rad6 mse 5.3043e-02 (5.3043e-02)
Epoch: [6] Train_Loss_cls: 4.6111e-04 Train_Loss_mse: 4.4938e-02
Epoch: [6][ 0/18]	Time  8.739 ( 8.739)	Loss_VinDrCXR_rad7 cls 3.6986e-04 (3.6986e-04)	Loss_VinDrCXR_rad7 mse 5.2836e-02 (5.2836e-02)
Epoch: [6] Train_Loss_cls: 2.1168e-03 Train_Loss_mse: 4.3354e-02
Epoch: [6][ 0/66]	Time  8.482 ( 8.482)	Loss_VinDrCXR_rad8 cls 3.0100e-01 (3.0100e-01)	Loss_VinDrCXR_rad8 mse 1.0108e-01 (1.0108e-01)
Epoch: [6][50/66]	Time  0.975 ( 1.178)	Loss_VinDrCXR_rad8 cls 1.0051e-01 (1.2337e-01)	Loss_VinDrCXR_rad8 mse 1.1108e-01 (1.2879e-01)
Epoch: [6] Train_Loss_cls: 1.2095e-01 Train_Loss_mse: 1.2852e-01
Epoch: [6][ 0/62]	Time  9.009 ( 9.009)	Loss_VinDrCXR_rad9 cls 1.7896e-01 (1.7896e-01)	Loss_VinDrCXR_rad9 mse 9.2138e-02 (9.2138e-02)
Epoch: [6][50/62]	Time  0.974 ( 1.155)	Loss_VinDrCXR_rad9 cls 1.5029e-01 (1.7978e-01)	Loss_VinDrCXR_rad9 mse 1.4969e-01 (1.5252e-01)
Epoch: [6] Train_Loss_cls: 1.7904e-01 Train_Loss_mse: 1.5087e-01
Epoch: [6][ 0/65]	Time  8.776 ( 8.776)	Loss_VinDrCXR_rad10 cls 2.0185e-01 (2.0185e-01)	Loss_VinDrCXR_rad10 mse 2.5019e-01 (2.5019e-01)
Epoch: [6][50/65]	Time  0.975 ( 1.180)	Loss_VinDrCXR_rad10 cls 1.5653e-01 (1.3315e-01)	Loss_VinDrCXR_rad10 mse 1.5224e-01 (1.4712e-01)
Epoch: [6] Train_Loss_cls: 1.3414e-01 Train_Loss_mse: 1.4495e-01
Epoch: [6][ 0/16]	Time  8.638 ( 8.638)	Loss_VinDrCXR_rad11 cls 4.5729e-02 (4.5729e-02)	Loss_VinDrCXR_rad11 mse 8.9333e-02 (8.9333e-02)
Epoch: [6] Train_Loss_cls: 3.1424e-02 Train_Loss_mse: 7.6672e-02
Epoch: [6][ 0/17]	Time  8.840 ( 8.840)	Loss_VinDrCXR_rad12 cls 5.5395e-02 (5.5395e-02)	Loss_VinDrCXR_rad12 mse 6.5266e-02 (6.5266e-02)
Epoch: [6] Train_Loss_cls: 2.9360e-02 Train_Loss_mse: 6.7042e-02
Epoch: [6][ 0/17]	Time  8.772 ( 8.772)	Loss_VinDrCXR_rad13 cls 2.1148e-02 (2.1148e-02)	Loss_VinDrCXR_rad13 mse 5.1519e-02 (5.1519e-02)
Epoch: [6] Train_Loss_cls: 3.7544e-02 Train_Loss_mse: 7.6395e-02
Epoch: [6][ 0/15]	Time  8.515 ( 8.515)	Loss_VinDrCXR_rad14 cls 4.4660e-02 (4.4660e-02)	Loss_VinDrCXR_rad14 mse 6.2651e-02 (6.2651e-02)
Epoch: [6] Train_Loss_cls: 4.5563e-02 Train_Loss_mse: 8.1299e-02
Epoch: [6][ 0/17]	Time  8.285 ( 8.285)	Loss_VinDrCXR_rad15 cls 3.9372e-02 (3.9372e-02)	Loss_VinDrCXR_rad15 mse 6.9658e-02 (6.9658e-02)
Epoch: [6] Train_Loss_cls: 3.8356e-02 Train_Loss_mse: 6.9706e-02
Epoch: [6][ 0/17]	Time  9.274 ( 9.274)	Loss_VinDrCXR_rad16 cls 7.9836e-03 (7.9836e-03)	Loss_VinDrCXR_rad16 mse 5.9912e-02 (5.9912e-02)
Epoch: [6] Train_Loss_cls: 2.8087e-02 Train_Loss_mse: 7.2185e-02
Epoch: [6][0/8]	Time  8.478 ( 8.478)	Loss_VinDrCXR_rad17 cls 1.2085e-02 (1.2085e-02)	Loss_VinDrCXR_rad17 mse 4.4453e-02 (4.4453e-02)
Epoch: [6] Train_Loss_cls: 2.8794e-02 Train_Loss_mse: 5.8614e-02
Val_VinDrCXR_rad1: [ 0/30]	Time  7.353 ( 7.353)	Loss 7.1639e-01 (7.1639e-01)
Epoch 0006: avg_val_loss 0.28436, saving model to ./Models/swin_base_Ark_Finetune_17Rad/Ark_PlusArk_Finetune_17Rad/Ark_Finetune_17Rad/Ark_PlusArk_Finetune_17Rad
Epoch: [7][ 0/20]	Time  8.431 ( 8.431)	Loss_VinDrCXR_rad1 cls 3.1846e-03 (3.1846e-03)	Loss_VinDrCXR_rad1 mse 5.0265e-02 (5.0265e-02)
Epoch: [7] Train_Loss_cls: 2.6076e-03 Train_Loss_mse: 4.8388e-02
Epoch: [7][ 0/32]	Time  9.650 ( 9.650)	Loss_VinDrCXR_rad2 cls 8.9626e-04 (8.9626e-04)	Loss_VinDrCXR_rad2 mse 5.8738e-02 (5.8738e-02)
Epoch: [7] Train_Loss_cls: 5.0035e-03 Train_Loss_mse: 5.2086e-02
Epoch: [7][ 0/23]	Time  8.788 ( 8.788)	Loss_VinDrCXR_rad3 cls 4.3000e-04 (4.3000e-04)	Loss_VinDrCXR_rad3 mse 4.3442e-02 (4.3442e-02)
Epoch: [7] Train_Loss_cls: 1.8391e-03 Train_Loss_mse: 4.7433e-02
Epoch: [7][ 0/16]	Time  8.555 ( 8.555)	Loss_VinDrCXR_rad4 cls 1.6467e-02 (1.6467e-02)	Loss_VinDrCXR_rad4 mse 3.5624e-02 (3.5624e-02)
Epoch: [7] Train_Loss_cls: 2.4674e-03 Train_Loss_mse: 4.0606e-02
Epoch: [7][ 0/28]	Time  8.432 ( 8.432)	Loss_VinDrCXR_rad5 cls 1.4188e-02 (1.4188e-02)	Loss_VinDrCXR_rad5 mse 4.4040e-02 (4.4040e-02)
Epoch: [7] Train_Loss_cls: 3.1605e-03 Train_Loss_mse: 4.3474e-02
Epoch: [7][ 0/21]	Time  8.796 ( 8.796)	Loss_VinDrCXR_rad6 cls 4.3192e-04 (4.3192e-04)	Loss_VinDrCXR_rad6 mse 4.6358e-02 (4.6358e-02)
Epoch: [7] Train_Loss_cls: 3.4927e-04 Train_Loss_mse: 4.7807e-02
Epoch: [7][ 0/18]	Time  8.285 ( 8.285)	Loss_VinDrCXR_rad7 cls 1.9202e-03 (1.9202e-03)	Loss_VinDrCXR_rad7 mse 4.0104e-02 (4.0104e-02)
Epoch: [7] Train_Loss_cls: 2.3028e-03 Train_Loss_mse: 4.4409e-02
Epoch: [7][ 0/66]	Time  8.712 ( 8.712)	Loss_VinDrCXR_rad8 cls 3.8831e-01 (3.8831e-01)	Loss_VinDrCXR_rad8 mse 1.9781e-01 (1.9781e-01)
Epoch: [7][50/66]	Time  0.975 ( 1.178)	Loss_VinDrCXR_rad8 cls 9.7283e-02 (1.2902e-01)	Loss_VinDrCXR_rad8 mse 1.9072e-01 (1.4624e-01)
Epoch: [7] Train_Loss_cls: 1.2582e-01 Train_Loss_mse: 1.4736e-01
Epoch: [7][ 0/62]	Time  9.213 ( 9.213)	Loss_VinDrCXR_rad9 cls 1.9879e-01 (1.9879e-01)	Loss_VinDrCXR_rad9 mse 1.1745e-01 (1.1745e-01)
Epoch: [7][50/62]	Time  0.974 ( 1.185)	Loss_VinDrCXR_rad9 cls 1.5782e-01 (1.7783e-01)	Loss_VinDrCXR_rad9 mse 1.4090e-01 (1.5106e-01)
Epoch: [7] Train_Loss_cls: 1.7720e-01 Train_Loss_mse: 1.5236e-01
Epoch: [7][ 0/65]	Time  8.827 ( 8.827)	Loss_VinDrCXR_rad10 cls 1.6774e-01 (1.6774e-01)	Loss_VinDrCXR_rad10 mse 1.1974e-01 (1.1974e-01)
Epoch: [7][50/65]	Time  0.975 ( 1.145)	Loss_VinDrCXR_rad10 cls 1.4811e-01 (1.3069e-01)	Loss_VinDrCXR_rad10 mse 1.9733e-01 (1.3764e-01)
Epoch: [7] Train_Loss_cls: 1.3215e-01 Train_Loss_mse: 1.3989e-01
Epoch: [7][ 0/16]	Time  8.831 ( 8.831)	Loss_VinDrCXR_rad11 cls 3.9178e-02 (3.9178e-02)	Loss_VinDrCXR_rad11 mse 7.9020e-02 (7.9020e-02)
Epoch: [7] Train_Loss_cls: 3.3831e-02 Train_Loss_mse: 7.8128e-02
Epoch: [7][ 0/17]	Time  8.586 ( 8.586)	Loss_VinDrCXR_rad12 cls 3.8827e-02 (3.8827e-02)	Loss_VinDrCXR_rad12 mse 8.0972e-02 (8.0972e-02)
Epoch: [7] Train_Loss_cls: 2.8234e-02 Train_Loss_mse: 6.9810e-02
Epoch: [7][ 0/17]	Time  8.669 ( 8.669)	Loss_VinDrCXR_rad13 cls 2.9293e-02 (2.9293e-02)	Loss_VinDrCXR_rad13 mse 6.3763e-02 (6.3763e-02)
Epoch: [7] Train_Loss_cls: 3.4391e-02 Train_Loss_mse: 7.8325e-02
Epoch: [7][ 0/15]	Time  8.487 ( 8.487)	Loss_VinDrCXR_rad14 cls 2.6177e-02 (2.6177e-02)	Loss_VinDrCXR_rad14 mse 6.5893e-02 (6.5893e-02)
Epoch: [7] Train_Loss_cls: 3.8700e-02 Train_Loss_mse: 6.9251e-02
Epoch: [7][ 0/17]	Time  8.485 ( 8.485)	Loss_VinDrCXR_rad15 cls 5.4353e-02 (5.4353e-02)	Loss_VinDrCXR_rad15 mse 6.5322e-02 (6.5322e-02)
Epoch: [7] Train_Loss_cls: 3.6179e-02 Train_Loss_mse: 7.6546e-02
Epoch: [7][ 0/17]	Time  8.836 ( 8.836)	Loss_VinDrCXR_rad16 cls 7.9405e-03 (7.9405e-03)	Loss_VinDrCXR_rad16 mse 7.6692e-02 (7.6692e-02)
Epoch: [7] Train_Loss_cls: 2.8791e-02 Train_Loss_mse: 7.5101e-02
Epoch: [7][0/8]	Time  8.390 ( 8.390)	Loss_VinDrCXR_rad17 cls 3.4937e-02 (3.4937e-02)	Loss_VinDrCXR_rad17 mse 5.8972e-02 (5.8972e-02)
Epoch: [7] Train_Loss_cls: 2.6902e-02 Train_Loss_mse: 5.4995e-02
Val_VinDrCXR_rad1: [ 0/30]	Time  7.457 ( 7.457)	Loss 6.2795e-01 (6.2795e-01)
Epoch 0007: avg_val_loss 0.25709, saving model to ./Models/swin_base_Ark_Finetune_17Rad/Ark_PlusArk_Finetune_17Rad/Ark_Finetune_17Rad/Ark_PlusArk_Finetune_17Rad
Epoch: [8][ 0/20]	Time  8.408 ( 8.408)	Loss_VinDrCXR_rad1 cls 2.1509e-03 (2.1509e-03)	Loss_VinDrCXR_rad1 mse 3.7815e-02 (3.7815e-02)
Epoch: [8] Train_Loss_cls: 2.0807e-03 Train_Loss_mse: 4.6489e-02
Epoch: [8][ 0/32]	Time  9.096 ( 9.096)	Loss_VinDrCXR_rad2 cls 4.0636e-04 (4.0636e-04)	Loss_VinDrCXR_rad2 mse 5.4903e-02 (5.4903e-02)
Epoch: [8] Train_Loss_cls: 4.7153e-03 Train_Loss_mse: 5.2765e-02
Epoch: [8][ 0/23]	Time  8.663 ( 8.663)	Loss_VinDrCXR_rad3 cls 2.9687e-04 (2.9687e-04)	Loss_VinDrCXR_rad3 mse 5.5647e-02 (5.5647e-02)
Epoch: [8] Train_Loss_cls: 2.5970e-03 Train_Loss_mse: 4.7617e-02
Epoch: [8][ 0/16]	Time  9.234 ( 9.234)	Loss_VinDrCXR_rad4 cls 2.8177e-04 (2.8177e-04)	Loss_VinDrCXR_rad4 mse 3.8174e-02 (3.8174e-02)
Epoch: [8] Train_Loss_cls: 2.5105e-03 Train_Loss_mse: 3.9010e-02
Epoch: [8][ 0/28]	Time  8.370 ( 8.370)	Loss_VinDrCXR_rad5 cls 2.2487e-04 (2.2487e-04)	Loss_VinDrCXR_rad5 mse 3.7972e-02 (3.7972e-02)
Epoch: [8] Train_Loss_cls: 4.1876e-03 Train_Loss_mse: 4.2226e-02
Epoch: [8][ 0/21]	Time  9.610 ( 9.610)	Loss_VinDrCXR_rad6 cls 4.6085e-04 (4.6085e-04)	Loss_VinDrCXR_rad6 mse 3.4860e-02 (3.4860e-02)
Epoch: [8] Train_Loss_cls: 4.8838e-04 Train_Loss_mse: 4.5856e-02
Epoch: [8][ 0/18]	Time  8.565 ( 8.565)	Loss_VinDrCXR_rad7 cls 2.6353e-04 (2.6353e-04)	Loss_VinDrCXR_rad7 mse 4.5287e-02 (4.5287e-02)
Epoch: [8] Train_Loss_cls: 1.8972e-03 Train_Loss_mse: 4.1402e-02
Epoch: [8][ 0/66]	Time  8.790 ( 8.790)	Loss_VinDrCXR_rad8 cls 4.1952e-01 (4.1952e-01)	Loss_VinDrCXR_rad8 mse 1.9714e-01 (1.9714e-01)
Epoch: [8][50/66]	Time  0.977 ( 1.130)	Loss_VinDrCXR_rad8 cls 1.2330e-01 (1.3008e-01)	Loss_VinDrCXR_rad8 mse 1.1974e-01 (1.5169e-01)
Epoch: [8] Train_Loss_cls: 1.2515e-01 Train_Loss_mse: 1.5025e-01
Epoch: [8][ 0/62]	Time  8.838 ( 8.838)	Loss_VinDrCXR_rad9 cls 1.7340e-01 (1.7340e-01)	Loss_VinDrCXR_rad9 mse 1.5351e-01 (1.5351e-01)
Epoch: [8][50/62]	Time  0.975 ( 1.175)	Loss_VinDrCXR_rad9 cls 1.8526e-01 (1.7488e-01)	Loss_VinDrCXR_rad9 mse 1.5292e-01 (1.6624e-01)
Epoch: [8] Train_Loss_cls: 1.7412e-01 Train_Loss_mse: 1.6344e-01
Epoch: [8][ 0/65]	Time  8.648 ( 8.648)	Loss_VinDrCXR_rad10 cls 1.1765e-01 (1.1765e-01)	Loss_VinDrCXR_rad10 mse 1.7792e-01 (1.7792e-01)
Epoch: [8][50/65]	Time  1.565 ( 1.153)	Loss_VinDrCXR_rad10 cls 1.6625e-01 (1.3296e-01)	Loss_VinDrCXR_rad10 mse 1.4300e-01 (1.4675e-01)
Epoch: [8] Train_Loss_cls: 1.3098e-01 Train_Loss_mse: 1.4757e-01
Epoch: [8][ 0/16]	Time  8.705 ( 8.705)	Loss_VinDrCXR_rad11 cls 4.3025e-02 (4.3025e-02)	Loss_VinDrCXR_rad11 mse 9.6811e-02 (9.6811e-02)
Epoch: [8] Train_Loss_cls: 2.8306e-02 Train_Loss_mse: 7.7092e-02
Epoch: [8][ 0/17]	Time  8.662 ( 8.662)	Loss_VinDrCXR_rad12 cls 2.0258e-02 (2.0258e-02)	Loss_VinDrCXR_rad12 mse 6.1798e-02 (6.1798e-02)
Epoch: [8] Train_Loss_cls: 2.7230e-02 Train_Loss_mse: 7.0383e-02
Epoch: [8][ 0/17]	Time  8.564 ( 8.564)	Loss_VinDrCXR_rad13 cls 5.1376e-02 (5.1376e-02)	Loss_VinDrCXR_rad13 mse 7.8487e-02 (7.8487e-02)
Epoch: [8] Train_Loss_cls: 3.4723e-02 Train_Loss_mse: 7.8808e-02
Epoch: [8][ 0/15]	Time  8.681 ( 8.681)	Loss_VinDrCXR_rad14 cls 5.3142e-02 (5.3142e-02)	Loss_VinDrCXR_rad14 mse 7.8472e-02 (7.8472e-02)
Epoch: [8] Train_Loss_cls: 4.2205e-02 Train_Loss_mse: 7.9769e-02
Epoch: [8][ 0/17]	Time  8.846 ( 8.846)	Loss_VinDrCXR_rad15 cls 3.2977e-02 (3.2977e-02)	Loss_VinDrCXR_rad15 mse 7.0711e-02 (7.0711e-02)
Epoch: [8] Train_Loss_cls: 3.4050e-02 Train_Loss_mse: 6.9014e-02
Epoch: [8][ 0/17]	Time  8.162 ( 8.162)	Loss_VinDrCXR_rad16 cls 2.2109e-02 (2.2109e-02)	Loss_VinDrCXR_rad16 mse 7.9887e-02 (7.9887e-02)
Epoch: [8] Train_Loss_cls: 2.6185e-02 Train_Loss_mse: 7.1489e-02
Epoch: [8][0/8]	Time  8.389 ( 8.389)	Loss_VinDrCXR_rad17 cls 4.8964e-02 (4.8964e-02)	Loss_VinDrCXR_rad17 mse 5.4032e-02 (5.4032e-02)
Epoch: [8] Train_Loss_cls: 2.8298e-02 Train_Loss_mse: 5.6578e-02
Val_VinDrCXR_rad1: [ 0/30]	Time  7.163 ( 7.163)	Loss 6.2199e-01 (6.2199e-01)
Epoch 0008: avg_val_loss 0.25396, saving model to ./Models/swin_base_Ark_Finetune_17Rad/Ark_PlusArk_Finetune_17Rad/Ark_Finetune_17Rad/Ark_PlusArk_Finetune_17Rad
Epoch: [9][ 0/20]	Time  8.370 ( 8.370)	Loss_VinDrCXR_rad1 cls 3.8512e-03 (3.8512e-03)	Loss_VinDrCXR_rad1 mse 4.7196e-02 (4.7196e-02)
Epoch: [9] Train_Loss_cls: 2.3891e-03 Train_Loss_mse: 4.5936e-02
Epoch: [9][ 0/32]	Time  8.961 ( 8.961)	Loss_VinDrCXR_rad2 cls 1.4050e-03 (1.4050e-03)	Loss_VinDrCXR_rad2 mse 4.1817e-02 (4.1817e-02)
Epoch: [9] Train_Loss_cls: 4.5577e-03 Train_Loss_mse: 5.2412e-02
Epoch: [9][ 0/23]	Time  8.586 ( 8.586)	Loss_VinDrCXR_rad3 cls 1.7064e-02 (1.7064e-02)	Loss_VinDrCXR_rad3 mse 4.2975e-02 (4.2975e-02)
Epoch: [9] Train_Loss_cls: 1.7909e-03 Train_Loss_mse: 4.5915e-02
Epoch: [9][ 0/16]	Time  8.803 ( 8.803)	Loss_VinDrCXR_rad4 cls 2.5192e-04 (2.5192e-04)	Loss_VinDrCXR_rad4 mse 4.2513e-02 (4.2513e-02)
Epoch: [9] Train_Loss_cls: 2.4518e-03 Train_Loss_mse: 3.9948e-02
Epoch: [9][ 0/28]	Time  8.353 ( 8.353)	Loss_VinDrCXR_rad5 cls 1.2911e-02 (1.2911e-02)	Loss_VinDrCXR_rad5 mse 4.4750e-02 (4.4750e-02)
Epoch: [9] Train_Loss_cls: 3.7319e-03 Train_Loss_mse: 4.1135e-02
Epoch: [9][ 0/21]	Time  9.058 ( 9.058)	Loss_VinDrCXR_rad6 cls 1.7246e-04 (1.7246e-04)	Loss_VinDrCXR_rad6 mse 4.3866e-02 (4.3866e-02)
Epoch: [9] Train_Loss_cls: 4.0791e-04 Train_Loss_mse: 4.5882e-02
Epoch: [9][ 0/18]	Time  8.900 ( 8.900)	Loss_VinDrCXR_rad7 cls 2.2940e-04 (2.2940e-04)	Loss_VinDrCXR_rad7 mse 3.9094e-02 (3.9094e-02)
Epoch: [9] Train_Loss_cls: 2.1982e-03 Train_Loss_mse: 4.1888e-02
Epoch: [9][ 0/66]	Time  8.477 ( 8.477)	Loss_VinDrCXR_rad8 cls 3.4122e-01 (3.4122e-01)	Loss_VinDrCXR_rad8 mse 1.4091e-01 (1.4091e-01)
Epoch: [9][50/66]	Time  0.975 ( 1.146)	Loss_VinDrCXR_rad8 cls 1.5197e-01 (1.2866e-01)	Loss_VinDrCXR_rad8 mse 1.7570e-01 (1.5239e-01)
Epoch: [9] Train_Loss_cls: 1.2416e-01 Train_Loss_mse: 1.5174e-01
Epoch: [9][ 0/62]	Time  8.800 ( 8.800)	Loss_VinDrCXR_rad9 cls 1.7992e-01 (1.7992e-01)	Loss_VinDrCXR_rad9 mse 1.4384e-01 (1.4384e-01)
Epoch: [9][50/62]	Time  0.978 ( 1.206)	Loss_VinDrCXR_rad9 cls 1.6143e-01 (1.7118e-01)	Loss_VinDrCXR_rad9 mse 1.5604e-01 (1.5469e-01)
Epoch: [9] Train_Loss_cls: 1.7295e-01 Train_Loss_mse: 1.6124e-01
Epoch: [9][ 0/65]	Time  8.634 ( 8.634)	Loss_VinDrCXR_rad10 cls 1.5276e-01 (1.5276e-01)	Loss_VinDrCXR_rad10 mse 2.1516e-01 (2.1516e-01)
Epoch: [9][50/65]	Time  0.975 ( 1.143)	Loss_VinDrCXR_rad10 cls 1.3925e-01 (1.3127e-01)	Loss_VinDrCXR_rad10 mse 1.1929e-01 (1.4643e-01)
Epoch: [9] Train_Loss_cls: 1.3156e-01 Train_Loss_mse: 1.4486e-01
Epoch: [9][ 0/16]	Time  8.438 ( 8.438)	Loss_VinDrCXR_rad11 cls 4.9113e-02 (4.9113e-02)	Loss_VinDrCXR_rad11 mse 1.1091e-01 (1.1091e-01)
Epoch: [9] Train_Loss_cls: 2.9942e-02 Train_Loss_mse: 7.6229e-02
Epoch: [9][ 0/17]	Time  8.751 ( 8.751)	Loss_VinDrCXR_rad12 cls 2.4386e-02 (2.4386e-02)	Loss_VinDrCXR_rad12 mse 8.9771e-02 (8.9771e-02)
Epoch: [9] Train_Loss_cls: 2.7672e-02 Train_Loss_mse: 7.3907e-02
Epoch: [9][ 0/17]	Time  8.952 ( 8.952)	Loss_VinDrCXR_rad13 cls 4.0625e-02 (4.0625e-02)	Loss_VinDrCXR_rad13 mse 6.8504e-02 (6.8504e-02)
Epoch: [9] Train_Loss_cls: 3.0719e-02 Train_Loss_mse: 7.3033e-02
Epoch: [9][ 0/15]	Time  8.589 ( 8.589)	Loss_VinDrCXR_rad14 cls 2.4103e-02 (2.4103e-02)	Loss_VinDrCXR_rad14 mse 5.5852e-02 (5.5852e-02)
Epoch: [9] Train_Loss_cls: 4.0670e-02 Train_Loss_mse: 7.5604e-02
Epoch: [9][ 0/17]	Time  8.724 ( 8.724)	Loss_VinDrCXR_rad15 cls 4.1397e-02 (4.1397e-02)	Loss_VinDrCXR_rad15 mse 6.9162e-02 (6.9162e-02)
Epoch: [9] Train_Loss_cls: 3.5448e-02 Train_Loss_mse: 6.8669e-02
Epoch: [9][ 0/17]	Time 10.022 (10.022)	Loss_VinDrCXR_rad16 cls 1.9331e-02 (1.9331e-02)	Loss_VinDrCXR_rad16 mse 7.3336e-02 (7.3336e-02)
Epoch: [9] Train_Loss_cls: 2.2674e-02 Train_Loss_mse: 6.9061e-02
Epoch: [9][0/8]	Time  8.317 ( 8.317)	Loss_VinDrCXR_rad17 cls 2.6615e-02 (2.6615e-02)	Loss_VinDrCXR_rad17 mse 6.1558e-02 (6.1558e-02)
Epoch: [9] Train_Loss_cls: 2.8612e-02 Train_Loss_mse: 5.2951e-02
Val_VinDrCXR_rad1: [ 0/30]	Time  8.007 ( 8.007)	Loss 6.5236e-01 (6.5236e-01)
Epoch 0009: avg_val_loss 0.26180, saving model to ./Models/swin_base_Ark_Finetune_17Rad/Ark_PlusArk_Finetune_17Rad/Ark_Finetune_17Rad/Ark_PlusArk_Finetune_17Rad
Epoch: [10][ 0/20]	Time  8.641 ( 8.641)	Loss_VinDrCXR_rad1 cls 2.4405e-03 (2.4405e-03)	Loss_VinDrCXR_rad1 mse 4.3811e-02 (4.3811e-02)
Epoch: [10] Train_Loss_cls: 2.9468e-03 Train_Loss_mse: 4.5226e-02
Epoch: [10][ 0/32]	Time  8.960 ( 8.960)	Loss_VinDrCXR_rad2 cls 5.7963e-04 (5.7963e-04)	Loss_VinDrCXR_rad2 mse 4.9144e-02 (4.9144e-02)
Epoch: [10] Train_Loss_cls: 4.1370e-03 Train_Loss_mse: 4.6198e-02
Epoch: [10][ 0/23]	Time  9.120 ( 9.120)	Loss_VinDrCXR_rad3 cls 4.6988e-04 (4.6988e-04)	Loss_VinDrCXR_rad3 mse 4.1428e-02 (4.1428e-02)
Epoch: [10] Train_Loss_cls: 1.9351e-03 Train_Loss_mse: 4.3904e-02
Epoch: [10][ 0/16]	Time  8.951 ( 8.951)	Loss_VinDrCXR_rad4 cls 2.2677e-04 (2.2677e-04)	Loss_VinDrCXR_rad4 mse 3.7659e-02 (3.7659e-02)
Epoch: [10] Train_Loss_cls: 2.5120e-03 Train_Loss_mse: 3.7202e-02
Epoch: [10][ 0/28]	Time  8.033 ( 8.033)	Loss_VinDrCXR_rad5 cls 9.6729e-04 (9.6729e-04)	Loss_VinDrCXR_rad5 mse 3.0383e-02 (3.0383e-02)
Epoch: [10] Train_Loss_cls: 3.8920e-03 Train_Loss_mse: 4.0567e-02
Epoch: [10][ 0/21]	Time  8.188 ( 8.188)	Loss_VinDrCXR_rad6 cls 6.6917e-04 (6.6917e-04)	Loss_VinDrCXR_rad6 mse 4.7929e-02 (4.7929e-02)
Epoch: [10] Train_Loss_cls: 1.2125e-03 Train_Loss_mse: 4.4613e-02
Epoch: [10][ 0/18]	Time  8.583 ( 8.583)	Loss_VinDrCXR_rad7 cls 1.4561e-02 (1.4561e-02)	Loss_VinDrCXR_rad7 mse 5.1573e-02 (5.1573e-02)
Epoch: [10] Train_Loss_cls: 2.1225e-03 Train_Loss_mse: 3.9278e-02
Epoch: [10][ 0/66]	Time  8.717 ( 8.717)	Loss_VinDrCXR_rad8 cls 3.3345e-01 (3.3345e-01)	Loss_VinDrCXR_rad8 mse 1.8060e-01 (1.8060e-01)
Epoch: [10][50/66]	Time  0.975 ( 1.207)	Loss_VinDrCXR_rad8 cls 8.7707e-02 (1.2494e-01)	Loss_VinDrCXR_rad8 mse 1.4130e-01 (1.4534e-01)
Epoch: [10] Train_Loss_cls: 1.2302e-01 Train_Loss_mse: 1.4378e-01
Epoch: [10][ 0/62]	Time  8.963 ( 8.963)	Loss_VinDrCXR_rad9 cls 2.1290e-01 (2.1290e-01)	Loss_VinDrCXR_rad9 mse 1.3727e-01 (1.3727e-01)
Epoch: [10][50/62]	Time  0.975 ( 1.164)	Loss_VinDrCXR_rad9 cls 1.7267e-01 (1.7502e-01)	Loss_VinDrCXR_rad9 mse 1.4851e-01 (1.5956e-01)
Epoch: [10] Train_Loss_cls: 1.7584e-01 Train_Loss_mse: 1.5966e-01
Epoch: [10][ 0/65]	Time  8.390 ( 8.390)	Loss_VinDrCXR_rad10 cls 8.4535e-02 (8.4535e-02)	Loss_VinDrCXR_rad10 mse 1.1621e-01 (1.1621e-01)
Epoch: [10][50/65]	Time  0.979 ( 1.207)	Loss_VinDrCXR_rad10 cls 1.0396e-01 (1.3394e-01)	Loss_VinDrCXR_rad10 mse 1.6307e-01 (1.5538e-01)
Epoch: [10] Train_Loss_cls: 1.3155e-01 Train_Loss_mse: 1.5216e-01
Epoch: [10][ 0/16]	Time  8.810 ( 8.810)	Loss_VinDrCXR_rad11 cls 4.5515e-02 (4.5515e-02)	Loss_VinDrCXR_rad11 mse 1.0113e-01 (1.0113e-01)
Epoch: [10] Train_Loss_cls: 2.9858e-02 Train_Loss_mse: 7.9108e-02
Epoch: [10][ 0/17]	Time  9.016 ( 9.016)	Loss_VinDrCXR_rad12 cls 2.0553e-02 (2.0553e-02)	Loss_VinDrCXR_rad12 mse 7.3495e-02 (7.3495e-02)
Epoch: [10] Train_Loss_cls: 2.6853e-02 Train_Loss_mse: 6.7967e-02
Epoch: [10][ 0/17]	Time  8.539 ( 8.539)	Loss_VinDrCXR_rad13 cls 2.5970e-02 (2.5970e-02)	Loss_VinDrCXR_rad13 mse 8.7945e-02 (8.7945e-02)
Epoch: [10] Train_Loss_cls: 3.2593e-02 Train_Loss_mse: 7.0747e-02
Epoch: [10][ 0/15]	Time  8.426 ( 8.426)	Loss_VinDrCXR_rad14 cls 3.2879e-02 (3.2879e-02)	Loss_VinDrCXR_rad14 mse 6.8526e-02 (6.8526e-02)
Epoch: [10] Train_Loss_cls: 3.8587e-02 Train_Loss_mse: 6.9302e-02
Epoch: [10][ 0/17]	Time  9.180 ( 9.180)	Loss_VinDrCXR_rad15 cls 4.4784e-02 (4.4784e-02)	Loss_VinDrCXR_rad15 mse 6.3390e-02 (6.3390e-02)
Epoch: [10] Train_Loss_cls: 3.7932e-02 Train_Loss_mse: 7.4863e-02
Epoch: [10][ 0/17]	Time  8.276 ( 8.276)	Loss_VinDrCXR_rad16 cls 1.5356e-02 (1.5356e-02)	Loss_VinDrCXR_rad16 mse 6.8319e-02 (6.8319e-02)
Epoch: [10] Train_Loss_cls: 2.3153e-02 Train_Loss_mse: 6.9007e-02
Epoch: [10][0/8]	Time  9.728 ( 9.728)	Loss_VinDrCXR_rad17 cls 1.7300e-02 (1.7300e-02)	Loss_VinDrCXR_rad17 mse 4.7638e-02 (4.7638e-02)
Epoch: [10] Train_Loss_cls: 3.0757e-02 Train_Loss_mse: 5.4634e-02
Val_VinDrCXR_rad1: [ 0/30]	Time  7.037 ( 7.037)	Loss 6.8094e-01 (6.8094e-01)
Epoch 0010: avg_val_loss 0.27090, saving model to ./Models/swin_base_Ark_Finetune_17Rad/Ark_PlusArk_Finetune_17Rad/Ark_Finetune_17Rad/Ark_PlusArk_Finetune_17Rad
>>VinDrCXR_rad1 Disease = ['PE', 'Lung tumor', 'Pneumonia', 'Tuberculosis', 'Other diseases', 'No finding']
>>VinDrCXR_rad1:Student AUC = [0.9895	0.9197	0.9615	0.9658	0.8452	0.9521], 
Teacher AUC = [0.9899	0.9282	0.9631	0.967 	0.8465	0.9533]

>>VinDrCXR_rad1: Student mAUC = 0.9390, Teacher mAUC = 0.9414
Omni-pretraining stage: 
Student meanAUC = 
[[0.9468759507134883], [0.9454261264448013], [0.9389692516963958]] 
Teacher meanAUC = 
[[0.9468759507134883], [0.9460270675389304], [0.9413547485728361]]

Epoch: [11][ 0/20]	Time  8.458 ( 8.458)	Loss_VinDrCXR_rad1 cls 1.3957e-03 (1.3957e-03)	Loss_VinDrCXR_rad1 mse 4.9834e-02 (4.9834e-02)
Epoch: [11] Train_Loss_cls: 3.0978e-03 Train_Loss_mse: 4.6018e-02
Epoch: [11][ 0/32]	Time  8.748 ( 8.748)	Loss_VinDrCXR_rad2 cls 4.6813e-04 (4.6813e-04)	Loss_VinDrCXR_rad2 mse 5.1967e-02 (5.1967e-02)
Epoch: [11] Train_Loss_cls: 4.1390e-03 Train_Loss_mse: 4.8518e-02
Epoch: [11][ 0/23]	Time  9.316 ( 9.316)	Loss_VinDrCXR_rad3 cls 1.6307e-03 (1.6307e-03)	Loss_VinDrCXR_rad3 mse 5.2522e-02 (5.2522e-02)
Epoch: [11] Train_Loss_cls: 3.2641e-03 Train_Loss_mse: 4.4055e-02
Epoch: [11][ 0/16]	Time  8.426 ( 8.426)	Loss_VinDrCXR_rad4 cls 2.2608e-04 (2.2608e-04)	Loss_VinDrCXR_rad4 mse 3.4893e-02 (3.4893e-02)
Epoch: [11] Train_Loss_cls: 2.6213e-03 Train_Loss_mse: 3.7319e-02
Epoch: [11][ 0/28]	Time  9.878 ( 9.878)	Loss_VinDrCXR_rad5 cls 1.2655e-03 (1.2655e-03)	Loss_VinDrCXR_rad5 mse 4.3002e-02 (4.3002e-02)
Epoch: [11] Train_Loss_cls: 3.6121e-03 Train_Loss_mse: 4.0436e-02
Epoch: [11][ 0/21]	Time  8.538 ( 8.538)	Loss_VinDrCXR_rad6 cls 2.4584e-04 (2.4584e-04)	Loss_VinDrCXR_rad6 mse 3.1903e-02 (3.1903e-02)
Epoch: [11] Train_Loss_cls: 5.2131e-04 Train_Loss_mse: 4.1229e-02
Epoch: [11][ 0/18]	Time  8.179 ( 8.179)	Loss_VinDrCXR_rad7 cls 8.5046e-04 (8.5046e-04)	Loss_VinDrCXR_rad7 mse 3.3727e-02 (3.3727e-02)
Epoch: [11] Train_Loss_cls: 2.0036e-03 Train_Loss_mse: 3.9192e-02
Epoch: [11][ 0/66]	Time  9.709 ( 9.709)	Loss_VinDrCXR_rad8 cls 3.5285e-01 (3.5285e-01)	Loss_VinDrCXR_rad8 mse 1.5105e-01 (1.5105e-01)
Epoch: [11][50/66]	Time  0.978 ( 1.196)	Loss_VinDrCXR_rad8 cls 1.3789e-01 (1.2415e-01)	Loss_VinDrCXR_rad8 mse 1.4911e-01 (1.5882e-01)
Epoch: [11] Train_Loss_cls: 1.2056e-01 Train_Loss_mse: 1.5874e-01
Epoch: [11][ 0/62]	Time 10.316 (10.316)	Loss_VinDrCXR_rad9 cls 1.9289e-01 (1.9289e-01)	Loss_VinDrCXR_rad9 mse 1.4792e-01 (1.4792e-01)
Epoch: [11][50/62]	Time  0.979 ( 1.176)	Loss_VinDrCXR_rad9 cls 1.9315e-01 (1.6994e-01)	Loss_VinDrCXR_rad9 mse 2.0415e-01 (1.6313e-01)
Epoch: [11] Train_Loss_cls: 1.7257e-01 Train_Loss_mse: 1.6251e-01
Epoch: [11][ 0/65]	Time  8.806 ( 8.806)	Loss_VinDrCXR_rad10 cls 1.5081e-01 (1.5081e-01)	Loss_VinDrCXR_rad10 mse 1.1975e-01 (1.1975e-01)
Epoch: [11][50/65]	Time  0.976 ( 1.203)	Loss_VinDrCXR_rad10 cls 1.5380e-01 (1.2876e-01)	Loss_VinDrCXR_rad10 mse 1.3772e-01 (1.4683e-01)
Epoch: [11] Train_Loss_cls: 1.2840e-01 Train_Loss_mse: 1.4808e-01
Epoch: [11][ 0/16]	Time  8.944 ( 8.944)	Loss_VinDrCXR_rad11 cls 5.9731e-02 (5.9731e-02)	Loss_VinDrCXR_rad11 mse 1.2136e-01 (1.2136e-01)
Epoch: [11] Train_Loss_cls: 3.3643e-02 Train_Loss_mse: 8.5213e-02
Epoch: [11][ 0/17]	Time  8.713 ( 8.713)	Loss_VinDrCXR_rad12 cls 2.0354e-02 (2.0354e-02)	Loss_VinDrCXR_rad12 mse 1.0471e-01 (1.0471e-01)
Epoch: [11] Train_Loss_cls: 3.0025e-02 Train_Loss_mse: 7.9050e-02
Epoch: [11][ 0/17]	Time  8.237 ( 8.237)	Loss_VinDrCXR_rad13 cls 4.1419e-02 (4.1419e-02)	Loss_VinDrCXR_rad13 mse 8.0213e-02 (8.0213e-02)
Epoch: [11] Train_Loss_cls: 3.3405e-02 Train_Loss_mse: 7.8941e-02
Epoch: [11][ 0/15]	Time  8.438 ( 8.438)	Loss_VinDrCXR_rad14 cls 3.8290e-02 (3.8290e-02)	Loss_VinDrCXR_rad14 mse 7.1599e-02 (7.1599e-02)
Epoch: [11] Train_Loss_cls: 3.9532e-02 Train_Loss_mse: 7.4681e-02
Epoch: [11][ 0/17]	Time  8.382 ( 8.382)	Loss_VinDrCXR_rad15 cls 3.1015e-02 (3.1015e-02)	Loss_VinDrCXR_rad15 mse 7.9012e-02 (7.9012e-02)
Epoch: [11] Train_Loss_cls: 3.6486e-02 Train_Loss_mse: 6.8095e-02
Epoch: [11][ 0/17]	Time  8.515 ( 8.515)	Loss_VinDrCXR_rad16 cls 8.2939e-02 (8.2939e-02)	Loss_VinDrCXR_rad16 mse 1.1771e-01 (1.1771e-01)
Epoch: [11] Train_Loss_cls: 2.5047e-02 Train_Loss_mse: 6.8843e-02
Epoch: [11][0/8]	Time  8.839 ( 8.839)	Loss_VinDrCXR_rad17 cls 5.8256e-02 (5.8256e-02)	Loss_VinDrCXR_rad17 mse 5.4608e-02 (5.4608e-02)
Epoch: [11] Train_Loss_cls: 2.7173e-02 Train_Loss_mse: 5.4902e-02
Val_VinDrCXR_rad1: [ 0/30]	Time  8.390 ( 8.390)	Loss 6.6679e-01 (6.6679e-01)
Epoch 0011: avg_val_loss 0.27146, saving model to ./Models/swin_base_Ark_Finetune_17Rad/Ark_PlusArk_Finetune_17Rad/Ark_Finetune_17Rad/Ark_PlusArk_Finetune_17Rad
Epoch: [12][ 0/20]	Time  8.524 ( 8.524)	Loss_VinDrCXR_rad1 cls 1.2946e-02 (1.2946e-02)	Loss_VinDrCXR_rad1 mse 4.3749e-02 (4.3749e-02)
Epoch: [12] Train_Loss_cls: 2.9414e-03 Train_Loss_mse: 4.3979e-02
Epoch: [12][ 0/32]	Time  8.875 ( 8.875)	Loss_VinDrCXR_rad2 cls 7.6157e-04 (7.6157e-04)	Loss_VinDrCXR_rad2 mse 4.9342e-02 (4.9342e-02)
Epoch: [12] Train_Loss_cls: 4.6144e-03 Train_Loss_mse: 4.6173e-02
Epoch: [12][ 0/23]	Time  8.684 ( 8.684)	Loss_VinDrCXR_rad3 cls 7.0630e-04 (7.0630e-04)	Loss_VinDrCXR_rad3 mse 4.0421e-02 (4.0421e-02)
Epoch: [12] Train_Loss_cls: 2.0062e-03 Train_Loss_mse: 4.3009e-02
Epoch: [12][ 0/16]	Time  7.858 ( 7.858)	Loss_VinDrCXR_rad4 cls 1.6951e-04 (1.6951e-04)	Loss_VinDrCXR_rad4 mse 3.2824e-02 (3.2824e-02)
Epoch: [12] Train_Loss_cls: 2.4737e-03 Train_Loss_mse: 3.4768e-02
Epoch: [12][ 0/28]	Time  8.577 ( 8.577)	Loss_VinDrCXR_rad5 cls 1.9265e-04 (1.9265e-04)	Loss_VinDrCXR_rad5 mse 3.3433e-02 (3.3433e-02)
Epoch: [12] Train_Loss_cls: 3.8131e-03 Train_Loss_mse: 3.7503e-02
Epoch: [12][ 0/21]	Time  8.617 ( 8.617)	Loss_VinDrCXR_rad6 cls 3.8249e-03 (3.8249e-03)	Loss_VinDrCXR_rad6 mse 3.5368e-02 (3.5368e-02)
Epoch: [12] Train_Loss_cls: 6.4544e-04 Train_Loss_mse: 4.0236e-02
Epoch: [12][ 0/18]	Time  8.242 ( 8.242)	Loss_VinDrCXR_rad7 cls 2.5469e-04 (2.5469e-04)	Loss_VinDrCXR_rad7 mse 4.6822e-02 (4.6822e-02)
Epoch: [12] Train_Loss_cls: 2.1771e-03 Train_Loss_mse: 3.9137e-02
Epoch: [12][ 0/66]	Time  8.762 ( 8.762)	Loss_VinDrCXR_rad8 cls 3.4941e-01 (3.4941e-01)	Loss_VinDrCXR_rad8 mse 1.3785e-01 (1.3785e-01)
Epoch: [12][50/66]	Time  0.975 ( 1.178)	Loss_VinDrCXR_rad8 cls 1.1408e-01 (1.2808e-01)	Loss_VinDrCXR_rad8 mse 2.0333e-01 (1.5257e-01)
Epoch: [12] Train_Loss_cls: 1.2423e-01 Train_Loss_mse: 1.5323e-01
Epoch: [12][ 0/62]	Time  8.631 ( 8.631)	Loss_VinDrCXR_rad9 cls 1.8092e-01 (1.8092e-01)	Loss_VinDrCXR_rad9 mse 1.3375e-01 (1.3375e-01)
Epoch: [12][50/62]	Time  1.644 ( 1.190)	Loss_VinDrCXR_rad9 cls 1.3843e-01 (1.7634e-01)	Loss_VinDrCXR_rad9 mse 1.8341e-01 (1.5935e-01)
Epoch: [12] Train_Loss_cls: 1.7620e-01 Train_Loss_mse: 1.5843e-01
Epoch: [12][ 0/65]	Time  8.654 ( 8.654)	Loss_VinDrCXR_rad10 cls 1.2224e-01 (1.2224e-01)	Loss_VinDrCXR_rad10 mse 1.4577e-01 (1.4577e-01)
Epoch: [12][50/65]	Time  0.977 ( 1.157)	Loss_VinDrCXR_rad10 cls 1.2989e-01 (1.3166e-01)	Loss_VinDrCXR_rad10 mse 1.8621e-01 (1.5584e-01)
Epoch: [12] Train_Loss_cls: 1.3109e-01 Train_Loss_mse: 1.5502e-01
Epoch: [12][ 0/16]	Time  8.432 ( 8.432)	Loss_VinDrCXR_rad11 cls 2.9652e-02 (2.9652e-02)	Loss_VinDrCXR_rad11 mse 1.0076e-01 (1.0076e-01)
Epoch: [12] Train_Loss_cls: 3.0287e-02 Train_Loss_mse: 8.5584e-02
Epoch: [12][ 0/17]	Time  8.705 ( 8.705)	Loss_VinDrCXR_rad12 cls 4.3865e-02 (4.3865e-02)	Loss_VinDrCXR_rad12 mse 7.5066e-02 (7.5066e-02)
Epoch: [12] Train_Loss_cls: 2.3726e-02 Train_Loss_mse: 7.0574e-02
Epoch: [12][ 0/17]	Time  9.342 ( 9.342)	Loss_VinDrCXR_rad13 cls 3.6751e-02 (3.6751e-02)	Loss_VinDrCXR_rad13 mse 5.8700e-02 (5.8700e-02)
Epoch: [12] Train_Loss_cls: 3.2113e-02 Train_Loss_mse: 6.7210e-02
Epoch: [12][ 0/15]	Time  8.502 ( 8.502)	Loss_VinDrCXR_rad14 cls 4.6956e-02 (4.6956e-02)	Loss_VinDrCXR_rad14 mse 6.6566e-02 (6.6566e-02)
Epoch: [12] Train_Loss_cls: 4.0745e-02 Train_Loss_mse: 6.8085e-02
Epoch: [12][ 0/17]	Time  8.986 ( 8.986)	Loss_VinDrCXR_rad15 cls 4.6100e-02 (4.6100e-02)	Loss_VinDrCXR_rad15 mse 8.9573e-02 (8.9573e-02)
Epoch: [12] Train_Loss_cls: 3.3558e-02 Train_Loss_mse: 7.4446e-02
Epoch: [12][ 0/17]	Time  8.402 ( 8.402)	Loss_VinDrCXR_rad16 cls 1.5952e-02 (1.5952e-02)	Loss_VinDrCXR_rad16 mse 7.9834e-02 (7.9834e-02)
Epoch: [12] Train_Loss_cls: 2.4052e-02 Train_Loss_mse: 7.1426e-02
Epoch: [12][0/8]	Time  8.433 ( 8.433)	Loss_VinDrCXR_rad17 cls 2.1973e-02 (2.1973e-02)	Loss_VinDrCXR_rad17 mse 6.2934e-02 (6.2934e-02)
Epoch: [12] Train_Loss_cls: 2.1917e-02 Train_Loss_mse: 5.1869e-02
Val_VinDrCXR_rad1: [ 0/30]	Time  7.603 ( 7.603)	Loss 6.8408e-01 (6.8408e-01)
Epoch 0012: avg_val_loss 0.27737, saving model to ./Models/swin_base_Ark_Finetune_17Rad/Ark_PlusArk_Finetune_17Rad/Ark_Finetune_17Rad/Ark_PlusArk_Finetune_17Rad
Epoch: [13][ 0/20]	Time  8.062 ( 8.062)	Loss_VinDrCXR_rad1 cls 7.1703e-04 (7.1703e-04)	Loss_VinDrCXR_rad1 mse 4.7709e-02 (4.7709e-02)
Epoch: [13] Train_Loss_cls: 1.8628e-03 Train_Loss_mse: 4.4212e-02
Epoch: [13][ 0/32]	Time  8.479 ( 8.479)	Loss_VinDrCXR_rad2 cls 7.8154e-03 (7.8154e-03)	Loss_VinDrCXR_rad2 mse 5.8884e-02 (5.8884e-02)
Epoch: [13] Train_Loss_cls: 3.9682e-03 Train_Loss_mse: 4.9226e-02
Epoch: [13][ 0/23]	Time  8.381 ( 8.381)	Loss_VinDrCXR_rad3 cls 5.1156e-04 (5.1156e-04)	Loss_VinDrCXR_rad3 mse 5.3305e-02 (5.3305e-02)
Epoch: [13] Train_Loss_cls: 2.3469e-03 Train_Loss_mse: 4.3693e-02
Epoch: [13][ 0/16]	Time  8.618 ( 8.618)	Loss_VinDrCXR_rad4 cls 5.5934e-04 (5.5934e-04)	Loss_VinDrCXR_rad4 mse 4.1546e-02 (4.1546e-02)
Epoch: [13] Train_Loss_cls: 2.1082e-03 Train_Loss_mse: 3.8018e-02
Epoch: [13][ 0/28]	Time  9.214 ( 9.214)	Loss_VinDrCXR_rad5 cls 4.0554e-04 (4.0554e-04)	Loss_VinDrCXR_rad5 mse 4.5825e-02 (4.5825e-02)
Epoch: [13] Train_Loss_cls: 3.7715e-03 Train_Loss_mse: 4.1345e-02
Epoch: [13][ 0/21]	Time  9.689 ( 9.689)	Loss_VinDrCXR_rad6 cls 3.8195e-04 (3.8195e-04)	Loss_VinDrCXR_rad6 mse 5.6131e-02 (5.6131e-02)
Epoch: [13] Train_Loss_cls: 4.4976e-04 Train_Loss_mse: 4.3855e-02
Epoch: [13][ 0/18]	Time  8.323 ( 8.323)	Loss_VinDrCXR_rad7 cls 1.5707e-03 (1.5707e-03)	Loss_VinDrCXR_rad7 mse 3.0290e-02 (3.0290e-02)
Epoch: [13] Train_Loss_cls: 2.1513e-03 Train_Loss_mse: 3.9479e-02
Epoch: [13][ 0/66]	Time  8.675 ( 8.675)	Loss_VinDrCXR_rad8 cls 3.7347e-01 (3.7347e-01)	Loss_VinDrCXR_rad8 mse 1.7041e-01 (1.7041e-01)
Epoch: [13][50/66]	Time  0.975 ( 1.216)	Loss_VinDrCXR_rad8 cls 1.0079e-01 (1.3034e-01)	Loss_VinDrCXR_rad8 mse 1.3750e-01 (1.6312e-01)
Epoch: [13] Train_Loss_cls: 1.2675e-01 Train_Loss_mse: 1.6281e-01
Epoch: [13][ 0/62]	Time  8.690 ( 8.690)	Loss_VinDrCXR_rad9 cls 2.6107e-01 (2.6107e-01)	Loss_VinDrCXR_rad9 mse 1.8727e-01 (1.8727e-01)
Epoch: [13][50/62]	Time  0.975 ( 1.178)	Loss_VinDrCXR_rad9 cls 1.8221e-01 (1.7189e-01)	Loss_VinDrCXR_rad9 mse 1.8405e-01 (1.6586e-01)
Epoch: [13] Train_Loss_cls: 1.7002e-01 Train_Loss_mse: 1.6829e-01
Epoch: [13][ 0/65]	Time  8.392 ( 8.392)	Loss_VinDrCXR_rad10 cls 1.3656e-01 (1.3656e-01)	Loss_VinDrCXR_rad10 mse 1.2790e-01 (1.2790e-01)
Epoch: [13][50/65]	Time  0.975 ( 1.159)	Loss_VinDrCXR_rad10 cls 1.1617e-01 (1.2968e-01)	Loss_VinDrCXR_rad10 mse 1.2367e-01 (1.5265e-01)
Epoch: [13] Train_Loss_cls: 1.2843e-01 Train_Loss_mse: 1.5291e-01
Epoch: [13][ 0/16]	Time  8.507 ( 8.507)	Loss_VinDrCXR_rad11 cls 6.0528e-02 (6.0528e-02)	Loss_VinDrCXR_rad11 mse 1.1288e-01 (1.1288e-01)
Epoch: [13] Train_Loss_cls: 2.8743e-02 Train_Loss_mse: 7.8428e-02
Epoch: [13][ 0/17]	Time  8.779 ( 8.779)	Loss_VinDrCXR_rad12 cls 2.9945e-02 (2.9945e-02)	Loss_VinDrCXR_rad12 mse 6.6776e-02 (6.6776e-02)
Epoch: [13] Train_Loss_cls: 2.7665e-02 Train_Loss_mse: 6.9385e-02
Epoch: [13][ 0/17]	Time  8.595 ( 8.595)	Loss_VinDrCXR_rad13 cls 6.1119e-02 (6.1119e-02)	Loss_VinDrCXR_rad13 mse 8.9801e-02 (8.9801e-02)
Epoch: [13] Train_Loss_cls: 3.1664e-02 Train_Loss_mse: 7.1964e-02
Epoch: [13][ 0/15]	Time  8.936 ( 8.936)	Loss_VinDrCXR_rad14 cls 5.4077e-02 (5.4077e-02)	Loss_VinDrCXR_rad14 mse 8.9011e-02 (8.9011e-02)
Epoch: [13] Train_Loss_cls: 3.9624e-02 Train_Loss_mse: 7.5899e-02
Epoch: [13][ 0/17]	Time  9.389 ( 9.389)	Loss_VinDrCXR_rad15 cls 4.8906e-02 (4.8906e-02)	Loss_VinDrCXR_rad15 mse 7.9087e-02 (7.9087e-02)
Epoch: [13] Train_Loss_cls: 3.5863e-02 Train_Loss_mse: 7.2259e-02
Epoch: [13][ 0/17]	Time  8.282 ( 8.282)	Loss_VinDrCXR_rad16 cls 2.2288e-02 (2.2288e-02)	Loss_VinDrCXR_rad16 mse 8.3759e-02 (8.3759e-02)
Epoch: [13] Train_Loss_cls: 2.4189e-02 Train_Loss_mse: 7.1556e-02
Epoch: [13][0/8]	Time  8.258 ( 8.258)	Loss_VinDrCXR_rad17 cls 1.4416e-02 (1.4416e-02)	Loss_VinDrCXR_rad17 mse 5.0752e-02 (5.0752e-02)
Epoch: [13] Train_Loss_cls: 2.8360e-02 Train_Loss_mse: 5.7020e-02
Val_VinDrCXR_rad1: [ 0/30]	Time  7.006 ( 7.006)	Loss 7.3960e-01 (7.3960e-01)
Epoch 0013: avg_val_loss 0.28537, saving model to ./Models/swin_base_Ark_Finetune_17Rad/Ark_PlusArk_Finetune_17Rad/Ark_Finetune_17Rad/Ark_PlusArk_Finetune_17Rad
Epoch: [14][ 0/20]	Time  8.967 ( 8.967)	Loss_VinDrCXR_rad1 cls 3.3200e-03 (3.3200e-03)	Loss_VinDrCXR_rad1 mse 5.2908e-02 (5.2908e-02)
Epoch: [14] Train_Loss_cls: 2.1251e-03 Train_Loss_mse: 4.4192e-02
Epoch: [14][ 0/32]	Time  8.667 ( 8.667)	Loss_VinDrCXR_rad2 cls 1.1925e-03 (1.1925e-03)	Loss_VinDrCXR_rad2 mse 4.8606e-02 (4.8606e-02)
Epoch: [14] Train_Loss_cls: 4.2930e-03 Train_Loss_mse: 4.7053e-02
Epoch: [14][ 0/23]	Time  8.471 ( 8.471)	Loss_VinDrCXR_rad3 cls 3.4936e-04 (3.4936e-04)	Loss_VinDrCXR_rad3 mse 4.3960e-02 (4.3960e-02)
Epoch: [14] Train_Loss_cls: 2.3689e-03 Train_Loss_mse: 4.4291e-02
Epoch: [14][ 0/16]	Time  8.903 ( 8.903)	Loss_VinDrCXR_rad4 cls 2.7800e-04 (2.7800e-04)	Loss_VinDrCXR_rad4 mse 3.1978e-02 (3.1978e-02)
Epoch: [14] Train_Loss_cls: 2.3127e-03 Train_Loss_mse: 3.7080e-02
Epoch: [14][ 0/28]	Time  8.259 ( 8.259)	Loss_VinDrCXR_rad5 cls 3.9162e-02 (3.9162e-02)	Loss_VinDrCXR_rad5 mse 3.5103e-02 (3.5103e-02)
Epoch: [14] Train_Loss_cls: 3.9951e-03 Train_Loss_mse: 4.0542e-02
Epoch: [14][ 0/21]	Time  8.725 ( 8.725)	Loss_VinDrCXR_rad6 cls 5.9251e-04 (5.9251e-04)	Loss_VinDrCXR_rad6 mse 3.5220e-02 (3.5220e-02)
Epoch: [14] Train_Loss_cls: 5.5391e-04 Train_Loss_mse: 4.1622e-02
Epoch: [14][ 0/18]	Time  9.077 ( 9.077)	Loss_VinDrCXR_rad7 cls 2.9822e-04 (2.9822e-04)	Loss_VinDrCXR_rad7 mse 3.2595e-02 (3.2595e-02)
Epoch: [14] Train_Loss_cls: 1.9380e-03 Train_Loss_mse: 3.9243e-02
Epoch: [14][ 0/66]	Time  9.022 ( 9.022)	Loss_VinDrCXR_rad8 cls 3.9515e-01 (3.9515e-01)	Loss_VinDrCXR_rad8 mse 2.2151e-01 (2.2151e-01)
Epoch: [14][50/66]	Time  0.975 ( 1.169)	Loss_VinDrCXR_rad8 cls 1.2189e-01 (1.2462e-01)	Loss_VinDrCXR_rad8 mse 1.4925e-01 (1.5850e-01)
Epoch: [14] Train_Loss_cls: 1.1976e-01 Train_Loss_mse: 1.5709e-01
Epoch: [14][ 0/62]	Time  8.546 ( 8.546)	Loss_VinDrCXR_rad9 cls 1.5640e-01 (1.5640e-01)	Loss_VinDrCXR_rad9 mse 1.3186e-01 (1.3186e-01)
Epoch: [14][50/62]	Time  0.975 ( 1.165)	Loss_VinDrCXR_rad9 cls 1.2795e-01 (1.6868e-01)	Loss_VinDrCXR_rad9 mse 1.4272e-01 (1.6538e-01)
Epoch: [14] Train_Loss_cls: 1.6880e-01 Train_Loss_mse: 1.6621e-01
Epoch: [14][ 0/65]	Time  8.927 ( 8.927)	Loss_VinDrCXR_rad10 cls 1.7999e-01 (1.7999e-01)	Loss_VinDrCXR_rad10 mse 1.5383e-01 (1.5383e-01)
Epoch: [14][50/65]	Time  0.975 ( 1.157)	Loss_VinDrCXR_rad10 cls 1.3711e-01 (1.2766e-01)	Loss_VinDrCXR_rad10 mse 1.3715e-01 (1.5160e-01)
Epoch: [14] Train_Loss_cls: 1.2559e-01 Train_Loss_mse: 1.5200e-01
Epoch: [14][ 0/16]	Time  8.626 ( 8.626)	Loss_VinDrCXR_rad11 cls 6.0350e-02 (6.0350e-02)	Loss_VinDrCXR_rad11 mse 1.0069e-01 (1.0069e-01)
Epoch: [14] Train_Loss_cls: 3.0507e-02 Train_Loss_mse: 7.4254e-02
Epoch: [14][ 0/17]	Time  8.843 ( 8.843)	Loss_VinDrCXR_rad12 cls 1.8634e-02 (1.8634e-02)	Loss_VinDrCXR_rad12 mse 7.1248e-02 (7.1248e-02)
Epoch: [14] Train_Loss_cls: 2.6263e-02 Train_Loss_mse: 7.1453e-02
Epoch: [14][ 0/17]	Time  9.081 ( 9.081)	Loss_VinDrCXR_rad13 cls 5.3129e-02 (5.3129e-02)	Loss_VinDrCXR_rad13 mse 9.7155e-02 (9.7155e-02)
Epoch: [14] Train_Loss_cls: 3.7774e-02 Train_Loss_mse: 7.8033e-02
Epoch: [14][ 0/15]	Time  8.732 ( 8.732)	Loss_VinDrCXR_rad14 cls 1.4476e-02 (1.4476e-02)	Loss_VinDrCXR_rad14 mse 7.0656e-02 (7.0656e-02)
Epoch: [14] Train_Loss_cls: 4.2039e-02 Train_Loss_mse: 8.0809e-02
Epoch: [14][ 0/17]	Time  8.352 ( 8.352)	Loss_VinDrCXR_rad15 cls 2.5813e-02 (2.5813e-02)	Loss_VinDrCXR_rad15 mse 7.5510e-02 (7.5510e-02)
Epoch: [14] Train_Loss_cls: 3.5218e-02 Train_Loss_mse: 7.1096e-02
Epoch: [14][ 0/17]	Time  8.934 ( 8.934)	Loss_VinDrCXR_rad16 cls 2.1491e-02 (2.1491e-02)	Loss_VinDrCXR_rad16 mse 9.1166e-02 (9.1166e-02)
Epoch: [14] Train_Loss_cls: 2.5067e-02 Train_Loss_mse: 7.5154e-02
Epoch: [14][0/8]	Time  8.479 ( 8.479)	Loss_VinDrCXR_rad17 cls 6.5632e-02 (6.5632e-02)	Loss_VinDrCXR_rad17 mse 6.2591e-02 (6.2591e-02)
Epoch: [14] Train_Loss_cls: 2.9065e-02 Train_Loss_mse: 5.3523e-02
Val_VinDrCXR_rad1: [ 0/30]	Time  7.724 ( 7.724)	Loss 7.7600e-01 (7.7600e-01)
Epoch 0014: avg_val_loss 0.30353, saving model to ./Models/swin_base_Ark_Finetune_17Rad/Ark_PlusArk_Finetune_17Rad/Ark_Finetune_17Rad/Ark_PlusArk_Finetune_17Rad
Epoch: [15][ 0/20]	Time  8.293 ( 8.293)	Loss_VinDrCXR_rad1 cls 1.1668e-03 (1.1668e-03)	Loss_VinDrCXR_rad1 mse 4.8047e-02 (4.8047e-02)
Epoch: [15] Train_Loss_cls: 2.4579e-03 Train_Loss_mse: 4.6415e-02
Epoch: [15][ 0/32]	Time  8.832 ( 8.832)	Loss_VinDrCXR_rad2 cls 1.5270e-02 (1.5270e-02)	Loss_VinDrCXR_rad2 mse 6.3891e-02 (6.3891e-02)
Epoch: [15] Train_Loss_cls: 4.1679e-03 Train_Loss_mse: 4.8275e-02
Epoch: [15][ 0/23]	Time  8.258 ( 8.258)	Loss_VinDrCXR_rad3 cls 5.3929e-03 (5.3929e-03)	Loss_VinDrCXR_rad3 mse 4.0514e-02 (4.0514e-02)
Epoch: [15] Train_Loss_cls: 1.5278e-03 Train_Loss_mse: 4.2710e-02
Epoch: [15][ 0/16]	Time  8.493 ( 8.493)	Loss_VinDrCXR_rad4 cls 2.6026e-04 (2.6026e-04)	Loss_VinDrCXR_rad4 mse 4.4442e-02 (4.4442e-02)
Epoch: [15] Train_Loss_cls: 2.0863e-03 Train_Loss_mse: 3.7965e-02
Epoch: [15][ 0/28]	Time  8.210 ( 8.210)	Loss_VinDrCXR_rad5 cls 3.3497e-02 (3.3497e-02)	Loss_VinDrCXR_rad5 mse 3.3818e-02 (3.3818e-02)
Epoch: [15] Train_Loss_cls: 3.8210e-03 Train_Loss_mse: 3.8973e-02
Epoch: [15][ 0/21]	Time  8.153 ( 8.153)	Loss_VinDrCXR_rad6 cls 3.5656e-04 (3.5656e-04)	Loss_VinDrCXR_rad6 mse 5.3282e-02 (5.3282e-02)
Epoch: [15] Train_Loss_cls: 5.2489e-04 Train_Loss_mse: 4.2542e-02
Epoch: [15][ 0/18]	Time  9.592 ( 9.592)	Loss_VinDrCXR_rad7 cls 1.8585e-02 (1.8585e-02)	Loss_VinDrCXR_rad7 mse 3.2973e-02 (3.2973e-02)
Epoch: [15] Train_Loss_cls: 2.0654e-03 Train_Loss_mse: 3.8677e-02
Epoch: [15][ 0/66]	Time  8.819 ( 8.819)	Loss_VinDrCXR_rad8 cls 4.0891e-01 (4.0891e-01)	Loss_VinDrCXR_rad8 mse 1.9792e-01 (1.9792e-01)
Epoch: [15][50/66]	Time  0.975 ( 1.163)	Loss_VinDrCXR_rad8 cls 1.4081e-01 (1.2967e-01)	Loss_VinDrCXR_rad8 mse 1.8804e-01 (1.6411e-01)
Epoch: [15] Train_Loss_cls: 1.2340e-01 Train_Loss_mse: 1.6540e-01
Epoch: [15][ 0/62]	Time  8.404 ( 8.404)	Loss_VinDrCXR_rad9 cls 1.7898e-01 (1.7898e-01)	Loss_VinDrCXR_rad9 mse 1.5873e-01 (1.5873e-01)
Epoch: [15][50/62]	Time  0.979 ( 1.211)	Loss_VinDrCXR_rad9 cls 2.3744e-01 (1.7332e-01)	Loss_VinDrCXR_rad9 mse 2.6573e-01 (1.7866e-01)
Epoch: [15] Train_Loss_cls: 1.7185e-01 Train_Loss_mse: 1.7769e-01
Epoch: [15][ 0/65]	Time  9.214 ( 9.214)	Loss_VinDrCXR_rad10 cls 1.5505e-01 (1.5505e-01)	Loss_VinDrCXR_rad10 mse 1.5851e-01 (1.5851e-01)
Epoch: [15][50/65]	Time  0.975 ( 1.182)	Loss_VinDrCXR_rad10 cls 1.3989e-01 (1.2743e-01)	Loss_VinDrCXR_rad10 mse 1.2209e-01 (1.5946e-01)
Epoch: [15] Train_Loss_cls: 1.2838e-01 Train_Loss_mse: 1.6016e-01
Epoch: [15][ 0/16]	Time  8.676 ( 8.676)	Loss_VinDrCXR_rad11 cls 6.1356e-02 (6.1356e-02)	Loss_VinDrCXR_rad11 mse 1.1483e-01 (1.1483e-01)
Epoch: [15] Train_Loss_cls: 3.4424e-02 Train_Loss_mse: 9.2104e-02
Epoch: [15][ 0/17]	Time  9.081 ( 9.081)	Loss_VinDrCXR_rad12 cls 2.0168e-02 (2.0168e-02)	Loss_VinDrCXR_rad12 mse 1.0084e-01 (1.0084e-01)
Epoch: [15] Train_Loss_cls: 2.4221e-02 Train_Loss_mse: 7.7869e-02
Epoch: [15][ 0/17]	Time  8.281 ( 8.281)	Loss_VinDrCXR_rad13 cls 6.6081e-02 (6.6081e-02)	Loss_VinDrCXR_rad13 mse 7.5324e-02 (7.5324e-02)
Epoch: [15] Train_Loss_cls: 3.6474e-02 Train_Loss_mse: 7.7212e-02
Epoch: [15][ 0/15]	Time  8.360 ( 8.360)	Loss_VinDrCXR_rad14 cls 3.1318e-02 (3.1318e-02)	Loss_VinDrCXR_rad14 mse 8.6949e-02 (8.6949e-02)
Epoch: [15] Train_Loss_cls: 3.7252e-02 Train_Loss_mse: 7.2642e-02
Epoch: [15][ 0/17]	Time  8.552 ( 8.552)	Loss_VinDrCXR_rad15 cls 2.0810e-02 (2.0810e-02)	Loss_VinDrCXR_rad15 mse 7.6248e-02 (7.6248e-02)
Epoch: [15] Train_Loss_cls: 3.7013e-02 Train_Loss_mse: 7.1059e-02
Epoch: [15][ 0/17]	Time  8.814 ( 8.814)	Loss_VinDrCXR_rad16 cls 3.2229e-02 (3.2229e-02)	Loss_VinDrCXR_rad16 mse 8.2720e-02 (8.2720e-02)
Epoch: [15] Train_Loss_cls: 2.4029e-02 Train_Loss_mse: 7.0311e-02
Epoch: [15][0/8]	Time  8.867 ( 8.867)	Loss_VinDrCXR_rad17 cls 3.5361e-02 (3.5361e-02)	Loss_VinDrCXR_rad17 mse 4.6025e-02 (4.6025e-02)
Epoch: [15] Train_Loss_cls: 2.6362e-02 Train_Loss_mse: 5.8800e-02
Val_VinDrCXR_rad1: [ 0/30]	Time  7.204 ( 7.204)	Loss 7.1055e-01 (7.1055e-01)
Epoch 0015: avg_val_loss 0.28505, saving model to ./Models/swin_base_Ark_Finetune_17Rad/Ark_PlusArk_Finetune_17Rad/Ark_Finetune_17Rad/Ark_PlusArk_Finetune_17Rad
Epoch: [16][ 0/20]	Time  8.729 ( 8.729)	Loss_VinDrCXR_rad1 cls 2.5106e-03 (2.5106e-03)	Loss_VinDrCXR_rad1 mse 4.6173e-02 (4.6173e-02)
Epoch: [16] Train_Loss_cls: 2.2835e-03 Train_Loss_mse: 4.5080e-02
Epoch: [16][ 0/32]	Time  8.595 ( 8.595)	Loss_VinDrCXR_rad2 cls 4.7933e-04 (4.7933e-04)	Loss_VinDrCXR_rad2 mse 3.9200e-02 (3.9200e-02)
Epoch: [16] Train_Loss_cls: 4.1444e-03 Train_Loss_mse: 4.8216e-02
Epoch: [16][ 0/23]	Time  8.597 ( 8.597)	Loss_VinDrCXR_rad3 cls 6.4614e-04 (6.4614e-04)	Loss_VinDrCXR_rad3 mse 3.9843e-02 (3.9843e-02)
Epoch: [16] Train_Loss_cls: 1.7378e-03 Train_Loss_mse: 4.3066e-02
Epoch: [16][ 0/16]	Time  8.478 ( 8.478)	Loss_VinDrCXR_rad4 cls 8.8942e-04 (8.8942e-04)	Loss_VinDrCXR_rad4 mse 4.5654e-02 (4.5654e-02)
Epoch: [16] Train_Loss_cls: 2.4565e-03 Train_Loss_mse: 3.8065e-02
Epoch: [16][ 0/28]	Time  8.088 ( 8.088)	Loss_VinDrCXR_rad5 cls 3.8135e-04 (3.8135e-04)	Loss_VinDrCXR_rad5 mse 4.6818e-02 (4.6818e-02)
Epoch: [16] Train_Loss_cls: 3.9892e-03 Train_Loss_mse: 3.9816e-02
Epoch: [16][ 0/21]	Time  8.264 ( 8.264)	Loss_VinDrCXR_rad6 cls 4.3099e-04 (4.3099e-04)	Loss_VinDrCXR_rad6 mse 3.6297e-02 (3.6297e-02)
Epoch: [16] Train_Loss_cls: 3.8319e-04 Train_Loss_mse: 4.1100e-02
Epoch: [16][ 0/18]	Time  8.394 ( 8.394)	Loss_VinDrCXR_rad7 cls 3.1936e-04 (3.1936e-04)	Loss_VinDrCXR_rad7 mse 3.3278e-02 (3.3278e-02)
Epoch: [16] Train_Loss_cls: 1.9595e-03 Train_Loss_mse: 4.1224e-02
Epoch: [16][ 0/66]	Time  8.602 ( 8.602)	Loss_VinDrCXR_rad8 cls 2.6071e-01 (2.6071e-01)	Loss_VinDrCXR_rad8 mse 1.4612e-01 (1.4612e-01)
Epoch: [16][50/66]	Time  0.975 ( 1.198)	Loss_VinDrCXR_rad8 cls 8.8682e-02 (1.2001e-01)	Loss_VinDrCXR_rad8 mse 1.4463e-01 (1.5608e-01)
Epoch: [16] Train_Loss_cls: 1.1744e-01 Train_Loss_mse: 1.5650e-01
Epoch: [16][ 0/62]	Time  8.953 ( 8.953)	Loss_VinDrCXR_rad9 cls 1.8659e-01 (1.8659e-01)	Loss_VinDrCXR_rad9 mse 1.4520e-01 (1.4520e-01)
Epoch: [16][50/62]	Time  0.977 ( 1.183)	Loss_VinDrCXR_rad9 cls 1.6742e-01 (1.7186e-01)	Loss_VinDrCXR_rad9 mse 1.5128e-01 (1.7155e-01)
Epoch: [16] Train_Loss_cls: 1.7033e-01 Train_Loss_mse: 1.7194e-01
Epoch: [16][ 0/65]	Time  8.955 ( 8.955)	Loss_VinDrCXR_rad10 cls 1.4240e-01 (1.4240e-01)	Loss_VinDrCXR_rad10 mse 2.0685e-01 (2.0685e-01)
Epoch: [16][50/65]	Time  1.099 ( 1.151)	Loss_VinDrCXR_rad10 cls 1.5780e-01 (1.3004e-01)	Loss_VinDrCXR_rad10 mse 1.3384e-01 (1.6256e-01)
Epoch: [16] Train_Loss_cls: 1.2963e-01 Train_Loss_mse: 1.6084e-01
Epoch: [16][ 0/16]	Time  8.886 ( 8.886)	Loss_VinDrCXR_rad11 cls 4.0908e-02 (4.0908e-02)	Loss_VinDrCXR_rad11 mse 1.0497e-01 (1.0497e-01)
Epoch: [16] Train_Loss_cls: 2.8979e-02 Train_Loss_mse: 8.2821e-02
Epoch: [16][ 0/17]	Time  9.343 ( 9.343)	Loss_VinDrCXR_rad12 cls 1.4907e-02 (1.4907e-02)	Loss_VinDrCXR_rad12 mse 8.9424e-02 (8.9424e-02)
Epoch: [16] Train_Loss_cls: 2.6017e-02 Train_Loss_mse: 7.2720e-02
Epoch: [16][ 0/17]	Time  8.419 ( 8.419)	Loss_VinDrCXR_rad13 cls 1.6365e-02 (1.6365e-02)	Loss_VinDrCXR_rad13 mse 8.0273e-02 (8.0273e-02)
Epoch: [16] Train_Loss_cls: 2.8334e-02 Train_Loss_mse: 7.5050e-02
Epoch: [16][ 0/15]	Time  8.585 ( 8.585)	Loss_VinDrCXR_rad14 cls 5.0205e-02 (5.0205e-02)	Loss_VinDrCXR_rad14 mse 7.7970e-02 (7.7970e-02)
Epoch: [16] Train_Loss_cls: 3.6843e-02 Train_Loss_mse: 7.3436e-02
Epoch: [16][ 0/17]	Time  8.276 ( 8.276)	Loss_VinDrCXR_rad15 cls 4.0869e-02 (4.0869e-02)	Loss_VinDrCXR_rad15 mse 7.3392e-02 (7.3392e-02)
Epoch: [16] Train_Loss_cls: 3.7604e-02 Train_Loss_mse: 7.4507e-02
Epoch: [16][ 0/17]	Time  8.382 ( 8.382)	Loss_VinDrCXR_rad16 cls 1.8752e-02 (1.8752e-02)	Loss_VinDrCXR_rad16 mse 7.2692e-02 (7.2692e-02)
Epoch: [16] Train_Loss_cls: 2.3626e-02 Train_Loss_mse: 7.5956e-02
Epoch: [16][0/8]	Time  8.226 ( 8.226)	Loss_VinDrCXR_rad17 cls 5.8186e-02 (5.8186e-02)	Loss_VinDrCXR_rad17 mse 5.6963e-02 (5.6963e-02)
Epoch: [16] Train_Loss_cls: 2.6106e-02 Train_Loss_mse: 5.4440e-02
Val_VinDrCXR_rad1: [ 0/30]	Time  7.291 ( 7.291)	Loss 7.1700e-01 (7.1700e-01)
Epoch 0016: avg_val_loss 0.28862, saving model to ./Models/swin_base_Ark_Finetune_17Rad/Ark_PlusArk_Finetune_17Rad/Ark_Finetune_17Rad/Ark_PlusArk_Finetune_17Rad
Epoch: [17][ 0/20]	Time  8.662 ( 8.662)	Loss_VinDrCXR_rad1 cls 1.5708e-03 (1.5708e-03)	Loss_VinDrCXR_rad1 mse 5.1076e-02 (5.1076e-02)
Epoch: [17] Train_Loss_cls: 2.4029e-03 Train_Loss_mse: 4.5795e-02
Epoch: [17][ 0/32]	Time 10.046 (10.046)	Loss_VinDrCXR_rad2 cls 1.3537e-02 (1.3537e-02)	Loss_VinDrCXR_rad2 mse 4.0187e-02 (4.0187e-02)
Epoch: [17] Train_Loss_cls: 4.2335e-03 Train_Loss_mse: 4.7795e-02
Epoch: [17][ 0/23]	Time  8.503 ( 8.503)	Loss_VinDrCXR_rad3 cls 2.4261e-04 (2.4261e-04)	Loss_VinDrCXR_rad3 mse 4.3811e-02 (4.3811e-02)
Epoch: [17] Train_Loss_cls: 1.2765e-03 Train_Loss_mse: 4.4125e-02
Epoch: [17][ 0/16]	Time  8.879 ( 8.879)	Loss_VinDrCXR_rad4 cls 2.5084e-04 (2.5084e-04)	Loss_VinDrCXR_rad4 mse 3.6931e-02 (3.6931e-02)
Epoch: [17] Train_Loss_cls: 2.4242e-03 Train_Loss_mse: 3.8598e-02
Epoch: [17][ 0/28]	Time  8.399 ( 8.399)	Loss_VinDrCXR_rad5 cls 3.7361e-04 (3.7361e-04)	Loss_VinDrCXR_rad5 mse 3.4346e-02 (3.4346e-02)
Epoch: [17] Train_Loss_cls: 3.5796e-03 Train_Loss_mse: 4.0281e-02
Epoch: [17][ 0/21]	Time  8.309 ( 8.309)	Loss_VinDrCXR_rad6 cls 3.2720e-04 (3.2720e-04)	Loss_VinDrCXR_rad6 mse 5.1821e-02 (5.1821e-02)
Epoch: [17] Train_Loss_cls: 6.9588e-04 Train_Loss_mse: 4.3738e-02
Epoch: [17][ 0/18]	Time  8.937 ( 8.937)	Loss_VinDrCXR_rad7 cls 1.3750e-03 (1.3750e-03)	Loss_VinDrCXR_rad7 mse 3.6822e-02 (3.6822e-02)
Epoch: [17] Train_Loss_cls: 1.9664e-03 Train_Loss_mse: 3.9025e-02
Epoch: [17][ 0/66]	Time  8.623 ( 8.623)	Loss_VinDrCXR_rad8 cls 3.4188e-01 (3.4188e-01)	Loss_VinDrCXR_rad8 mse 1.4915e-01 (1.4915e-01)
Epoch: [17][50/66]	Time  0.976 ( 1.214)	Loss_VinDrCXR_rad8 cls 1.2005e-01 (1.2185e-01)	Loss_VinDrCXR_rad8 mse 2.3740e-01 (1.7087e-01)
Epoch: [17] Train_Loss_cls: 1.1798e-01 Train_Loss_mse: 1.6545e-01
Epoch: [17][ 0/62]	Time  8.522 ( 8.522)	Loss_VinDrCXR_rad9 cls 2.1341e-01 (2.1341e-01)	Loss_VinDrCXR_rad9 mse 1.5818e-01 (1.5818e-01)
Epoch: [17][50/62]	Time  0.978 ( 1.191)	Loss_VinDrCXR_rad9 cls 1.9367e-01 (1.6845e-01)	Loss_VinDrCXR_rad9 mse 1.8364e-01 (1.6707e-01)
Epoch: [17] Train_Loss_cls: 1.6876e-01 Train_Loss_mse: 1.6617e-01
Epoch: [17][ 0/65]	Time  8.995 ( 8.995)	Loss_VinDrCXR_rad10 cls 1.1012e-01 (1.1012e-01)	Loss_VinDrCXR_rad10 mse 1.3311e-01 (1.3311e-01)
Epoch: [17][50/65]	Time  0.975 ( 1.220)	Loss_VinDrCXR_rad10 cls 1.2670e-01 (1.2733e-01)	Loss_VinDrCXR_rad10 mse 1.8098e-01 (1.6099e-01)
Epoch: [17] Train_Loss_cls: 1.2705e-01 Train_Loss_mse: 1.5875e-01
Epoch: [17][ 0/16]	Time  8.716 ( 8.716)	Loss_VinDrCXR_rad11 cls 3.8104e-02 (3.8104e-02)	Loss_VinDrCXR_rad11 mse 1.1942e-01 (1.1942e-01)
Epoch: [17] Train_Loss_cls: 2.9540e-02 Train_Loss_mse: 8.4551e-02
Epoch: [17][ 0/17]	Time  8.606 ( 8.606)	Loss_VinDrCXR_rad12 cls 2.2647e-02 (2.2647e-02)	Loss_VinDrCXR_rad12 mse 6.9156e-02 (6.9156e-02)
Epoch: [17] Train_Loss_cls: 2.6808e-02 Train_Loss_mse: 7.6920e-02
Epoch: [17][ 0/17]	Time  8.949 ( 8.949)	Loss_VinDrCXR_rad13 cls 3.5307e-02 (3.5307e-02)	Loss_VinDrCXR_rad13 mse 7.5586e-02 (7.5586e-02)
Epoch: [17] Train_Loss_cls: 3.3668e-02 Train_Loss_mse: 8.2369e-02
Epoch: [17][ 0/15]	Time  8.818 ( 8.818)	Loss_VinDrCXR_rad14 cls 5.3957e-02 (5.3957e-02)	Loss_VinDrCXR_rad14 mse 9.0123e-02 (9.0123e-02)
Epoch: [17] Train_Loss_cls: 3.8420e-02 Train_Loss_mse: 7.6247e-02
Epoch: [17][ 0/17]	Time  8.571 ( 8.571)	Loss_VinDrCXR_rad15 cls 3.6284e-02 (3.6284e-02)	Loss_VinDrCXR_rad15 mse 8.7288e-02 (8.7288e-02)
Epoch: [17] Train_Loss_cls: 3.3531e-02 Train_Loss_mse: 7.4947e-02
Epoch: [17][ 0/17]	Time  8.872 ( 8.872)	Loss_VinDrCXR_rad16 cls 1.7631e-02 (1.7631e-02)	Loss_VinDrCXR_rad16 mse 6.9737e-02 (6.9737e-02)
Epoch: [17] Train_Loss_cls: 2.4459e-02 Train_Loss_mse: 7.8227e-02
Epoch: [17][0/8]	Time  8.377 ( 8.377)	Loss_VinDrCXR_rad17 cls 1.1903e-02 (1.1903e-02)	Loss_VinDrCXR_rad17 mse 5.8553e-02 (5.8553e-02)
Epoch: [17] Train_Loss_cls: 2.6205e-02 Train_Loss_mse: 6.1463e-02
Val_VinDrCXR_rad1: [ 0/30]	Time  7.147 ( 7.147)	Loss 7.1444e-01 (7.1444e-01)
Epoch 0017: avg_val_loss 0.29284, saving model to ./Models/swin_base_Ark_Finetune_17Rad/Ark_PlusArk_Finetune_17Rad/Ark_Finetune_17Rad/Ark_PlusArk_Finetune_17Rad
Epoch: [18][ 0/20]	Time  8.535 ( 8.535)	Loss_VinDrCXR_rad1 cls 5.5612e-03 (5.5612e-03)	Loss_VinDrCXR_rad1 mse 6.0529e-02 (6.0529e-02)
Epoch: [18] Train_Loss_cls: 2.7056e-03 Train_Loss_mse: 4.8981e-02
Epoch: [18][ 0/32]	Time  8.594 ( 8.594)	Loss_VinDrCXR_rad2 cls 2.7219e-02 (2.7219e-02)	Loss_VinDrCXR_rad2 mse 4.8554e-02 (4.8554e-02)
Epoch: [18] Train_Loss_cls: 3.8888e-03 Train_Loss_mse: 4.8216e-02
Epoch: [18][ 0/23]	Time  8.328 ( 8.328)	Loss_VinDrCXR_rad3 cls 3.4215e-04 (3.4215e-04)	Loss_VinDrCXR_rad3 mse 4.6405e-02 (4.6405e-02)
Epoch: [18] Train_Loss_cls: 2.1483e-03 Train_Loss_mse: 4.3778e-02
Epoch: [18][ 0/16]	Time  8.290 ( 8.290)	Loss_VinDrCXR_rad4 cls 1.3246e-02 (1.3246e-02)	Loss_VinDrCXR_rad4 mse 3.6513e-02 (3.6513e-02)
Epoch: [18] Train_Loss_cls: 2.0778e-03 Train_Loss_mse: 3.8921e-02
Epoch: [18][ 0/28]	Time  8.421 ( 8.421)	Loss_VinDrCXR_rad5 cls 1.5866e-04 (1.5866e-04)	Loss_VinDrCXR_rad5 mse 3.8576e-02 (3.8576e-02)
Epoch: [18] Train_Loss_cls: 3.3602e-03 Train_Loss_mse: 4.1839e-02
Epoch: [18][ 0/21]	Time  8.573 ( 8.573)	Loss_VinDrCXR_rad6 cls 3.2312e-04 (3.2312e-04)	Loss_VinDrCXR_rad6 mse 4.4487e-02 (4.4487e-02)
Epoch: [18] Train_Loss_cls: 5.8730e-04 Train_Loss_mse: 4.6246e-02
Epoch: [18][ 0/18]	Time  9.130 ( 9.130)	Loss_VinDrCXR_rad7 cls 2.0163e-04 (2.0163e-04)	Loss_VinDrCXR_rad7 mse 4.6803e-02 (4.6803e-02)
Epoch: [18] Train_Loss_cls: 2.0893e-03 Train_Loss_mse: 4.0379e-02
Epoch: [18][ 0/66]	Time  8.966 ( 8.966)	Loss_VinDrCXR_rad8 cls 3.2729e-01 (3.2729e-01)	Loss_VinDrCXR_rad8 mse 2.1580e-01 (2.1580e-01)
Epoch: [18][50/66]	Time  0.979 ( 1.232)	Loss_VinDrCXR_rad8 cls 1.0798e-01 (1.1908e-01)	Loss_VinDrCXR_rad8 mse 2.2163e-01 (1.6520e-01)
Epoch: [18] Train_Loss_cls: 1.1696e-01 Train_Loss_mse: 1.6633e-01
Epoch: [18][ 0/62]	Time  8.565 ( 8.565)	Loss_VinDrCXR_rad9 cls 2.4474e-01 (2.4474e-01)	Loss_VinDrCXR_rad9 mse 1.8510e-01 (1.8510e-01)
Epoch: [18][50/62]	Time  0.977 ( 1.189)	Loss_VinDrCXR_rad9 cls 2.0041e-01 (1.7330e-01)	Loss_VinDrCXR_rad9 mse 2.4815e-01 (1.7525e-01)
Epoch: [18] Train_Loss_cls: 1.6957e-01 Train_Loss_mse: 1.7050e-01
Epoch: [18][ 0/65]	Time  8.997 ( 8.997)	Loss_VinDrCXR_rad10 cls 1.0845e-01 (1.0845e-01)	Loss_VinDrCXR_rad10 mse 1.6218e-01 (1.6218e-01)
Epoch: [18][50/65]	Time  0.975 ( 1.186)	Loss_VinDrCXR_rad10 cls 1.0931e-01 (1.2729e-01)	Loss_VinDrCXR_rad10 mse 1.5878e-01 (1.6345e-01)
Epoch: [18] Train_Loss_cls: 1.2728e-01 Train_Loss_mse: 1.6076e-01
Epoch: [18][ 0/16]	Time  8.731 ( 8.731)	Loss_VinDrCXR_rad11 cls 2.9158e-02 (2.9158e-02)	Loss_VinDrCXR_rad11 mse 1.1015e-01 (1.1015e-01)
Epoch: [18] Train_Loss_cls: 3.1301e-02 Train_Loss_mse: 8.2530e-02
Epoch: [18][ 0/17]	Time 10.025 (10.025)	Loss_VinDrCXR_rad12 cls 3.1770e-02 (3.1770e-02)	Loss_VinDrCXR_rad12 mse 6.8771e-02 (6.8771e-02)
Epoch: [18] Train_Loss_cls: 2.4780e-02 Train_Loss_mse: 7.1565e-02
Epoch: [18][ 0/17]	Time  8.642 ( 8.642)	Loss_VinDrCXR_rad13 cls 4.0696e-02 (4.0696e-02)	Loss_VinDrCXR_rad13 mse 7.3739e-02 (7.3739e-02)
Epoch: [18] Train_Loss_cls: 3.1374e-02 Train_Loss_mse: 7.7483e-02
Epoch: [18][ 0/15]	Time  9.085 ( 9.085)	Loss_VinDrCXR_rad14 cls 3.5001e-02 (3.5001e-02)	Loss_VinDrCXR_rad14 mse 7.8512e-02 (7.8512e-02)
Epoch: [18] Train_Loss_cls: 3.6525e-02 Train_Loss_mse: 7.4457e-02
Epoch: [18][ 0/17]	Time  8.254 ( 8.254)	Loss_VinDrCXR_rad15 cls 3.6748e-02 (3.6748e-02)	Loss_VinDrCXR_rad15 mse 7.3597e-02 (7.3597e-02)
Epoch: [18] Train_Loss_cls: 3.5340e-02 Train_Loss_mse: 7.3531e-02
Epoch: [18][ 0/17]	Time  8.417 ( 8.417)	Loss_VinDrCXR_rad16 cls 3.5163e-02 (3.5163e-02)	Loss_VinDrCXR_rad16 mse 8.7728e-02 (8.7728e-02)
Epoch: [18] Train_Loss_cls: 2.5884e-02 Train_Loss_mse: 7.6012e-02
Epoch: [18][0/8]	Time  8.439 ( 8.439)	Loss_VinDrCXR_rad17 cls 2.8925e-02 (2.8925e-02)	Loss_VinDrCXR_rad17 mse 5.0586e-02 (5.0586e-02)
Epoch: [18] Train_Loss_cls: 2.6799e-02 Train_Loss_mse: 5.8921e-02
Val_VinDrCXR_rad1: [ 0/30]	Time  7.136 ( 7.136)	Loss 6.9518e-01 (6.9518e-01)
Epoch 0018: avg_val_loss 0.28241, saving model to ./Models/swin_base_Ark_Finetune_17Rad/Ark_PlusArk_Finetune_17Rad/Ark_Finetune_17Rad/Ark_PlusArk_Finetune_17Rad
Epoch: [19][ 0/20]	Time  9.500 ( 9.500)	Loss_VinDrCXR_rad1 cls 2.8252e-03 (2.8252e-03)	Loss_VinDrCXR_rad1 mse 5.3370e-02 (5.3370e-02)
Epoch: [19] Train_Loss_cls: 2.6779e-03 Train_Loss_mse: 4.6722e-02
Epoch: [19][ 0/32]	Time  9.137 ( 9.137)	Loss_VinDrCXR_rad2 cls 5.4378e-04 (5.4378e-04)	Loss_VinDrCXR_rad2 mse 5.2318e-02 (5.2318e-02)
Epoch: [19] Train_Loss_cls: 4.1572e-03 Train_Loss_mse: 5.1101e-02
Epoch: [19][ 0/23]	Time  8.662 ( 8.662)	Loss_VinDrCXR_rad3 cls 3.2957e-04 (3.2957e-04)	Loss_VinDrCXR_rad3 mse 4.0681e-02 (4.0681e-02)
Epoch: [19] Train_Loss_cls: 1.7774e-03 Train_Loss_mse: 4.5792e-02
Epoch: [19][ 0/16]	Time  8.557 ( 8.557)	Loss_VinDrCXR_rad4 cls 1.1954e-02 (1.1954e-02)	Loss_VinDrCXR_rad4 mse 4.1662e-02 (4.1662e-02)
Epoch: [19] Train_Loss_cls: 2.0688e-03 Train_Loss_mse: 3.8744e-02
Epoch: [19][ 0/28]	Time  8.281 ( 8.281)	Loss_VinDrCXR_rad5 cls 3.8599e-03 (3.8599e-03)	Loss_VinDrCXR_rad5 mse 4.7973e-02 (4.7973e-02)
Epoch: [19] Train_Loss_cls: 3.3485e-03 Train_Loss_mse: 4.2321e-02
Epoch: [19][ 0/21]	Time  8.668 ( 8.668)	Loss_VinDrCXR_rad6 cls 3.1865e-04 (3.1865e-04)	Loss_VinDrCXR_rad6 mse 3.6476e-02 (3.6476e-02)
Epoch: [19] Train_Loss_cls: 5.6036e-04 Train_Loss_mse: 4.6579e-02
Epoch: [19][ 0/18]	Time  8.605 ( 8.605)	Loss_VinDrCXR_rad7 cls 1.3668e-02 (1.3668e-02)	Loss_VinDrCXR_rad7 mse 4.0531e-02 (4.0531e-02)
Epoch: [19] Train_Loss_cls: 2.1873e-03 Train_Loss_mse: 4.1844e-02
Epoch: [19][ 0/66]	Time  8.353 ( 8.353)	Loss_VinDrCXR_rad8 cls 3.0759e-01 (3.0759e-01)	Loss_VinDrCXR_rad8 mse 1.8346e-01 (1.8346e-01)
Epoch: [19][50/66]	Time  0.975 ( 1.248)	Loss_VinDrCXR_rad8 cls 8.9559e-02 (1.2122e-01)	Loss_VinDrCXR_rad8 mse 1.2407e-01 (1.6606e-01)
Epoch: [19] Train_Loss_cls: 1.1683e-01 Train_Loss_mse: 1.6300e-01
Epoch: [19][ 0/62]	Time  8.896 ( 8.896)	Loss_VinDrCXR_rad9 cls 1.9048e-01 (1.9048e-01)	Loss_VinDrCXR_rad9 mse 1.8281e-01 (1.8281e-01)
Epoch: [19][50/62]	Time  0.981 ( 1.180)	Loss_VinDrCXR_rad9 cls 1.7742e-01 (1.6481e-01)	Loss_VinDrCXR_rad9 mse 2.3377e-01 (1.8195e-01)
Epoch: [19] Train_Loss_cls: 1.6578e-01 Train_Loss_mse: 1.8287e-01
Epoch: [19][ 0/65]	Time  8.918 ( 8.918)	Loss_VinDrCXR_rad10 cls 1.9416e-01 (1.9416e-01)	Loss_VinDrCXR_rad10 mse 1.5465e-01 (1.5465e-01)
Epoch: [19][50/65]	Time  0.975 ( 1.170)	Loss_VinDrCXR_rad10 cls 1.2132e-01 (1.2289e-01)	Loss_VinDrCXR_rad10 mse 1.8855e-01 (1.5555e-01)
Epoch: [19] Train_Loss_cls: 1.2258e-01 Train_Loss_mse: 1.5738e-01
Epoch: [19][ 0/16]	Time  8.743 ( 8.743)	Loss_VinDrCXR_rad11 cls 4.0083e-02 (4.0083e-02)	Loss_VinDrCXR_rad11 mse 1.0946e-01 (1.0946e-01)
Epoch: [19] Train_Loss_cls: 2.6372e-02 Train_Loss_mse: 9.2223e-02
Epoch: [19][ 0/17]	Time  8.515 ( 8.515)	Loss_VinDrCXR_rad12 cls 1.1314e-02 (1.1314e-02)	Loss_VinDrCXR_rad12 mse 7.7465e-02 (7.7465e-02)
Epoch: [19] Train_Loss_cls: 2.4866e-02 Train_Loss_mse: 7.6989e-02
Epoch: [19][ 0/17]	Time  9.670 ( 9.670)	Loss_VinDrCXR_rad13 cls 5.4599e-02 (5.4599e-02)	Loss_VinDrCXR_rad13 mse 9.4111e-02 (9.4111e-02)
Epoch: [19] Train_Loss_cls: 3.2113e-02 Train_Loss_mse: 8.3671e-02
Epoch: [19][ 0/15]	Time  8.788 ( 8.788)	Loss_VinDrCXR_rad14 cls 5.9361e-02 (5.9361e-02)	Loss_VinDrCXR_rad14 mse 1.1663e-01 (1.1663e-01)
Epoch: [19] Train_Loss_cls: 3.6431e-02 Train_Loss_mse: 7.3773e-02
Epoch: [19][ 0/17]	Time  8.795 ( 8.795)	Loss_VinDrCXR_rad15 cls 3.9842e-02 (3.9842e-02)	Loss_VinDrCXR_rad15 mse 9.3498e-02 (9.3498e-02)
Epoch: [19] Train_Loss_cls: 3.2629e-02 Train_Loss_mse: 7.7460e-02
Epoch: [19][ 0/17]	Time  8.870 ( 8.870)	Loss_VinDrCXR_rad16 cls 1.7567e-02 (1.7567e-02)	Loss_VinDrCXR_rad16 mse 7.8706e-02 (7.8706e-02)
Epoch: [19] Train_Loss_cls: 2.3587e-02 Train_Loss_mse: 7.6906e-02
Epoch: [19][0/8]	Time  8.275 ( 8.275)	Loss_VinDrCXR_rad17 cls 1.5479e-02 (1.5479e-02)	Loss_VinDrCXR_rad17 mse 6.2238e-02 (6.2238e-02)
Epoch: [19] Train_Loss_cls: 2.1963e-02 Train_Loss_mse: 6.0753e-02
Val_VinDrCXR_rad1: [ 0/30]	Time  7.173 ( 7.173)	Loss 6.7781e-01 (6.7781e-01)
Epoch 0019: avg_val_loss 0.28194, saving model to ./Models/swin_base_Ark_Finetune_17Rad/Ark_PlusArk_Finetune_17Rad/Ark_Finetune_17Rad/Ark_PlusArk_Finetune_17Rad
Epoch: [20][ 0/20]	Time  8.664 ( 8.664)	Loss_VinDrCXR_rad1 cls 6.9136e-03 (6.9136e-03)	Loss_VinDrCXR_rad1 mse 6.0235e-02 (6.0235e-02)
Epoch: [20] Train_Loss_cls: 2.6890e-03 Train_Loss_mse: 5.0529e-02
Epoch: [20][ 0/32]	Time  8.679 ( 8.679)	Loss_VinDrCXR_rad2 cls 3.1734e-02 (3.1734e-02)	Loss_VinDrCXR_rad2 mse 5.2000e-02 (5.2000e-02)
Epoch: [20] Train_Loss_cls: 4.0651e-03 Train_Loss_mse: 5.1483e-02
Epoch: [20][ 0/23]	Time  8.781 ( 8.781)	Loss_VinDrCXR_rad3 cls 1.6884e-03 (1.6884e-03)	Loss_VinDrCXR_rad3 mse 5.7152e-02 (5.7152e-02)
Epoch: [20] Train_Loss_cls: 2.9973e-03 Train_Loss_mse: 5.0950e-02
Epoch: [20][ 0/16]	Time  8.331 ( 8.331)	Loss_VinDrCXR_rad4 cls 1.5931e-04 (1.5931e-04)	Loss_VinDrCXR_rad4 mse 4.5542e-02 (4.5542e-02)
Epoch: [20] Train_Loss_cls: 2.5425e-03 Train_Loss_mse: 4.3195e-02
Epoch: [20][ 0/28]	Time  8.966 ( 8.966)	Loss_VinDrCXR_rad5 cls 4.0378e-04 (4.0378e-04)	Loss_VinDrCXR_rad5 mse 3.8577e-02 (3.8577e-02)
Epoch: [20] Train_Loss_cls: 3.7987e-03 Train_Loss_mse: 4.2962e-02
Epoch: [20][ 0/21]	Time  8.610 ( 8.610)	Loss_VinDrCXR_rad6 cls 2.6538e-04 (2.6538e-04)	Loss_VinDrCXR_rad6 mse 3.8521e-02 (3.8521e-02)
Epoch: [20] Train_Loss_cls: 3.7322e-04 Train_Loss_mse: 4.6184e-02
Epoch: [20][ 0/18]	Time  8.623 ( 8.623)	Loss_VinDrCXR_rad7 cls 1.7542e-04 (1.7542e-04)	Loss_VinDrCXR_rad7 mse 4.7359e-02 (4.7359e-02)
Epoch: [20] Train_Loss_cls: 1.8365e-03 Train_Loss_mse: 4.1456e-02
Epoch: [20][ 0/66]	Time  8.769 ( 8.769)	Loss_VinDrCXR_rad8 cls 2.5411e-01 (2.5411e-01)	Loss_VinDrCXR_rad8 mse 1.5690e-01 (1.5690e-01)
Epoch: [20][50/66]	Time  0.976 ( 1.170)	Loss_VinDrCXR_rad8 cls 1.0271e-01 (1.2051e-01)	Loss_VinDrCXR_rad8 mse 1.4770e-01 (1.7759e-01)
Epoch: [20] Train_Loss_cls: 1.1665e-01 Train_Loss_mse: 1.7362e-01
Epoch: [20][ 0/62]	Time  8.768 ( 8.768)	Loss_VinDrCXR_rad9 cls 1.9511e-01 (1.9511e-01)	Loss_VinDrCXR_rad9 mse 1.3507e-01 (1.3507e-01)
Epoch: [20][50/62]	Time  0.976 ( 1.159)	Loss_VinDrCXR_rad9 cls 1.5993e-01 (1.6846e-01)	Loss_VinDrCXR_rad9 mse 1.9577e-01 (1.8129e-01)
Epoch: [20] Train_Loss_cls: 1.6788e-01 Train_Loss_mse: 1.8282e-01
Epoch: [20][ 0/65]	Time  8.884 ( 8.884)	Loss_VinDrCXR_rad10 cls 1.8147e-01 (1.8147e-01)	Loss_VinDrCXR_rad10 mse 1.9125e-01 (1.9125e-01)
Epoch: [20][50/65]	Time  0.976 ( 1.136)	Loss_VinDrCXR_rad10 cls 1.5472e-01 (1.2439e-01)	Loss_VinDrCXR_rad10 mse 1.5993e-01 (1.6576e-01)
Epoch: [20] Train_Loss_cls: 1.2431e-01 Train_Loss_mse: 1.6553e-01
Epoch: [20][ 0/16]	Time  8.716 ( 8.716)	Loss_VinDrCXR_rad11 cls 5.5778e-02 (5.5778e-02)	Loss_VinDrCXR_rad11 mse 9.5995e-02 (9.5995e-02)
Epoch: [20] Train_Loss_cls: 2.9419e-02 Train_Loss_mse: 8.7451e-02
Epoch: [20][ 0/17]	Time  9.115 ( 9.115)	Loss_VinDrCXR_rad12 cls 5.0920e-03 (5.0920e-03)	Loss_VinDrCXR_rad12 mse 7.4701e-02 (7.4701e-02)
Epoch: [20] Train_Loss_cls: 2.4487e-02 Train_Loss_mse: 8.5465e-02
Epoch: [20][ 0/17]	Time  8.581 ( 8.581)	Loss_VinDrCXR_rad13 cls 7.3669e-02 (7.3669e-02)	Loss_VinDrCXR_rad13 mse 9.3968e-02 (9.3968e-02)
Epoch: [20] Train_Loss_cls: 3.4736e-02 Train_Loss_mse: 8.3151e-02
Epoch: [20][ 0/15]	Time  8.869 ( 8.869)	Loss_VinDrCXR_rad14 cls 4.4732e-02 (4.4732e-02)	Loss_VinDrCXR_rad14 mse 8.4314e-02 (8.4314e-02)
Epoch: [20] Train_Loss_cls: 4.3091e-02 Train_Loss_mse: 8.8066e-02
Epoch: [20][ 0/17]	Time  8.676 ( 8.676)	Loss_VinDrCXR_rad15 cls 2.6170e-02 (2.6170e-02)	Loss_VinDrCXR_rad15 mse 8.0647e-02 (8.0647e-02)
Epoch: [20] Train_Loss_cls: 3.7609e-02 Train_Loss_mse: 8.4940e-02
Epoch: [20][ 0/17]	Time  8.716 ( 8.716)	Loss_VinDrCXR_rad16 cls 1.6237e-02 (1.6237e-02)	Loss_VinDrCXR_rad16 mse 7.3376e-02 (7.3376e-02)
Epoch: [20] Train_Loss_cls: 2.3099e-02 Train_Loss_mse: 8.1070e-02
Epoch: [20][0/8]	Time  8.740 ( 8.740)	Loss_VinDrCXR_rad17 cls 2.7316e-02 (2.7316e-02)	Loss_VinDrCXR_rad17 mse 5.7876e-02 (5.7876e-02)
Epoch: [20] Train_Loss_cls: 2.6681e-02 Train_Loss_mse: 6.3175e-02
Val_VinDrCXR_rad1: [ 0/30]	Time  7.147 ( 7.147)	Loss 7.3197e-01 (7.3197e-01)
Epoch 0020: avg_val_loss 0.29378, saving model to ./Models/swin_base_Ark_Finetune_17Rad/Ark_PlusArk_Finetune_17Rad/Ark_Finetune_17Rad/Ark_PlusArk_Finetune_17Rad
>>VinDrCXR_rad1 Disease = ['PE', 'Lung tumor', 'Pneumonia', 'Tuberculosis', 'Other diseases', 'No finding']
>>VinDrCXR_rad1:Student AUC = [0.9906	0.9227	0.962 	0.9591	0.8276	0.9411], 
Teacher AUC = [0.9899	0.9233	0.9627	0.9629	0.8299	0.9427]

>>VinDrCXR_rad1: Student mAUC = 0.9339, Teacher mAUC = 0.9353
Omni-pretraining stage: 
Student meanAUC = 
[[0.9468759507134883], [0.9454261264448013], [0.9389692516963958], [0.9338567099466557]] 
Teacher meanAUC = 
[[0.9468759507134883], [0.9460270675389304], [0.9413547485728361], [0.9352525270339678]]

Epoch: [21][ 0/20]	Time  8.640 ( 8.640)	Loss_VinDrCXR_rad1 cls 2.0919e-03 (2.0919e-03)	Loss_VinDrCXR_rad1 mse 4.5863e-02 (4.5863e-02)
Epoch: [21] Train_Loss_cls: 2.4965e-03 Train_Loss_mse: 5.0598e-02
Epoch: [21][ 0/32]	Time  9.138 ( 9.138)	Loss_VinDrCXR_rad2 cls 8.8295e-04 (8.8295e-04)	Loss_VinDrCXR_rad2 mse 4.9448e-02 (4.9448e-02)
Epoch: [21] Train_Loss_cls: 4.6694e-03 Train_Loss_mse: 5.1441e-02
Epoch: [21][ 0/23]	Time  8.513 ( 8.513)	Loss_VinDrCXR_rad3 cls 4.5976e-04 (4.5976e-04)	Loss_VinDrCXR_rad3 mse 5.3405e-02 (5.3405e-02)
Epoch: [21] Train_Loss_cls: 1.1801e-03 Train_Loss_mse: 4.7253e-02
Epoch: [21][ 0/16]	Time  8.420 ( 8.420)	Loss_VinDrCXR_rad4 cls 2.2137e-04 (2.2137e-04)	Loss_VinDrCXR_rad4 mse 3.4730e-02 (3.4730e-02)
Epoch: [21] Train_Loss_cls: 2.4522e-03 Train_Loss_mse: 4.1683e-02
Epoch: [21][ 0/28]	Time  8.615 ( 8.615)	Loss_VinDrCXR_rad5 cls 1.2856e-02 (1.2856e-02)	Loss_VinDrCXR_rad5 mse 4.7872e-02 (4.7872e-02)
Epoch: [21] Train_Loss_cls: 3.7555e-03 Train_Loss_mse: 4.1188e-02
Epoch: [21][ 0/21]	Time  8.089 ( 8.089)	Loss_VinDrCXR_rad6 cls 4.1439e-04 (4.1439e-04)	Loss_VinDrCXR_rad6 mse 5.7570e-02 (5.7570e-02)
Epoch: [21] Train_Loss_cls: 4.8011e-04 Train_Loss_mse: 4.3636e-02
Epoch: [21][ 0/18]	Time  8.651 ( 8.651)	Loss_VinDrCXR_rad7 cls 3.0121e-04 (3.0121e-04)	Loss_VinDrCXR_rad7 mse 4.0114e-02 (4.0114e-02)
Epoch: [21] Train_Loss_cls: 1.7679e-03 Train_Loss_mse: 4.3494e-02
Epoch: [21][ 0/66]	Time  8.751 ( 8.751)	Loss_VinDrCXR_rad8 cls 3.4125e-01 (3.4125e-01)	Loss_VinDrCXR_rad8 mse 1.8326e-01 (1.8326e-01)
Epoch: [21][50/66]	Time  0.976 ( 1.140)	Loss_VinDrCXR_rad8 cls 7.1788e-02 (1.2107e-01)	Loss_VinDrCXR_rad8 mse 2.1046e-01 (1.7717e-01)
Epoch: [21] Train_Loss_cls: 1.1814e-01 Train_Loss_mse: 1.7630e-01
Epoch: [21][ 0/62]	Time  9.471 ( 9.471)	Loss_VinDrCXR_rad9 cls 2.2003e-01 (2.2003e-01)	Loss_VinDrCXR_rad9 mse 1.3735e-01 (1.3735e-01)
Epoch: [21][50/62]	Time  0.975 ( 1.173)	Loss_VinDrCXR_rad9 cls 1.6529e-01 (1.6600e-01)	Loss_VinDrCXR_rad9 mse 1.9616e-01 (1.7651e-01)
Epoch: [21] Train_Loss_cls: 1.6635e-01 Train_Loss_mse: 1.7545e-01
Epoch: [21][ 0/65]	Time  8.855 ( 8.855)	Loss_VinDrCXR_rad10 cls 1.4938e-01 (1.4938e-01)	Loss_VinDrCXR_rad10 mse 1.3405e-01 (1.3405e-01)
Epoch: [21][50/65]	Time  0.986 ( 1.144)	Loss_VinDrCXR_rad10 cls 1.7668e-01 (1.2444e-01)	Loss_VinDrCXR_rad10 mse 1.6914e-01 (1.6057e-01)
Epoch: [21] Train_Loss_cls: 1.2383e-01 Train_Loss_mse: 1.6013e-01
Epoch: [21][ 0/16]	Time  8.392 ( 8.392)	Loss_VinDrCXR_rad11 cls 6.3244e-02 (6.3244e-02)	Loss_VinDrCXR_rad11 mse 1.1026e-01 (1.1026e-01)
Epoch: [21] Train_Loss_cls: 3.0357e-02 Train_Loss_mse: 8.3466e-02
Epoch: [21][ 0/17]	Time  9.233 ( 9.233)	Loss_VinDrCXR_rad12 cls 7.7792e-03 (7.7792e-03)	Loss_VinDrCXR_rad12 mse 7.0216e-02 (7.0216e-02)
Epoch: [21] Train_Loss_cls: 2.3681e-02 Train_Loss_mse: 7.4215e-02
Epoch: [21][ 0/17]	Time  8.827 ( 8.827)	Loss_VinDrCXR_rad13 cls 1.8760e-02 (1.8760e-02)	Loss_VinDrCXR_rad13 mse 7.5440e-02 (7.5440e-02)
Epoch: [21] Train_Loss_cls: 3.4724e-02 Train_Loss_mse: 8.8027e-02
Epoch: [21][ 0/15]	Time  8.677 ( 8.677)	Loss_VinDrCXR_rad14 cls 2.2123e-02 (2.2123e-02)	Loss_VinDrCXR_rad14 mse 5.7638e-02 (5.7638e-02)
Epoch: [21] Train_Loss_cls: 3.4773e-02 Train_Loss_mse: 8.1104e-02
Epoch: [21][ 0/17]	Time  9.304 ( 9.304)	Loss_VinDrCXR_rad15 cls 4.1256e-02 (4.1256e-02)	Loss_VinDrCXR_rad15 mse 9.8902e-02 (9.8902e-02)
Epoch: [21] Train_Loss_cls: 3.4633e-02 Train_Loss_mse: 7.6493e-02
Epoch: [21][ 0/17]	Time  8.264 ( 8.264)	Loss_VinDrCXR_rad16 cls 3.5557e-02 (3.5557e-02)	Loss_VinDrCXR_rad16 mse 1.0711e-01 (1.0711e-01)
Epoch: [21] Train_Loss_cls: 2.5344e-02 Train_Loss_mse: 8.2555e-02
Epoch: [21][0/8]	Time  8.347 ( 8.347)	Loss_VinDrCXR_rad17 cls 4.7912e-02 (4.7912e-02)	Loss_VinDrCXR_rad17 mse 5.6907e-02 (5.6907e-02)
Epoch: [21] Train_Loss_cls: 2.2031e-02 Train_Loss_mse: 5.8980e-02
Val_VinDrCXR_rad1: [ 0/30]	Time  7.322 ( 7.322)	Loss 7.1166e-01 (7.1166e-01)
Epoch 0021: avg_val_loss 0.28833, saving model to ./Models/swin_base_Ark_Finetune_17Rad/Ark_PlusArk_Finetune_17Rad/Ark_Finetune_17Rad/Ark_PlusArk_Finetune_17Rad
Epoch: [22][ 0/20]	Time  8.391 ( 8.391)	Loss_VinDrCXR_rad1 cls 2.8598e-03 (2.8598e-03)	Loss_VinDrCXR_rad1 mse 6.1855e-02 (6.1855e-02)
Epoch: [22] Train_Loss_cls: 2.1934e-03 Train_Loss_mse: 4.7051e-02
Epoch: [22][ 0/32]	Time  8.657 ( 8.657)	Loss_VinDrCXR_rad2 cls 5.1383e-03 (5.1383e-03)	Loss_VinDrCXR_rad2 mse 3.5964e-02 (3.5964e-02)
Epoch: [22] Train_Loss_cls: 3.7602e-03 Train_Loss_mse: 5.1890e-02
Epoch: [22][ 0/23]	Time  8.991 ( 8.991)	Loss_VinDrCXR_rad3 cls 3.2828e-03 (3.2828e-03)	Loss_VinDrCXR_rad3 mse 4.0534e-02 (4.0534e-02)
Epoch: [22] Train_Loss_cls: 2.5132e-03 Train_Loss_mse: 4.6464e-02
Epoch: [22][ 0/16]	Time  8.558 ( 8.558)	Loss_VinDrCXR_rad4 cls 2.0096e-04 (2.0096e-04)	Loss_VinDrCXR_rad4 mse 3.7932e-02 (3.7932e-02)
Epoch: [22] Train_Loss_cls: 2.1129e-03 Train_Loss_mse: 4.0173e-02
Epoch: [22][ 0/28]	Time  8.066 ( 8.066)	Loss_VinDrCXR_rad5 cls 3.4366e-04 (3.4366e-04)	Loss_VinDrCXR_rad5 mse 4.3030e-02 (4.3030e-02)
Epoch: [22] Train_Loss_cls: 3.5558e-03 Train_Loss_mse: 4.2313e-02
Epoch: [22][ 0/21]	Time  8.276 ( 8.276)	Loss_VinDrCXR_rad6 cls 2.1703e-04 (2.1703e-04)	Loss_VinDrCXR_rad6 mse 4.6950e-02 (4.6950e-02)
Epoch: [22] Train_Loss_cls: 6.2424e-04 Train_Loss_mse: 4.6032e-02
Epoch: [22][ 0/18]	Time  8.920 ( 8.920)	Loss_VinDrCXR_rad7 cls 2.1688e-04 (2.1688e-04)	Loss_VinDrCXR_rad7 mse 4.6349e-02 (4.6349e-02)
Epoch: [22] Train_Loss_cls: 2.0098e-03 Train_Loss_mse: 4.4416e-02
Epoch: [22][ 0/66]	Time  8.410 ( 8.410)	Loss_VinDrCXR_rad8 cls 3.5767e-01 (3.5767e-01)	Loss_VinDrCXR_rad8 mse 1.5333e-01 (1.5333e-01)
Epoch: [22][50/66]	Time  0.976 ( 1.173)	Loss_VinDrCXR_rad8 cls 1.4634e-01 (1.2009e-01)	Loss_VinDrCXR_rad8 mse 1.7557e-01 (1.6720e-01)
Epoch: [22] Train_Loss_cls: 1.1781e-01 Train_Loss_mse: 1.6730e-01
Epoch: [22][ 0/62]	Time  8.861 ( 8.861)	Loss_VinDrCXR_rad9 cls 2.0149e-01 (2.0149e-01)	Loss_VinDrCXR_rad9 mse 1.5257e-01 (1.5257e-01)
Epoch: [22][50/62]	Time  0.977 ( 1.182)	Loss_VinDrCXR_rad9 cls 1.8124e-01 (1.6358e-01)	Loss_VinDrCXR_rad9 mse 1.5545e-01 (1.7408e-01)
Epoch: [22] Train_Loss_cls: 1.6461e-01 Train_Loss_mse: 1.7453e-01
Epoch: [22][ 0/65]	Time  8.505 ( 8.505)	Loss_VinDrCXR_rad10 cls 1.1466e-01 (1.1466e-01)	Loss_VinDrCXR_rad10 mse 1.5661e-01 (1.5661e-01)
Epoch: [22][50/65]	Time  1.589 ( 1.177)	Loss_VinDrCXR_rad10 cls 1.3877e-01 (1.2399e-01)	Loss_VinDrCXR_rad10 mse 1.7962e-01 (1.5996e-01)
Epoch: [22] Train_Loss_cls: 1.2391e-01 Train_Loss_mse: 1.6475e-01
Epoch: [22][ 0/16]	Time  8.990 ( 8.990)	Loss_VinDrCXR_rad11 cls 3.0033e-02 (3.0033e-02)	Loss_VinDrCXR_rad11 mse 8.5191e-02 (8.5191e-02)
Epoch: [22] Train_Loss_cls: 2.8461e-02 Train_Loss_mse: 8.6676e-02
Epoch: [22][ 0/17]	Time  8.506 ( 8.506)	Loss_VinDrCXR_rad12 cls 5.1999e-02 (5.1999e-02)	Loss_VinDrCXR_rad12 mse 8.1405e-02 (8.1405e-02)
Epoch: [22] Train_Loss_cls: 2.8963e-02 Train_Loss_mse: 7.9487e-02
Epoch: [22][ 0/17]	Time  8.372 ( 8.372)	Loss_VinDrCXR_rad13 cls 1.2575e-02 (1.2575e-02)	Loss_VinDrCXR_rad13 mse 9.9807e-02 (9.9807e-02)
Epoch: [22] Train_Loss_cls: 3.0332e-02 Train_Loss_mse: 8.1540e-02
Epoch: [22][ 0/15]	Time  8.396 ( 8.396)	Loss_VinDrCXR_rad14 cls 6.1545e-02 (6.1545e-02)	Loss_VinDrCXR_rad14 mse 9.5625e-02 (9.5625e-02)
Epoch: [22] Train_Loss_cls: 3.6815e-02 Train_Loss_mse: 7.8866e-02
Epoch: [22][ 0/17]	Time  8.833 ( 8.833)	Loss_VinDrCXR_rad15 cls 3.9671e-02 (3.9671e-02)	Loss_VinDrCXR_rad15 mse 8.5973e-02 (8.5973e-02)
Epoch: [22] Train_Loss_cls: 3.4254e-02 Train_Loss_mse: 7.4888e-02
Epoch: [22][ 0/17]	Time  8.411 ( 8.411)	Loss_VinDrCXR_rad16 cls 2.1951e-02 (2.1951e-02)	Loss_VinDrCXR_rad16 mse 5.9291e-02 (5.9291e-02)
Epoch: [22] Train_Loss_cls: 2.4287e-02 Train_Loss_mse: 7.8897e-02
Epoch: [22][0/8]	Time  8.322 ( 8.322)	Loss_VinDrCXR_rad17 cls 4.4929e-02 (4.4929e-02)	Loss_VinDrCXR_rad17 mse 6.0244e-02 (6.0244e-02)
Epoch: [22] Train_Loss_cls: 2.6027e-02 Train_Loss_mse: 5.9281e-02
Val_VinDrCXR_rad1: [ 0/30]	Time  7.353 ( 7.353)	Loss 7.1342e-01 (7.1342e-01)
Epoch 0022: avg_val_loss 0.28967, saving model to ./Models/swin_base_Ark_Finetune_17Rad/Ark_PlusArk_Finetune_17Rad/Ark_Finetune_17Rad/Ark_PlusArk_Finetune_17Rad
Epoch: [23][ 0/20]	Time  8.682 ( 8.682)	Loss_VinDrCXR_rad1 cls 1.3017e-02 (1.3017e-02)	Loss_VinDrCXR_rad1 mse 4.5980e-02 (4.5980e-02)
Epoch: [23] Train_Loss_cls: 2.9709e-03 Train_Loss_mse: 4.9488e-02
Epoch: [23][ 0/32]	Time  8.650 ( 8.650)	Loss_VinDrCXR_rad2 cls 2.1609e-02 (2.1609e-02)	Loss_VinDrCXR_rad2 mse 5.2321e-02 (5.2321e-02)
Epoch: [23] Train_Loss_cls: 4.3843e-03 Train_Loss_mse: 5.1469e-02
Epoch: [23][ 0/23]	Time  8.340 ( 8.340)	Loss_VinDrCXR_rad3 cls 2.4894e-04 (2.4894e-04)	Loss_VinDrCXR_rad3 mse 3.9298e-02 (3.9298e-02)
Epoch: [23] Train_Loss_cls: 2.3110e-03 Train_Loss_mse: 4.7467e-02
Epoch: [23][ 0/16]	Time  8.170 ( 8.170)	Loss_VinDrCXR_rad4 cls 1.8277e-04 (1.8277e-04)	Loss_VinDrCXR_rad4 mse 3.8904e-02 (3.8904e-02)
Epoch: [23] Train_Loss_cls: 2.3631e-03 Train_Loss_mse: 4.0237e-02
Epoch: [23][ 0/28]	Time  8.461 ( 8.461)	Loss_VinDrCXR_rad5 cls 1.6822e-02 (1.6822e-02)	Loss_VinDrCXR_rad5 mse 4.0379e-02 (4.0379e-02)
Epoch: [23] Train_Loss_cls: 3.5791e-03 Train_Loss_mse: 4.2016e-02
Epoch: [23][ 0/21]	Time  8.068 ( 8.068)	Loss_VinDrCXR_rad6 cls 7.2806e-04 (7.2806e-04)	Loss_VinDrCXR_rad6 mse 4.5871e-02 (4.5871e-02)
Epoch: [23] Train_Loss_cls: 4.9598e-04 Train_Loss_mse: 4.6489e-02
Epoch: [23][ 0/18]	Time  8.776 ( 8.776)	Loss_VinDrCXR_rad7 cls 3.0921e-04 (3.0921e-04)	Loss_VinDrCXR_rad7 mse 3.4593e-02 (3.4593e-02)
Epoch: [23] Train_Loss_cls: 2.0508e-03 Train_Loss_mse: 4.2003e-02
Epoch: [23][ 0/66]	Time  8.442 ( 8.442)	Loss_VinDrCXR_rad8 cls 3.3906e-01 (3.3906e-01)	Loss_VinDrCXR_rad8 mse 2.1458e-01 (2.1458e-01)
Epoch: [23][50/66]	Time  0.977 ( 1.183)	Loss_VinDrCXR_rad8 cls 1.2819e-01 (1.1730e-01)	Loss_VinDrCXR_rad8 mse 1.5159e-01 (1.7340e-01)
Epoch: [23] Train_Loss_cls: 1.1660e-01 Train_Loss_mse: 1.7766e-01
Epoch: [23][ 0/62]	Time  8.917 ( 8.917)	Loss_VinDrCXR_rad9 cls 2.3083e-01 (2.3083e-01)	Loss_VinDrCXR_rad9 mse 3.0418e-01 (3.0418e-01)
Epoch: [23][50/62]	Time  0.981 ( 1.148)	Loss_VinDrCXR_rad9 cls 1.3088e-01 (1.6549e-01)	Loss_VinDrCXR_rad9 mse 1.5197e-01 (1.7972e-01)
Epoch: [23] Train_Loss_cls: 1.6388e-01 Train_Loss_mse: 1.7933e-01
Epoch: [23][ 0/65]	Time  8.422 ( 8.422)	Loss_VinDrCXR_rad10 cls 1.4670e-01 (1.4670e-01)	Loss_VinDrCXR_rad10 mse 2.6011e-01 (2.6011e-01)
Epoch: [23][50/65]	Time  0.975 ( 1.165)	Loss_VinDrCXR_rad10 cls 1.0480e-01 (1.2356e-01)	Loss_VinDrCXR_rad10 mse 1.8652e-01 (1.6539e-01)
Epoch: [23] Train_Loss_cls: 1.2267e-01 Train_Loss_mse: 1.6690e-01
Epoch: [23][ 0/16]	Time  8.417 ( 8.417)	Loss_VinDrCXR_rad11 cls 2.8836e-02 (2.8836e-02)	Loss_VinDrCXR_rad11 mse 9.6074e-02 (9.6074e-02)
Epoch: [23] Train_Loss_cls: 2.8415e-02 Train_Loss_mse: 8.9187e-02
Epoch: [23][ 0/17]	Time  8.933 ( 8.933)	Loss_VinDrCXR_rad12 cls 4.6294e-02 (4.6294e-02)	Loss_VinDrCXR_rad12 mse 8.9695e-02 (8.9695e-02)
Epoch: [23] Train_Loss_cls: 2.5958e-02 Train_Loss_mse: 8.0181e-02
Epoch: [23][ 0/17]	Time  8.691 ( 8.691)	Loss_VinDrCXR_rad13 cls 7.9634e-02 (7.9634e-02)	Loss_VinDrCXR_rad13 mse 1.2600e-01 (1.2600e-01)
Epoch: [23] Train_Loss_cls: 3.2154e-02 Train_Loss_mse: 8.4890e-02
Epoch: [23][ 0/15]	Time  8.536 ( 8.536)	Loss_VinDrCXR_rad14 cls 2.5491e-02 (2.5491e-02)	Loss_VinDrCXR_rad14 mse 1.0065e-01 (1.0065e-01)
Epoch: [23] Train_Loss_cls: 3.6945e-02 Train_Loss_mse: 7.6235e-02
Epoch: [23][ 0/17]	Time  8.673 ( 8.673)	Loss_VinDrCXR_rad15 cls 2.8733e-02 (2.8733e-02)	Loss_VinDrCXR_rad15 mse 7.4447e-02 (7.4447e-02)
Epoch: [23] Train_Loss_cls: 3.5647e-02 Train_Loss_mse: 7.9117e-02
Epoch: [23][ 0/17]	Time  8.322 ( 8.322)	Loss_VinDrCXR_rad16 cls 4.0467e-02 (4.0467e-02)	Loss_VinDrCXR_rad16 mse 1.1469e-01 (1.1469e-01)
Epoch: [23] Train_Loss_cls: 2.6932e-02 Train_Loss_mse: 7.9982e-02
Epoch: [23][0/8]	Time  8.566 ( 8.566)	Loss_VinDrCXR_rad17 cls 1.8832e-02 (1.8832e-02)	Loss_VinDrCXR_rad17 mse 6.2059e-02 (6.2059e-02)
Epoch: [23] Train_Loss_cls: 2.6523e-02 Train_Loss_mse: 5.9645e-02
Val_VinDrCXR_rad1: [ 0/30]	Time  7.121 ( 7.121)	Loss 7.8307e-01 (7.8307e-01)
Epoch 0023: avg_val_loss 0.31732, saving model to ./Models/swin_base_Ark_Finetune_17Rad/Ark_PlusArk_Finetune_17Rad/Ark_Finetune_17Rad/Ark_PlusArk_Finetune_17Rad
Epoch: [24][ 0/20]	Time  8.488 ( 8.488)	Loss_VinDrCXR_rad1 cls 3.3746e-03 (3.3746e-03)	Loss_VinDrCXR_rad1 mse 5.9903e-02 (5.9903e-02)
Epoch: [24] Train_Loss_cls: 2.3749e-03 Train_Loss_mse: 4.8017e-02
Epoch: [24][ 0/32]	Time  8.477 ( 8.477)	Loss_VinDrCXR_rad2 cls 2.0362e-03 (2.0362e-03)	Loss_VinDrCXR_rad2 mse 5.2095e-02 (5.2095e-02)
Epoch: [24] Train_Loss_cls: 3.9228e-03 Train_Loss_mse: 4.8757e-02
Epoch: [24][ 0/23]	Time  8.881 ( 8.881)	Loss_VinDrCXR_rad3 cls 4.0486e-04 (4.0486e-04)	Loss_VinDrCXR_rad3 mse 4.2229e-02 (4.2229e-02)
Epoch: [24] Train_Loss_cls: 2.1504e-03 Train_Loss_mse: 4.5129e-02
Epoch: [24][ 0/16]	Time  8.675 ( 8.675)	Loss_VinDrCXR_rad4 cls 3.5920e-04 (3.5920e-04)	Loss_VinDrCXR_rad4 mse 4.7517e-02 (4.7517e-02)
Epoch: [24] Train_Loss_cls: 2.4517e-03 Train_Loss_mse: 3.9452e-02
Epoch: [24][ 0/28]	Time  8.139 ( 8.139)	Loss_VinDrCXR_rad5 cls 7.7382e-04 (7.7382e-04)	Loss_VinDrCXR_rad5 mse 4.4297e-02 (4.4297e-02)
Epoch: [24] Train_Loss_cls: 3.6450e-03 Train_Loss_mse: 4.0854e-02
Epoch: [24][ 0/21]	Time  8.340 ( 8.340)	Loss_VinDrCXR_rad6 cls 1.6997e-03 (1.6997e-03)	Loss_VinDrCXR_rad6 mse 4.4396e-02 (4.4396e-02)
Epoch: [24] Train_Loss_cls: 6.2252e-04 Train_Loss_mse: 4.3012e-02
Epoch: [24][ 0/18]	Time  8.797 ( 8.797)	Loss_VinDrCXR_rad7 cls 1.6943e-04 (1.6943e-04)	Loss_VinDrCXR_rad7 mse 4.3306e-02 (4.3306e-02)
Epoch: [24] Train_Loss_cls: 2.1266e-03 Train_Loss_mse: 4.2031e-02
Epoch: [24][ 0/66]	Time  8.782 ( 8.782)	Loss_VinDrCXR_rad8 cls 3.5595e-01 (3.5595e-01)	Loss_VinDrCXR_rad8 mse 1.8957e-01 (1.8957e-01)
Epoch: [24][50/66]	Time  0.976 ( 1.164)	Loss_VinDrCXR_rad8 cls 9.6834e-02 (1.1917e-01)	Loss_VinDrCXR_rad8 mse 1.4683e-01 (1.8208e-01)
Epoch: [24] Train_Loss_cls: 1.1689e-01 Train_Loss_mse: 1.8171e-01
Epoch: [24][ 0/62]	Time  8.614 ( 8.614)	Loss_VinDrCXR_rad9 cls 1.7792e-01 (1.7792e-01)	Loss_VinDrCXR_rad9 mse 1.7146e-01 (1.7146e-01)
Epoch: [24][50/62]	Time  0.975 ( 1.182)	Loss_VinDrCXR_rad9 cls 1.4917e-01 (1.6621e-01)	Loss_VinDrCXR_rad9 mse 1.5692e-01 (1.8451e-01)
Epoch: [24] Train_Loss_cls: 1.6527e-01 Train_Loss_mse: 1.8656e-01
Epoch: [24][ 0/65]	Time  8.428 ( 8.428)	Loss_VinDrCXR_rad10 cls 1.2729e-01 (1.2729e-01)	Loss_VinDrCXR_rad10 mse 1.5658e-01 (1.5658e-01)
Epoch: [24][50/65]	Time  0.975 ( 1.202)	Loss_VinDrCXR_rad10 cls 1.4276e-01 (1.2193e-01)	Loss_VinDrCXR_rad10 mse 1.7653e-01 (1.6980e-01)
Epoch: [24] Train_Loss_cls: 1.2266e-01 Train_Loss_mse: 1.6869e-01
Epoch: [24][ 0/16]	Time  8.622 ( 8.622)	Loss_VinDrCXR_rad11 cls 4.0175e-02 (4.0175e-02)	Loss_VinDrCXR_rad11 mse 8.9479e-02 (8.9479e-02)
Epoch: [24] Train_Loss_cls: 2.7979e-02 Train_Loss_mse: 8.6586e-02
Epoch: [24][ 0/17]	Time  8.860 ( 8.860)	Loss_VinDrCXR_rad12 cls 3.8958e-02 (3.8958e-02)	Loss_VinDrCXR_rad12 mse 1.0045e-01 (1.0045e-01)
Epoch: [24] Train_Loss_cls: 2.4610e-02 Train_Loss_mse: 8.2638e-02
Epoch: [24][ 0/17]	Time  9.393 ( 9.393)	Loss_VinDrCXR_rad13 cls 5.7732e-03 (5.7732e-03)	Loss_VinDrCXR_rad13 mse 7.8442e-02 (7.8442e-02)
Epoch: [24] Train_Loss_cls: 2.8427e-02 Train_Loss_mse: 8.2527e-02
Epoch: [24][ 0/15]	Time  8.420 ( 8.420)	Loss_VinDrCXR_rad14 cls 3.5581e-02 (3.5581e-02)	Loss_VinDrCXR_rad14 mse 7.2666e-02 (7.2666e-02)
Epoch: [24] Train_Loss_cls: 3.7532e-02 Train_Loss_mse: 7.4527e-02
Epoch: [24][ 0/17]	Time  9.033 ( 9.033)	Loss_VinDrCXR_rad15 cls 3.7517e-02 (3.7517e-02)	Loss_VinDrCXR_rad15 mse 7.9028e-02 (7.9028e-02)
Epoch: [24] Train_Loss_cls: 3.0562e-02 Train_Loss_mse: 7.8185e-02
Epoch: [24][ 0/17]	Time  8.711 ( 8.711)	Loss_VinDrCXR_rad16 cls 1.6835e-02 (1.6835e-02)	Loss_VinDrCXR_rad16 mse 8.4920e-02 (8.4920e-02)
Epoch: [24] Train_Loss_cls: 2.0891e-02 Train_Loss_mse: 7.9100e-02
Epoch: [24][0/8]	Time  8.557 ( 8.557)	Loss_VinDrCXR_rad17 cls 2.4445e-02 (2.4445e-02)	Loss_VinDrCXR_rad17 mse 5.9787e-02 (5.9787e-02)
Epoch: [24] Train_Loss_cls: 2.6633e-02 Train_Loss_mse: 6.4164e-02
Val_VinDrCXR_rad1: [ 0/30]	Time  7.350 ( 7.350)	Loss 7.1002e-01 (7.1002e-01)
Epoch 0024: avg_val_loss 0.29406, saving model to ./Models/swin_base_Ark_Finetune_17Rad/Ark_PlusArk_Finetune_17Rad/Ark_Finetune_17Rad/Ark_PlusArk_Finetune_17Rad
Epoch: [25][ 0/20]	Time  8.569 ( 8.569)	Loss_VinDrCXR_rad1 cls 1.3134e-03 (1.3134e-03)	Loss_VinDrCXR_rad1 mse 4.5001e-02 (4.5001e-02)
Epoch: [25] Train_Loss_cls: 2.4991e-03 Train_Loss_mse: 4.9068e-02
Epoch: [25][ 0/32]	Time  8.692 ( 8.692)	Loss_VinDrCXR_rad2 cls 6.5623e-04 (6.5623e-04)	Loss_VinDrCXR_rad2 mse 5.5233e-02 (5.5233e-02)
Epoch: [25] Train_Loss_cls: 4.1152e-03 Train_Loss_mse: 5.2234e-02
Epoch: [25][ 0/23]	Time  8.562 ( 8.562)	Loss_VinDrCXR_rad3 cls 2.1064e-04 (2.1064e-04)	Loss_VinDrCXR_rad3 mse 4.5363e-02 (4.5363e-02)
Epoch: [25] Train_Loss_cls: 1.9109e-03 Train_Loss_mse: 4.9864e-02
Epoch: [25][ 0/16]	Time  8.432 ( 8.432)	Loss_VinDrCXR_rad4 cls 4.8598e-04 (4.8598e-04)	Loss_VinDrCXR_rad4 mse 4.0464e-02 (4.0464e-02)
Epoch: [25] Train_Loss_cls: 2.3560e-03 Train_Loss_mse: 4.3210e-02
Epoch: [25][ 0/28]	Time  8.179 ( 8.179)	Loss_VinDrCXR_rad5 cls 1.5089e-04 (1.5089e-04)	Loss_VinDrCXR_rad5 mse 3.4943e-02 (3.4943e-02)
Epoch: [25] Train_Loss_cls: 3.3043e-03 Train_Loss_mse: 4.2475e-02
Epoch: [25][ 0/21]	Time  8.509 ( 8.509)	Loss_VinDrCXR_rad6 cls 4.1278e-04 (4.1278e-04)	Loss_VinDrCXR_rad6 mse 4.7605e-02 (4.7605e-02)
Epoch: [25] Train_Loss_cls: 7.9687e-04 Train_Loss_mse: 4.7758e-02
Epoch: [25][ 0/18]	Time  8.522 ( 8.522)	Loss_VinDrCXR_rad7 cls 1.7074e-03 (1.7074e-03)	Loss_VinDrCXR_rad7 mse 5.0231e-02 (5.0231e-02)
Epoch: [25] Train_Loss_cls: 2.3522e-03 Train_Loss_mse: 4.4493e-02
Epoch: [25][ 0/66]	Time  9.043 ( 9.043)	Loss_VinDrCXR_rad8 cls 3.8720e-01 (3.8720e-01)	Loss_VinDrCXR_rad8 mse 2.5186e-01 (2.5186e-01)
Epoch: [25][50/66]	Time  1.626 ( 1.176)	Loss_VinDrCXR_rad8 cls 1.0088e-01 (1.1793e-01)	Loss_VinDrCXR_rad8 mse 1.6553e-01 (1.7249e-01)
Epoch: [25] Train_Loss_cls: 1.1465e-01 Train_Loss_mse: 1.7469e-01
Epoch: [25][ 0/62]	Time  8.639 ( 8.639)	Loss_VinDrCXR_rad9 cls 1.3283e-01 (1.3283e-01)	Loss_VinDrCXR_rad9 mse 1.4340e-01 (1.4340e-01)
Epoch: [25][50/62]	Time  0.977 ( 1.153)	Loss_VinDrCXR_rad9 cls 1.3832e-01 (1.6436e-01)	Loss_VinDrCXR_rad9 mse 1.9439e-01 (1.8485e-01)
Epoch: [25] Train_Loss_cls: 1.6351e-01 Train_Loss_mse: 1.8865e-01
Epoch: [25][ 0/65]	Time  9.116 ( 9.116)	Loss_VinDrCXR_rad10 cls 1.3836e-01 (1.3836e-01)	Loss_VinDrCXR_rad10 mse 2.2812e-01 (2.2812e-01)
Epoch: [25][50/65]	Time  0.975 ( 1.175)	Loss_VinDrCXR_rad10 cls 1.6613e-01 (1.2602e-01)	Loss_VinDrCXR_rad10 mse 1.5297e-01 (1.7008e-01)
Epoch: [25] Train_Loss_cls: 1.2410e-01 Train_Loss_mse: 1.7018e-01
Epoch: [25][ 0/16]	Time  8.574 ( 8.574)	Loss_VinDrCXR_rad11 cls 3.5061e-02 (3.5061e-02)	Loss_VinDrCXR_rad11 mse 1.0131e-01 (1.0131e-01)
Epoch: [25] Train_Loss_cls: 2.6584e-02 Train_Loss_mse: 8.5263e-02
Epoch: [25][ 0/17]	Time  9.315 ( 9.315)	Loss_VinDrCXR_rad12 cls 2.7727e-02 (2.7727e-02)	Loss_VinDrCXR_rad12 mse 8.1347e-02 (8.1347e-02)
Epoch: [25] Train_Loss_cls: 2.5177e-02 Train_Loss_mse: 7.8247e-02
Epoch: [25][ 0/17]	Time  8.676 ( 8.676)	Loss_VinDrCXR_rad13 cls 3.5025e-02 (3.5025e-02)	Loss_VinDrCXR_rad13 mse 9.3740e-02 (9.3740e-02)
Epoch: [25] Train_Loss_cls: 2.9844e-02 Train_Loss_mse: 8.4656e-02
Epoch: [25][ 0/15]	Time  9.838 ( 9.838)	Loss_VinDrCXR_rad14 cls 2.1469e-02 (2.1469e-02)	Loss_VinDrCXR_rad14 mse 8.0257e-02 (8.0257e-02)
Epoch: [25] Train_Loss_cls: 3.5972e-02 Train_Loss_mse: 8.4852e-02
Epoch: [25][ 0/17]	Time  8.635 ( 8.635)	Loss_VinDrCXR_rad15 cls 2.6345e-02 (2.6345e-02)	Loss_VinDrCXR_rad15 mse 7.0756e-02 (7.0756e-02)
Epoch: [25] Train_Loss_cls: 3.2204e-02 Train_Loss_mse: 7.7533e-02
Epoch: [25][ 0/17]	Time  8.940 ( 8.940)	Loss_VinDrCXR_rad16 cls 2.5225e-02 (2.5225e-02)	Loss_VinDrCXR_rad16 mse 9.5265e-02 (9.5265e-02)
Epoch: [25] Train_Loss_cls: 2.2688e-02 Train_Loss_mse: 8.0738e-02
Epoch: [25][0/8]	Time  8.217 ( 8.217)	Loss_VinDrCXR_rad17 cls 3.9387e-02 (3.9387e-02)	Loss_VinDrCXR_rad17 mse 5.8016e-02 (5.8016e-02)
Epoch: [25] Train_Loss_cls: 3.0377e-02 Train_Loss_mse: 6.4462e-02
Val_VinDrCXR_rad1: [ 0/30]	Time  7.493 ( 7.493)	Loss 7.4820e-01 (7.4820e-01)
Epoch 0025: avg_val_loss 0.30233, saving model to ./Models/swin_base_Ark_Finetune_17Rad/Ark_PlusArk_Finetune_17Rad/Ark_Finetune_17Rad/Ark_PlusArk_Finetune_17Rad
Epoch: [26][ 0/20]	Time  8.708 ( 8.708)	Loss_VinDrCXR_rad1 cls 1.7339e-03 (1.7339e-03)	Loss_VinDrCXR_rad1 mse 4.5883e-02 (4.5883e-02)
Epoch: [26] Train_Loss_cls: 1.9195e-03 Train_Loss_mse: 4.7464e-02
Epoch: [26][ 0/32]	Time  8.423 ( 8.423)	Loss_VinDrCXR_rad2 cls 1.2065e-02 (1.2065e-02)	Loss_VinDrCXR_rad2 mse 5.0047e-02 (5.0047e-02)
Epoch: [26] Train_Loss_cls: 4.3162e-03 Train_Loss_mse: 5.1320e-02
Epoch: [26][ 0/23]	Time  8.536 ( 8.536)	Loss_VinDrCXR_rad3 cls 4.8466e-04 (4.8466e-04)	Loss_VinDrCXR_rad3 mse 5.1927e-02 (5.1927e-02)
Epoch: [26] Train_Loss_cls: 2.1429e-03 Train_Loss_mse: 4.8000e-02
Epoch: [26][ 0/16]	Time  8.914 ( 8.914)	Loss_VinDrCXR_rad4 cls 6.2720e-04 (6.2720e-04)	Loss_VinDrCXR_rad4 mse 5.6008e-02 (5.6008e-02)
Epoch: [26] Train_Loss_cls: 2.2023e-03 Train_Loss_mse: 4.2465e-02
Epoch: [26][ 0/28]	Time  8.805 ( 8.805)	Loss_VinDrCXR_rad5 cls 2.8051e-04 (2.8051e-04)	Loss_VinDrCXR_rad5 mse 4.8398e-02 (4.8398e-02)
Epoch: [26] Train_Loss_cls: 2.9558e-03 Train_Loss_mse: 4.3279e-02
Epoch: [26][ 0/21]	Time  8.503 ( 8.503)	Loss_VinDrCXR_rad6 cls 5.9942e-04 (5.9942e-04)	Loss_VinDrCXR_rad6 mse 4.3739e-02 (4.3739e-02)
Epoch: [26] Train_Loss_cls: 4.7323e-04 Train_Loss_mse: 4.7829e-02
Epoch: [26][ 0/18]	Time  8.535 ( 8.535)	Loss_VinDrCXR_rad7 cls 1.9018e-04 (1.9018e-04)	Loss_VinDrCXR_rad7 mse 4.6260e-02 (4.6260e-02)
Epoch: [26] Train_Loss_cls: 1.9806e-03 Train_Loss_mse: 4.5602e-02
Epoch: [26][ 0/66]	Time  8.690 ( 8.690)	Loss_VinDrCXR_rad8 cls 2.7322e-01 (2.7322e-01)	Loss_VinDrCXR_rad8 mse 2.0779e-01 (2.0779e-01)
Epoch: [26][50/66]	Time  0.978 ( 1.140)	Loss_VinDrCXR_rad8 cls 1.0596e-01 (1.1495e-01)	Loss_VinDrCXR_rad8 mse 1.3669e-01 (1.7306e-01)
Epoch: [26] Train_Loss_cls: 1.1286e-01 Train_Loss_mse: 1.7415e-01
Epoch: [26][ 0/62]	Time  8.936 ( 8.936)	Loss_VinDrCXR_rad9 cls 1.8740e-01 (1.8740e-01)	Loss_VinDrCXR_rad9 mse 1.4604e-01 (1.4604e-01)
Epoch: [26][50/62]	Time  0.978 ( 1.208)	Loss_VinDrCXR_rad9 cls 1.5496e-01 (1.6431e-01)	Loss_VinDrCXR_rad9 mse 1.4115e-01 (1.7789e-01)
Epoch: [26] Train_Loss_cls: 1.6304e-01 Train_Loss_mse: 1.8097e-01
Epoch: [26][ 0/65]	Time  8.582 ( 8.582)	Loss_VinDrCXR_rad10 cls 1.1235e-01 (1.1235e-01)	Loss_VinDrCXR_rad10 mse 1.9267e-01 (1.9267e-01)
Epoch: [26][50/65]	Time  0.975 ( 1.146)	Loss_VinDrCXR_rad10 cls 1.0123e-01 (1.2450e-01)	Loss_VinDrCXR_rad10 mse 1.5109e-01 (1.7186e-01)
Epoch: [26] Train_Loss_cls: 1.2222e-01 Train_Loss_mse: 1.6984e-01
Epoch: [26][ 0/16]	Time  8.880 ( 8.880)	Loss_VinDrCXR_rad11 cls 5.3597e-02 (5.3597e-02)	Loss_VinDrCXR_rad11 mse 1.2933e-01 (1.2933e-01)
Epoch: [26] Train_Loss_cls: 2.6044e-02 Train_Loss_mse: 8.3516e-02
Epoch: [26][ 0/17]	Time  8.770 ( 8.770)	Loss_VinDrCXR_rad12 cls 8.2652e-03 (8.2652e-03)	Loss_VinDrCXR_rad12 mse 6.8380e-02 (6.8380e-02)
Epoch: [26] Train_Loss_cls: 2.3266e-02 Train_Loss_mse: 7.9614e-02
Epoch: [26][ 0/17]	Time  8.479 ( 8.479)	Loss_VinDrCXR_rad13 cls 2.9728e-02 (2.9728e-02)	Loss_VinDrCXR_rad13 mse 7.2049e-02 (7.2049e-02)
Epoch: [26] Train_Loss_cls: 2.9331e-02 Train_Loss_mse: 8.4956e-02
Epoch: [26][ 0/15]	Time  8.703 ( 8.703)	Loss_VinDrCXR_rad14 cls 6.7493e-02 (6.7493e-02)	Loss_VinDrCXR_rad14 mse 1.0612e-01 (1.0612e-01)
Epoch: [26] Train_Loss_cls: 3.7441e-02 Train_Loss_mse: 8.6682e-02
Epoch: [26][ 0/17]	Time  8.384 ( 8.384)	Loss_VinDrCXR_rad15 cls 3.3128e-02 (3.3128e-02)	Loss_VinDrCXR_rad15 mse 7.5512e-02 (7.5512e-02)
Epoch: [26] Train_Loss_cls: 3.3593e-02 Train_Loss_mse: 7.9195e-02
Epoch: [26][ 0/17]	Time  8.578 ( 8.578)	Loss_VinDrCXR_rad16 cls 1.7789e-02 (1.7789e-02)	Loss_VinDrCXR_rad16 mse 8.1130e-02 (8.1130e-02)
Epoch: [26] Train_Loss_cls: 2.1546e-02 Train_Loss_mse: 8.3139e-02
Epoch: [26][0/8]	Time  8.752 ( 8.752)	Loss_VinDrCXR_rad17 cls 1.2418e-02 (1.2418e-02)	Loss_VinDrCXR_rad17 mse 6.7457e-02 (6.7457e-02)
Epoch: [26] Train_Loss_cls: 2.9138e-02 Train_Loss_mse: 6.5094e-02
Val_VinDrCXR_rad1: [ 0/30]	Time  7.550 ( 7.550)	Loss 7.4999e-01 (7.4999e-01)
Epoch 0026: avg_val_loss 0.29707, saving model to ./Models/swin_base_Ark_Finetune_17Rad/Ark_PlusArk_Finetune_17Rad/Ark_Finetune_17Rad/Ark_PlusArk_Finetune_17Rad
Epoch: [27][ 0/20]	Time  8.458 ( 8.458)	Loss_VinDrCXR_rad1 cls 2.0124e-03 (2.0124e-03)	Loss_VinDrCXR_rad1 mse 4.3673e-02 (4.3673e-02)
Epoch: [27] Train_Loss_cls: 2.6615e-03 Train_Loss_mse: 5.1665e-02
Epoch: [27][ 0/32]	Time  8.628 ( 8.628)	Loss_VinDrCXR_rad2 cls 8.2185e-04 (8.2185e-04)	Loss_VinDrCXR_rad2 mse 5.2849e-02 (5.2849e-02)
Epoch: [27] Train_Loss_cls: 4.1027e-03 Train_Loss_mse: 5.2220e-02
Epoch: [27][ 0/23]	Time  8.375 ( 8.375)	Loss_VinDrCXR_rad3 cls 6.5628e-04 (6.5628e-04)	Loss_VinDrCXR_rad3 mse 5.1611e-02 (5.1611e-02)
Epoch: [27] Train_Loss_cls: 1.6206e-03 Train_Loss_mse: 4.8340e-02
Epoch: [27][ 0/16]	Time  9.304 ( 9.304)	Loss_VinDrCXR_rad4 cls 3.0063e-04 (3.0063e-04)	Loss_VinDrCXR_rad4 mse 3.0439e-02 (3.0439e-02)
Epoch: [27] Train_Loss_cls: 2.5929e-03 Train_Loss_mse: 3.9571e-02
Epoch: [27][ 0/28]	Time  8.467 ( 8.467)	Loss_VinDrCXR_rad5 cls 1.8632e-04 (1.8632e-04)	Loss_VinDrCXR_rad5 mse 4.0086e-02 (4.0086e-02)
Epoch: [27] Train_Loss_cls: 3.5336e-03 Train_Loss_mse: 4.0569e-02
Epoch: [27][ 0/21]	Time  8.464 ( 8.464)	Loss_VinDrCXR_rad6 cls 4.2812e-04 (4.2812e-04)	Loss_VinDrCXR_rad6 mse 4.5732e-02 (4.5732e-02)
Epoch: [27] Train_Loss_cls: 5.3786e-04 Train_Loss_mse: 4.2867e-02
Epoch: [27][ 0/18]	Time  9.216 ( 9.216)	Loss_VinDrCXR_rad7 cls 5.8766e-04 (5.8766e-04)	Loss_VinDrCXR_rad7 mse 5.2495e-02 (5.2495e-02)
Epoch: [27] Train_Loss_cls: 2.0713e-03 Train_Loss_mse: 4.2872e-02
Epoch: [27][ 0/66]	Time  8.720 ( 8.720)	Loss_VinDrCXR_rad8 cls 2.4799e-01 (2.4799e-01)	Loss_VinDrCXR_rad8 mse 1.4459e-01 (1.4459e-01)
Epoch: [27][50/66]	Time  0.977 ( 1.169)	Loss_VinDrCXR_rad8 cls 1.6757e-01 (1.1826e-01)	Loss_VinDrCXR_rad8 mse 2.2149e-01 (1.7528e-01)
Epoch: [27] Train_Loss_cls: 1.1449e-01 Train_Loss_mse: 1.7467e-01
Epoch: [27][ 0/62]	Time  8.599 ( 8.599)	Loss_VinDrCXR_rad9 cls 2.3270e-01 (2.3270e-01)	Loss_VinDrCXR_rad9 mse 1.6632e-01 (1.6632e-01)
Epoch: [27][50/62]	Time  0.978 ( 1.204)	Loss_VinDrCXR_rad9 cls 1.5973e-01 (1.6268e-01)	Loss_VinDrCXR_rad9 mse 1.8667e-01 (1.7668e-01)
Epoch: [27] Train_Loss_cls: 1.6183e-01 Train_Loss_mse: 1.7721e-01
Epoch: [27][ 0/65]	Time  8.531 ( 8.531)	Loss_VinDrCXR_rad10 cls 1.4011e-01 (1.4011e-01)	Loss_VinDrCXR_rad10 mse 1.6194e-01 (1.6194e-01)
Epoch: [27][50/65]	Time  0.976 ( 1.172)	Loss_VinDrCXR_rad10 cls 8.2979e-02 (1.2341e-01)	Loss_VinDrCXR_rad10 mse 1.4369e-01 (1.5951e-01)
Epoch: [27] Train_Loss_cls: 1.2227e-01 Train_Loss_mse: 1.6052e-01
Epoch: [27][ 0/16]	Time  8.593 ( 8.593)	Loss_VinDrCXR_rad11 cls 4.8633e-02 (4.8633e-02)	Loss_VinDrCXR_rad11 mse 8.0322e-02 (8.0322e-02)
Epoch: [27] Train_Loss_cls: 2.8805e-02 Train_Loss_mse: 9.0541e-02
Epoch: [27][ 0/17]	Time  8.378 ( 8.378)	Loss_VinDrCXR_rad12 cls 2.7680e-02 (2.7680e-02)	Loss_VinDrCXR_rad12 mse 1.0029e-01 (1.0029e-01)
Epoch: [27] Train_Loss_cls: 2.3605e-02 Train_Loss_mse: 8.1737e-02
Epoch: [27][ 0/17]	Time  8.622 ( 8.622)	Loss_VinDrCXR_rad13 cls 3.9971e-02 (3.9971e-02)	Loss_VinDrCXR_rad13 mse 8.0588e-02 (8.0588e-02)
Epoch: [27] Train_Loss_cls: 3.1292e-02 Train_Loss_mse: 8.2174e-02
Epoch: [27][ 0/15]	Time  8.568 ( 8.568)	Loss_VinDrCXR_rad14 cls 2.5555e-02 (2.5555e-02)	Loss_VinDrCXR_rad14 mse 9.0128e-02 (9.0128e-02)
Epoch: [27] Train_Loss_cls: 3.4313e-02 Train_Loss_mse: 7.7752e-02
Epoch: [27][ 0/17]	Time  8.344 ( 8.344)	Loss_VinDrCXR_rad15 cls 1.9634e-02 (1.9634e-02)	Loss_VinDrCXR_rad15 mse 7.6205e-02 (7.6205e-02)
Epoch: [27] Train_Loss_cls: 3.3826e-02 Train_Loss_mse: 8.0129e-02
Epoch: [27][ 0/17]	Time  8.912 ( 8.912)	Loss_VinDrCXR_rad16 cls 2.2706e-02 (2.2706e-02)	Loss_VinDrCXR_rad16 mse 8.3732e-02 (8.3732e-02)
Epoch: [27] Train_Loss_cls: 1.7933e-02 Train_Loss_mse: 7.9027e-02
Epoch: [27][0/8]	Time  9.558 ( 9.558)	Loss_VinDrCXR_rad17 cls 1.2931e-02 (1.2931e-02)	Loss_VinDrCXR_rad17 mse 6.1237e-02 (6.1237e-02)
Epoch: [27] Train_Loss_cls: 2.6708e-02 Train_Loss_mse: 6.3583e-02
Val_VinDrCXR_rad1: [ 0/30]	Time  7.166 ( 7.166)	Loss 7.5766e-01 (7.5766e-01)
Epoch 0027: avg_val_loss 0.30030, saving model to ./Models/swin_base_Ark_Finetune_17Rad/Ark_PlusArk_Finetune_17Rad/Ark_Finetune_17Rad/Ark_PlusArk_Finetune_17Rad
Epoch: [28][ 0/20]	Time  8.136 ( 8.136)	Loss_VinDrCXR_rad1 cls 1.6785e-03 (1.6785e-03)	Loss_VinDrCXR_rad1 mse 5.0555e-02 (5.0555e-02)
Epoch: [28] Train_Loss_cls: 2.0320e-03 Train_Loss_mse: 4.6634e-02
Epoch: [28][ 0/32]	Time  8.386 ( 8.386)	Loss_VinDrCXR_rad2 cls 4.9466e-04 (4.9466e-04)	Loss_VinDrCXR_rad2 mse 4.5205e-02 (4.5205e-02)
Epoch: [28] Train_Loss_cls: 3.8294e-03 Train_Loss_mse: 5.0489e-02
Epoch: [28][ 0/23]	Time  8.573 ( 8.573)	Loss_VinDrCXR_rad3 cls 6.5600e-04 (6.5600e-04)	Loss_VinDrCXR_rad3 mse 4.2941e-02 (4.2941e-02)
Epoch: [28] Train_Loss_cls: 1.5820e-03 Train_Loss_mse: 4.7004e-02
Epoch: [28][ 0/16]	Time  8.785 ( 8.785)	Loss_VinDrCXR_rad4 cls 2.8552e-04 (2.8552e-04)	Loss_VinDrCXR_rad4 mse 4.2447e-02 (4.2447e-02)
Epoch: [28] Train_Loss_cls: 2.3521e-03 Train_Loss_mse: 4.2217e-02
Epoch: [28][ 0/28]	Time  8.441 ( 8.441)	Loss_VinDrCXR_rad5 cls 2.3882e-04 (2.3882e-04)	Loss_VinDrCXR_rad5 mse 3.9766e-02 (3.9766e-02)
Epoch: [28] Train_Loss_cls: 3.8144e-03 Train_Loss_mse: 4.1632e-02
Epoch: [28][ 0/21]	Time  8.292 ( 8.292)	Loss_VinDrCXR_rad6 cls 4.9373e-04 (4.9373e-04)	Loss_VinDrCXR_rad6 mse 4.7061e-02 (4.7061e-02)
Epoch: [28] Train_Loss_cls: 8.0834e-04 Train_Loss_mse: 4.7553e-02
Epoch: [28][ 0/18]	Time  8.532 ( 8.532)	Loss_VinDrCXR_rad7 cls 1.2837e-02 (1.2837e-02)	Loss_VinDrCXR_rad7 mse 4.4604e-02 (4.4604e-02)
Epoch: [28] Train_Loss_cls: 1.8006e-03 Train_Loss_mse: 4.3063e-02
Epoch: [28][ 0/66]	Time  8.510 ( 8.510)	Loss_VinDrCXR_rad8 cls 2.4189e-01 (2.4189e-01)	Loss_VinDrCXR_rad8 mse 1.4751e-01 (1.4751e-01)
Epoch: [28][50/66]	Time  0.976 ( 1.166)	Loss_VinDrCXR_rad8 cls 1.1082e-01 (1.1662e-01)	Loss_VinDrCXR_rad8 mse 1.6772e-01 (1.8654e-01)
Epoch: [28] Train_Loss_cls: 1.1334e-01 Train_Loss_mse: 1.8283e-01
Epoch: [28][ 0/62]	Time  9.215 ( 9.215)	Loss_VinDrCXR_rad9 cls 1.9568e-01 (1.9568e-01)	Loss_VinDrCXR_rad9 mse 1.7582e-01 (1.7582e-01)
Epoch: [28][50/62]	Time  0.979 ( 1.201)	Loss_VinDrCXR_rad9 cls 1.6857e-01 (1.6131e-01)	Loss_VinDrCXR_rad9 mse 1.7398e-01 (1.8400e-01)
Epoch: [28] Train_Loss_cls: 1.6142e-01 Train_Loss_mse: 1.8397e-01
Epoch: [28][ 0/65]	Time  8.520 ( 8.520)	Loss_VinDrCXR_rad10 cls 1.3473e-01 (1.3473e-01)	Loss_VinDrCXR_rad10 mse 2.1760e-01 (2.1760e-01)
Epoch: [28][50/65]	Time  0.975 ( 1.211)	Loss_VinDrCXR_rad10 cls 1.2209e-01 (1.2021e-01)	Loss_VinDrCXR_rad10 mse 1.6027e-01 (1.7608e-01)
Epoch: [28] Train_Loss_cls: 1.2210e-01 Train_Loss_mse: 1.7400e-01
Epoch: [28][ 0/16]	Time  9.025 ( 9.025)	Loss_VinDrCXR_rad11 cls 3.7581e-02 (3.7581e-02)	Loss_VinDrCXR_rad11 mse 8.7183e-02 (8.7183e-02)
Epoch: [28] Train_Loss_cls: 2.7597e-02 Train_Loss_mse: 8.1679e-02
Epoch: [28][ 0/17]	Time  8.824 ( 8.824)	Loss_VinDrCXR_rad12 cls 2.6995e-02 (2.6995e-02)	Loss_VinDrCXR_rad12 mse 8.8280e-02 (8.8280e-02)
Epoch: [28] Train_Loss_cls: 2.3367e-02 Train_Loss_mse: 7.8763e-02
Epoch: [28][ 0/17]	Time  8.585 ( 8.585)	Loss_VinDrCXR_rad13 cls 3.0123e-02 (3.0123e-02)	Loss_VinDrCXR_rad13 mse 1.1179e-01 (1.1179e-01)
Epoch: [28] Train_Loss_cls: 2.9524e-02 Train_Loss_mse: 8.2086e-02
Epoch: [28][ 0/15]	Time  8.360 ( 8.360)	Loss_VinDrCXR_rad14 cls 2.6023e-02 (2.6023e-02)	Loss_VinDrCXR_rad14 mse 7.6987e-02 (7.6987e-02)
Epoch: [28] Train_Loss_cls: 3.5500e-02 Train_Loss_mse: 8.0913e-02
Epoch: [28][ 0/17]	Time  8.739 ( 8.739)	Loss_VinDrCXR_rad15 cls 4.0674e-02 (4.0674e-02)	Loss_VinDrCXR_rad15 mse 9.3207e-02 (9.3207e-02)
Epoch: [28] Train_Loss_cls: 3.4203e-02 Train_Loss_mse: 8.0010e-02
Epoch: [28][ 0/17]	Time  8.747 ( 8.747)	Loss_VinDrCXR_rad16 cls 3.2725e-02 (3.2725e-02)	Loss_VinDrCXR_rad16 mse 8.5726e-02 (8.5726e-02)
Epoch: [28] Train_Loss_cls: 2.3559e-02 Train_Loss_mse: 8.3037e-02
Epoch: [28][0/8]	Time  8.429 ( 8.429)	Loss_VinDrCXR_rad17 cls 5.6447e-02 (5.6447e-02)	Loss_VinDrCXR_rad17 mse 7.1099e-02 (7.1099e-02)
Epoch: [28] Train_Loss_cls: 2.6189e-02 Train_Loss_mse: 6.6362e-02
Val_VinDrCXR_rad1: [ 0/30]	Time  7.144 ( 7.144)	Loss 7.1150e-01 (7.1150e-01)
Epoch 0028: avg_val_loss 0.29202, saving model to ./Models/swin_base_Ark_Finetune_17Rad/Ark_PlusArk_Finetune_17Rad/Ark_Finetune_17Rad/Ark_PlusArk_Finetune_17Rad
Epoch: [29][ 0/20]	Time  8.752 ( 8.752)	Loss_VinDrCXR_rad1 cls 1.6082e-03 (1.6082e-03)	Loss_VinDrCXR_rad1 mse 5.8800e-02 (5.8800e-02)
Epoch: [29] Train_Loss_cls: 1.6841e-03 Train_Loss_mse: 4.7946e-02
Epoch: [29][ 0/32]	Time  8.716 ( 8.716)	Loss_VinDrCXR_rad2 cls 7.2360e-04 (7.2360e-04)	Loss_VinDrCXR_rad2 mse 5.5359e-02 (5.5359e-02)
Epoch: [29] Train_Loss_cls: 4.1180e-03 Train_Loss_mse: 5.1214e-02
Epoch: [29][ 0/23]	Time  8.745 ( 8.745)	Loss_VinDrCXR_rad3 cls 3.0463e-04 (3.0463e-04)	Loss_VinDrCXR_rad3 mse 4.1705e-02 (4.1705e-02)
Epoch: [29] Train_Loss_cls: 1.8027e-03 Train_Loss_mse: 4.6868e-02
Epoch: [29][ 0/16]	Time  8.275 ( 8.275)	Loss_VinDrCXR_rad4 cls 4.1395e-04 (4.1395e-04)	Loss_VinDrCXR_rad4 mse 4.8429e-02 (4.8429e-02)
Epoch: [29] Train_Loss_cls: 2.3463e-03 Train_Loss_mse: 4.1401e-02
Epoch: [29][ 0/28]	Time  8.203 ( 8.203)	Loss_VinDrCXR_rad5 cls 4.0475e-04 (4.0475e-04)	Loss_VinDrCXR_rad5 mse 4.3562e-02 (4.3562e-02)
Epoch: [29] Train_Loss_cls: 3.5380e-03 Train_Loss_mse: 4.2750e-02
Epoch: [29][ 0/21]	Time  8.467 ( 8.467)	Loss_VinDrCXR_rad6 cls 4.0032e-04 (4.0032e-04)	Loss_VinDrCXR_rad6 mse 5.4919e-02 (5.4919e-02)
Epoch: [29] Train_Loss_cls: 4.8959e-04 Train_Loss_mse: 4.5279e-02
Epoch: [29][ 0/18]	Time  8.473 ( 8.473)	Loss_VinDrCXR_rad7 cls 1.1899e-02 (1.1899e-02)	Loss_VinDrCXR_rad7 mse 3.9096e-02 (3.9096e-02)
Epoch: [29] Train_Loss_cls: 2.0135e-03 Train_Loss_mse: 4.2186e-02
Epoch: [29][ 0/66]	Time  8.538 ( 8.538)	Loss_VinDrCXR_rad8 cls 3.1091e-01 (3.1091e-01)	Loss_VinDrCXR_rad8 mse 2.6321e-01 (2.6321e-01)
Epoch: [29][50/66]	Time  0.977 ( 1.163)	Loss_VinDrCXR_rad8 cls 1.1807e-01 (1.1028e-01)	Loss_VinDrCXR_rad8 mse 1.7382e-01 (1.7057e-01)
Epoch: [29] Train_Loss_cls: 1.0885e-01 Train_Loss_mse: 1.7059e-01
Epoch: [29][ 0/62]	Time  8.676 ( 8.676)	Loss_VinDrCXR_rad9 cls 2.0262e-01 (2.0262e-01)	Loss_VinDrCXR_rad9 mse 1.5083e-01 (1.5083e-01)
Epoch: [29][50/62]	Time  0.975 ( 1.159)	Loss_VinDrCXR_rad9 cls 1.7536e-01 (1.5833e-01)	Loss_VinDrCXR_rad9 mse 1.8893e-01 (1.8371e-01)
Epoch: [29] Train_Loss_cls: 1.5881e-01 Train_Loss_mse: 1.8304e-01
Epoch: [29][ 0/65]	Time  8.689 ( 8.689)	Loss_VinDrCXR_rad10 cls 1.0384e-01 (1.0384e-01)	Loss_VinDrCXR_rad10 mse 1.3962e-01 (1.3962e-01)
Epoch: [29][50/65]	Time  0.978 ( 1.180)	Loss_VinDrCXR_rad10 cls 9.8672e-02 (1.2233e-01)	Loss_VinDrCXR_rad10 mse 1.3914e-01 (1.8001e-01)
Epoch: [29] Train_Loss_cls: 1.1972e-01 Train_Loss_mse: 1.8074e-01
Epoch: [29][ 0/16]	Time  8.809 ( 8.809)	Loss_VinDrCXR_rad11 cls 4.2241e-02 (4.2241e-02)	Loss_VinDrCXR_rad11 mse 9.0452e-02 (9.0452e-02)
Epoch: [29] Train_Loss_cls: 2.5968e-02 Train_Loss_mse: 8.8638e-02
Epoch: [29][ 0/17]	Time  8.836 ( 8.836)	Loss_VinDrCXR_rad12 cls 4.9272e-02 (4.9272e-02)	Loss_VinDrCXR_rad12 mse 7.9619e-02 (7.9619e-02)
Epoch: [29] Train_Loss_cls: 2.3495e-02 Train_Loss_mse: 8.2371e-02
Epoch: [29][ 0/17]	Time  8.399 ( 8.399)	Loss_VinDrCXR_rad13 cls 9.6174e-03 (9.6174e-03)	Loss_VinDrCXR_rad13 mse 7.6695e-02 (7.6695e-02)
Epoch: [29] Train_Loss_cls: 2.6195e-02 Train_Loss_mse: 8.3365e-02
Epoch: [29][ 0/15]	Time  8.811 ( 8.811)	Loss_VinDrCXR_rad14 cls 2.1868e-02 (2.1868e-02)	Loss_VinDrCXR_rad14 mse 9.1188e-02 (9.1188e-02)
Epoch: [29] Train_Loss_cls: 3.3442e-02 Train_Loss_mse: 8.7492e-02
Epoch: [29][ 0/17]	Time  8.743 ( 8.743)	Loss_VinDrCXR_rad15 cls 8.3122e-02 (8.3122e-02)	Loss_VinDrCXR_rad15 mse 1.4521e-01 (1.4521e-01)
Epoch: [29] Train_Loss_cls: 3.2391e-02 Train_Loss_mse: 8.4041e-02
Epoch: [29][ 0/17]	Time  8.901 ( 8.901)	Loss_VinDrCXR_rad16 cls 1.6616e-02 (1.6616e-02)	Loss_VinDrCXR_rad16 mse 8.3792e-02 (8.3792e-02)
Epoch: [29] Train_Loss_cls: 2.1289e-02 Train_Loss_mse: 8.5821e-02
Epoch: [29][0/8]	Time  8.796 ( 8.796)	Loss_VinDrCXR_rad17 cls 2.7050e-02 (2.7050e-02)	Loss_VinDrCXR_rad17 mse 7.1812e-02 (7.1812e-02)
Epoch: [29] Train_Loss_cls: 2.8090e-02 Train_Loss_mse: 7.2087e-02
Val_VinDrCXR_rad1: [ 0/30]	Time  7.164 ( 7.164)	Loss 7.2319e-01 (7.2319e-01)
Epoch 0029: avg_val_loss 0.29082, saving model to ./Models/swin_base_Ark_Finetune_17Rad/Ark_PlusArk_Finetune_17Rad/Ark_Finetune_17Rad/Ark_PlusArk_Finetune_17Rad
Epoch: [30][ 0/20]	Time  8.697 ( 8.697)	Loss_VinDrCXR_rad1 cls 1.1801e-02 (1.1801e-02)	Loss_VinDrCXR_rad1 mse 6.0331e-02 (6.0331e-02)
Epoch: [30] Train_Loss_cls: 2.4486e-03 Train_Loss_mse: 5.2715e-02
Epoch: [30][ 0/32]	Time  8.337 ( 8.337)	Loss_VinDrCXR_rad2 cls 1.4258e-03 (1.4258e-03)	Loss_VinDrCXR_rad2 mse 5.6940e-02 (5.6940e-02)
Epoch: [30] Train_Loss_cls: 3.9240e-03 Train_Loss_mse: 5.3380e-02
Epoch: [30][ 0/23]	Time  8.430 ( 8.430)	Loss_VinDrCXR_rad3 cls 3.7281e-04 (3.7281e-04)	Loss_VinDrCXR_rad3 mse 6.0504e-02 (6.0504e-02)
Epoch: [30] Train_Loss_cls: 1.6863e-03 Train_Loss_mse: 4.9851e-02
Epoch: [30][ 0/16]	Time  8.385 ( 8.385)	Loss_VinDrCXR_rad4 cls 3.5700e-04 (3.5700e-04)	Loss_VinDrCXR_rad4 mse 4.4779e-02 (4.4779e-02)
Epoch: [30] Train_Loss_cls: 2.0977e-03 Train_Loss_mse: 4.3288e-02
Epoch: [30][ 0/28]	Time  8.515 ( 8.515)	Loss_VinDrCXR_rad5 cls 3.2847e-04 (3.2847e-04)	Loss_VinDrCXR_rad5 mse 4.5458e-02 (4.5458e-02)
Epoch: [30] Train_Loss_cls: 3.5865e-03 Train_Loss_mse: 4.5454e-02
Epoch: [30][ 0/21]	Time  8.459 ( 8.459)	Loss_VinDrCXR_rad6 cls 6.5967e-04 (6.5967e-04)	Loss_VinDrCXR_rad6 mse 4.8958e-02 (4.8958e-02)
Epoch: [30] Train_Loss_cls: 4.9347e-04 Train_Loss_mse: 4.6318e-02
Epoch: [30][ 0/18]	Time  8.418 ( 8.418)	Loss_VinDrCXR_rad7 cls 2.9816e-04 (2.9816e-04)	Loss_VinDrCXR_rad7 mse 4.2410e-02 (4.2410e-02)
Epoch: [30] Train_Loss_cls: 1.9594e-03 Train_Loss_mse: 4.4693e-02
Epoch: [30][ 0/66]	Time  8.892 ( 8.892)	Loss_VinDrCXR_rad8 cls 3.4460e-01 (3.4460e-01)	Loss_VinDrCXR_rad8 mse 2.3522e-01 (2.3522e-01)
Epoch: [30][50/66]	Time  0.975 ( 1.143)	Loss_VinDrCXR_rad8 cls 8.7463e-02 (1.1721e-01)	Loss_VinDrCXR_rad8 mse 2.1658e-01 (1.8125e-01)
Epoch: [30] Train_Loss_cls: 1.1327e-01 Train_Loss_mse: 1.8071e-01
Epoch: [30][ 0/62]	Time  8.552 ( 8.552)	Loss_VinDrCXR_rad9 cls 2.1895e-01 (2.1895e-01)	Loss_VinDrCXR_rad9 mse 1.8101e-01 (1.8101e-01)
Epoch: [30][50/62]	Time  0.976 ( 1.138)	Loss_VinDrCXR_rad9 cls 1.6327e-01 (1.6175e-01)	Loss_VinDrCXR_rad9 mse 2.0171e-01 (1.8671e-01)
Epoch: [30] Train_Loss_cls: 1.6079e-01 Train_Loss_mse: 1.9173e-01
Epoch: [30][ 0/65]	Time  8.797 ( 8.797)	Loss_VinDrCXR_rad10 cls 1.4324e-01 (1.4324e-01)	Loss_VinDrCXR_rad10 mse 2.3313e-01 (2.3313e-01)
Epoch: [30][50/65]	Time  0.976 ( 1.203)	Loss_VinDrCXR_rad10 cls 1.0942e-01 (1.1850e-01)	Loss_VinDrCXR_rad10 mse 1.3175e-01 (1.8264e-01)
Epoch: [30] Train_Loss_cls: 1.1861e-01 Train_Loss_mse: 1.7827e-01
Epoch: [30][ 0/16]	Time  8.464 ( 8.464)	Loss_VinDrCXR_rad11 cls 4.5225e-02 (4.5225e-02)	Loss_VinDrCXR_rad11 mse 9.4722e-02 (9.4722e-02)
Epoch: [30] Train_Loss_cls: 2.8497e-02 Train_Loss_mse: 9.0293e-02
Epoch: [30][ 0/17]	Time  8.799 ( 8.799)	Loss_VinDrCXR_rad12 cls 1.6461e-02 (1.6461e-02)	Loss_VinDrCXR_rad12 mse 6.9673e-02 (6.9673e-02)
Epoch: [30] Train_Loss_cls: 2.1577e-02 Train_Loss_mse: 8.0058e-02
Epoch: [30][ 0/17]	Time  8.415 ( 8.415)	Loss_VinDrCXR_rad13 cls 2.2388e-02 (2.2388e-02)	Loss_VinDrCXR_rad13 mse 1.1081e-01 (1.1081e-01)
Epoch: [30] Train_Loss_cls: 2.7934e-02 Train_Loss_mse: 8.6596e-02
Epoch: [30][ 0/15]	Time  8.670 ( 8.670)	Loss_VinDrCXR_rad14 cls 4.3565e-02 (4.3565e-02)	Loss_VinDrCXR_rad14 mse 8.0846e-02 (8.0846e-02)
Epoch: [30] Train_Loss_cls: 3.6427e-02 Train_Loss_mse: 8.6682e-02
Epoch: [30][ 0/17]	Time  8.923 ( 8.923)	Loss_VinDrCXR_rad15 cls 9.3356e-03 (9.3356e-03)	Loss_VinDrCXR_rad15 mse 6.1686e-02 (6.1686e-02)
Epoch: [30] Train_Loss_cls: 3.2677e-02 Train_Loss_mse: 8.3757e-02
Epoch: [30][ 0/17]	Time  8.306 ( 8.306)	Loss_VinDrCXR_rad16 cls 2.2645e-02 (2.2645e-02)	Loss_VinDrCXR_rad16 mse 7.3953e-02 (7.3953e-02)
Epoch: [30] Train_Loss_cls: 2.5168e-02 Train_Loss_mse: 7.7905e-02
Epoch: [30][0/8]	Time  8.235 ( 8.235)	Loss_VinDrCXR_rad17 cls 2.7552e-02 (2.7552e-02)	Loss_VinDrCXR_rad17 mse 4.9414e-02 (4.9414e-02)
Epoch: [30] Train_Loss_cls: 2.6420e-02 Train_Loss_mse: 6.2924e-02
Val_VinDrCXR_rad1: [ 0/30]	Time  7.137 ( 7.137)	Loss 7.1875e-01 (7.1875e-01)
Epoch 0030: avg_val_loss 0.29356, saving model to ./Models/swin_base_Ark_Finetune_17Rad/Ark_PlusArk_Finetune_17Rad/Ark_Finetune_17Rad/Ark_PlusArk_Finetune_17Rad
>>VinDrCXR_rad1 Disease = ['PE', 'Lung tumor', 'Pneumonia', 'Tuberculosis', 'Other diseases', 'No finding']
>>VinDrCXR_rad1:Student AUC = [0.9885	0.9044	0.9596	0.962 	0.8345	0.9444], 
Teacher AUC = [0.9887	0.9013	0.9605	0.9617	0.8425	0.947 ]

>>VinDrCXR_rad1: Student mAUC = 0.9322, Teacher mAUC = 0.9336
Omni-pretraining stage: 
Student meanAUC = 
[[0.9468759507134883], [0.9454261264448013], [0.9389692516963958], [0.9338567099466557], [0.9322285595158992]] 
Teacher meanAUC = 
[[0.9468759507134883], [0.9460270675389304], [0.9413547485728361], [0.9352525270339678], [0.933640160889925]]

Epoch: [31][ 0/20]	Time  8.855 ( 8.855)	Loss_VinDrCXR_rad1 cls 3.0672e-03 (3.0672e-03)	Loss_VinDrCXR_rad1 mse 5.1403e-02 (5.1403e-02)
Epoch: [31] Train_Loss_cls: 2.1418e-03 Train_Loss_mse: 4.9640e-02
Epoch: [31][ 0/32]	Time  8.829 ( 8.829)	Loss_VinDrCXR_rad2 cls 8.8580e-04 (8.8580e-04)	Loss_VinDrCXR_rad2 mse 6.0762e-02 (6.0762e-02)
Epoch: [31] Train_Loss_cls: 3.9580e-03 Train_Loss_mse: 5.2066e-02
Epoch: [31][ 0/23]	Time  8.505 ( 8.505)	Loss_VinDrCXR_rad3 cls 6.1186e-04 (6.1186e-04)	Loss_VinDrCXR_rad3 mse 4.6781e-02 (4.6781e-02)
Epoch: [31] Train_Loss_cls: 1.4805e-03 Train_Loss_mse: 4.7281e-02
Epoch: [31][ 0/16]	Time  9.125 ( 9.125)	Loss_VinDrCXR_rad4 cls 3.3573e-04 (3.3573e-04)	Loss_VinDrCXR_rad4 mse 4.6743e-02 (4.6743e-02)
Epoch: [31] Train_Loss_cls: 2.4003e-03 Train_Loss_mse: 4.0264e-02
Epoch: [31][ 0/28]	Time  9.957 ( 9.957)	Loss_VinDrCXR_rad5 cls 1.5223e-04 (1.5223e-04)	Loss_VinDrCXR_rad5 mse 4.2104e-02 (4.2104e-02)
Epoch: [31] Train_Loss_cls: 3.2030e-03 Train_Loss_mse: 4.3344e-02
Epoch: [31][ 0/21]	Time  8.397 ( 8.397)	Loss_VinDrCXR_rad6 cls 1.8870e-03 (1.8870e-03)	Loss_VinDrCXR_rad6 mse 5.3515e-02 (5.3515e-02)
Epoch: [31] Train_Loss_cls: 6.1558e-04 Train_Loss_mse: 4.5667e-02
Epoch: [31][ 0/18]	Time  8.280 ( 8.280)	Loss_VinDrCXR_rad7 cls 5.5430e-04 (5.5430e-04)	Loss_VinDrCXR_rad7 mse 4.8402e-02 (4.8402e-02)
Epoch: [31] Train_Loss_cls: 1.8098e-03 Train_Loss_mse: 4.4733e-02
Epoch: [31][ 0/66]	Time  8.819 ( 8.819)	Loss_VinDrCXR_rad8 cls 3.0820e-01 (3.0820e-01)	Loss_VinDrCXR_rad8 mse 2.0188e-01 (2.0188e-01)
Epoch: [31][50/66]	Time  0.977 ( 1.164)	Loss_VinDrCXR_rad8 cls 1.0526e-01 (1.1598e-01)	Loss_VinDrCXR_rad8 mse 2.1732e-01 (1.8694e-01)
Epoch: [31] Train_Loss_cls: 1.1174e-01 Train_Loss_mse: 1.8283e-01
Epoch: [31][ 0/62]	Time  8.243 ( 8.243)	Loss_VinDrCXR_rad9 cls 1.5929e-01 (1.5929e-01)	Loss_VinDrCXR_rad9 mse 1.7264e-01 (1.7264e-01)
Epoch: [31][50/62]	Time  0.975 ( 1.186)	Loss_VinDrCXR_rad9 cls 1.6300e-01 (1.5581e-01)	Loss_VinDrCXR_rad9 mse 2.0740e-01 (1.8923e-01)
Epoch: [31] Train_Loss_cls: 1.5643e-01 Train_Loss_mse: 1.8836e-01
Epoch: [31][ 0/65]	Time  8.604 ( 8.604)	Loss_VinDrCXR_rad10 cls 1.3439e-01 (1.3439e-01)	Loss_VinDrCXR_rad10 mse 1.6156e-01 (1.6156e-01)
Epoch: [31][50/65]	Time  0.975 ( 1.170)	Loss_VinDrCXR_rad10 cls 1.3323e-01 (1.2150e-01)	Loss_VinDrCXR_rad10 mse 2.5386e-01 (1.7853e-01)
Epoch: [31] Train_Loss_cls: 1.1941e-01 Train_Loss_mse: 1.7628e-01
Epoch: [31][ 0/16]	Time  8.740 ( 8.740)	Loss_VinDrCXR_rad11 cls 3.2383e-02 (3.2383e-02)	Loss_VinDrCXR_rad11 mse 1.1331e-01 (1.1331e-01)
Epoch: [31] Train_Loss_cls: 2.3375e-02 Train_Loss_mse: 8.1383e-02
Epoch: [31][ 0/17]	Time  8.546 ( 8.546)	Loss_VinDrCXR_rad12 cls 7.8176e-03 (7.8176e-03)	Loss_VinDrCXR_rad12 mse 6.1413e-02 (6.1413e-02)
Epoch: [31] Train_Loss_cls: 2.7635e-02 Train_Loss_mse: 7.8515e-02
Epoch: [31][ 0/17]	Time  8.289 ( 8.289)	Loss_VinDrCXR_rad13 cls 3.1033e-02 (3.1033e-02)	Loss_VinDrCXR_rad13 mse 9.5828e-02 (9.5828e-02)
Epoch: [31] Train_Loss_cls: 2.8216e-02 Train_Loss_mse: 8.6757e-02
Epoch: [31][ 0/15]	Time  8.845 ( 8.845)	Loss_VinDrCXR_rad14 cls 4.0726e-02 (4.0726e-02)	Loss_VinDrCXR_rad14 mse 1.0049e-01 (1.0049e-01)
Epoch: [31] Train_Loss_cls: 3.7155e-02 Train_Loss_mse: 8.9592e-02
Epoch: [31][ 0/17]	Time  8.224 ( 8.224)	Loss_VinDrCXR_rad15 cls 3.3503e-02 (3.3503e-02)	Loss_VinDrCXR_rad15 mse 7.1130e-02 (7.1130e-02)
Epoch: [31] Train_Loss_cls: 3.1002e-02 Train_Loss_mse: 8.0760e-02
Epoch: [31][ 0/17]	Time  9.165 ( 9.165)	Loss_VinDrCXR_rad16 cls 3.7819e-02 (3.7819e-02)	Loss_VinDrCXR_rad16 mse 8.6203e-02 (8.6203e-02)
Epoch: [31] Train_Loss_cls: 2.0468e-02 Train_Loss_mse: 7.9838e-02
Epoch: [31][0/8]	Time  8.659 ( 8.659)	Loss_VinDrCXR_rad17 cls 5.3335e-02 (5.3335e-02)	Loss_VinDrCXR_rad17 mse 6.3356e-02 (6.3356e-02)
Epoch: [31] Train_Loss_cls: 2.7514e-02 Train_Loss_mse: 6.2305e-02
Val_VinDrCXR_rad1: [ 0/30]	Time  7.208 ( 7.208)	Loss 7.3718e-01 (7.3718e-01)
Epoch 0031: avg_val_loss 0.29852, saving model to ./Models/swin_base_Ark_Finetune_17Rad/Ark_PlusArk_Finetune_17Rad/Ark_Finetune_17Rad/Ark_PlusArk_Finetune_17Rad
Epoch: [32][ 0/20]	Time  8.704 ( 8.704)	Loss_VinDrCXR_rad1 cls 1.5252e-03 (1.5252e-03)	Loss_VinDrCXR_rad1 mse 4.8110e-02 (4.8110e-02)
Epoch: [32] Train_Loss_cls: 1.6899e-03 Train_Loss_mse: 4.7110e-02
Epoch: [32][ 0/32]	Time  9.301 ( 9.301)	Loss_VinDrCXR_rad2 cls 1.6233e-03 (1.6233e-03)	Loss_VinDrCXR_rad2 mse 4.3160e-02 (4.3160e-02)
Epoch: [32] Train_Loss_cls: 3.6461e-03 Train_Loss_mse: 4.9230e-02
Epoch: [32][ 0/23]	Time  9.637 ( 9.637)	Loss_VinDrCXR_rad3 cls 4.4651e-04 (4.4651e-04)	Loss_VinDrCXR_rad3 mse 4.7396e-02 (4.7396e-02)
Epoch: [32] Train_Loss_cls: 2.5538e-03 Train_Loss_mse: 4.4571e-02
Epoch: [32][ 0/16]	Time  8.624 ( 8.624)	Loss_VinDrCXR_rad4 cls 2.4682e-04 (2.4682e-04)	Loss_VinDrCXR_rad4 mse 4.8444e-02 (4.8444e-02)
Epoch: [32] Train_Loss_cls: 2.4428e-03 Train_Loss_mse: 3.9555e-02
Epoch: [32][ 0/28]	Time  7.981 ( 7.981)	Loss_VinDrCXR_rad5 cls 4.1929e-04 (4.1929e-04)	Loss_VinDrCXR_rad5 mse 4.9083e-02 (4.9083e-02)
Epoch: [32] Train_Loss_cls: 3.5343e-03 Train_Loss_mse: 4.2390e-02
Epoch: [32][ 0/21]	Time  8.690 ( 8.690)	Loss_VinDrCXR_rad6 cls 5.6970e-04 (5.6970e-04)	Loss_VinDrCXR_rad6 mse 3.3584e-02 (3.3584e-02)
Epoch: [32] Train_Loss_cls: 6.0077e-04 Train_Loss_mse: 4.4310e-02
Epoch: [32][ 0/18]	Time  8.503 ( 8.503)	Loss_VinDrCXR_rad7 cls 3.9637e-04 (3.9637e-04)	Loss_VinDrCXR_rad7 mse 4.7554e-02 (4.7554e-02)
Epoch: [32] Train_Loss_cls: 2.1161e-03 Train_Loss_mse: 4.4783e-02
Epoch: [32][ 0/66]	Time  8.687 ( 8.687)	Loss_VinDrCXR_rad8 cls 3.3486e-01 (3.3486e-01)	Loss_VinDrCXR_rad8 mse 1.9167e-01 (1.9167e-01)
Epoch: [32][50/66]	Time  0.975 ( 1.164)	Loss_VinDrCXR_rad8 cls 1.0766e-01 (1.1236e-01)	Loss_VinDrCXR_rad8 mse 1.3841e-01 (1.8594e-01)
Epoch: [32] Train_Loss_cls: 1.1204e-01 Train_Loss_mse: 1.8451e-01
Epoch: [32][ 0/62]	Time  8.736 ( 8.736)	Loss_VinDrCXR_rad9 cls 2.1553e-01 (2.1553e-01)	Loss_VinDrCXR_rad9 mse 1.7595e-01 (1.7595e-01)
Epoch: [32][50/62]	Time  0.977 ( 1.185)	Loss_VinDrCXR_rad9 cls 1.4185e-01 (1.5540e-01)	Loss_VinDrCXR_rad9 mse 1.6704e-01 (1.8776e-01)
Epoch: [32] Train_Loss_cls: 1.5530e-01 Train_Loss_mse: 1.8510e-01
Epoch: [32][ 0/65]	Time  9.091 ( 9.091)	Loss_VinDrCXR_rad10 cls 1.6563e-01 (1.6563e-01)	Loss_VinDrCXR_rad10 mse 2.1215e-01 (2.1215e-01)
Epoch: [32][50/65]	Time  0.975 ( 1.169)	Loss_VinDrCXR_rad10 cls 1.3107e-01 (1.2356e-01)	Loss_VinDrCXR_rad10 mse 1.5674e-01 (1.7737e-01)
Epoch: [32] Train_Loss_cls: 1.2173e-01 Train_Loss_mse: 1.8040e-01
Epoch: [32][ 0/16]	Time  8.265 ( 8.265)	Loss_VinDrCXR_rad11 cls 4.4378e-02 (4.4378e-02)	Loss_VinDrCXR_rad11 mse 1.0444e-01 (1.0444e-01)
Epoch: [32] Train_Loss_cls: 2.6664e-02 Train_Loss_mse: 8.6034e-02
Epoch: [32][ 0/17]	Time  8.677 ( 8.677)	Loss_VinDrCXR_rad12 cls 1.4646e-02 (1.4646e-02)	Loss_VinDrCXR_rad12 mse 8.2648e-02 (8.2648e-02)
Epoch: [32] Train_Loss_cls: 2.2328e-02 Train_Loss_mse: 8.0048e-02
Epoch: [32][ 0/17]	Time  9.000 ( 9.000)	Loss_VinDrCXR_rad13 cls 4.9008e-02 (4.9008e-02)	Loss_VinDrCXR_rad13 mse 7.2634e-02 (7.2634e-02)
Epoch: [32] Train_Loss_cls: 2.5782e-02 Train_Loss_mse: 8.2612e-02
Epoch: [32][ 0/15]	Time  8.455 ( 8.455)	Loss_VinDrCXR_rad14 cls 3.5847e-02 (3.5847e-02)	Loss_VinDrCXR_rad14 mse 9.3813e-02 (9.3813e-02)
Epoch: [32] Train_Loss_cls: 3.7111e-02 Train_Loss_mse: 8.6049e-02
Epoch: [32][ 0/17]	Time  8.655 ( 8.655)	Loss_VinDrCXR_rad15 cls 2.7622e-02 (2.7622e-02)	Loss_VinDrCXR_rad15 mse 8.3188e-02 (8.3188e-02)
Epoch: [32] Train_Loss_cls: 3.2992e-02 Train_Loss_mse: 8.2924e-02
Epoch: [32][ 0/17]	Time  8.465 ( 8.465)	Loss_VinDrCXR_rad16 cls 1.9182e-02 (1.9182e-02)	Loss_VinDrCXR_rad16 mse 7.3474e-02 (7.3474e-02)
Epoch: [32] Train_Loss_cls: 2.2780e-02 Train_Loss_mse: 8.6420e-02
Epoch: [32][0/8]	Time  8.726 ( 8.726)	Loss_VinDrCXR_rad17 cls 6.1056e-03 (6.1056e-03)	Loss_VinDrCXR_rad17 mse 5.4636e-02 (5.4636e-02)
Epoch: [32] Train_Loss_cls: 2.4082e-02 Train_Loss_mse: 6.3704e-02
Val_VinDrCXR_rad1: [ 0/30]	Time  7.277 ( 7.277)	Loss 6.5826e-01 (6.5826e-01)
Epoch 0032: avg_val_loss 0.26888, saving model to ./Models/swin_base_Ark_Finetune_17Rad/Ark_PlusArk_Finetune_17Rad/Ark_Finetune_17Rad/Ark_PlusArk_Finetune_17Rad
Epoch: [33][ 0/20]	Time  8.461 ( 8.461)	Loss_VinDrCXR_rad1 cls 2.2429e-03 (2.2429e-03)	Loss_VinDrCXR_rad1 mse 5.5637e-02 (5.5637e-02)
Epoch: [33] Train_Loss_cls: 1.9014e-03 Train_Loss_mse: 4.7589e-02
Epoch: [33][ 0/32]	Time  8.742 ( 8.742)	Loss_VinDrCXR_rad2 cls 5.8270e-04 (5.8270e-04)	Loss_VinDrCXR_rad2 mse 4.7907e-02 (4.7907e-02)
Epoch: [33] Train_Loss_cls: 4.1144e-03 Train_Loss_mse: 5.1495e-02
Epoch: [33][ 0/23]	Time  8.581 ( 8.581)	Loss_VinDrCXR_rad3 cls 3.1815e-04 (3.1815e-04)	Loss_VinDrCXR_rad3 mse 4.6770e-02 (4.6770e-02)
Epoch: [33] Train_Loss_cls: 1.1184e-03 Train_Loss_mse: 4.5448e-02
Epoch: [33][ 0/16]	Time  8.614 ( 8.614)	Loss_VinDrCXR_rad4 cls 2.0574e-03 (2.0574e-03)	Loss_VinDrCXR_rad4 mse 3.4398e-02 (3.4398e-02)
Epoch: [33] Train_Loss_cls: 2.2785e-03 Train_Loss_mse: 3.9263e-02
Epoch: [33][ 0/28]	Time  8.282 ( 8.282)	Loss_VinDrCXR_rad5 cls 2.0163e-04 (2.0163e-04)	Loss_VinDrCXR_rad5 mse 4.8027e-02 (4.8027e-02)
Epoch: [33] Train_Loss_cls: 3.4831e-03 Train_Loss_mse: 4.2475e-02
Epoch: [33][ 0/21]	Time  8.510 ( 8.510)	Loss_VinDrCXR_rad6 cls 3.0889e-04 (3.0889e-04)	Loss_VinDrCXR_rad6 mse 4.1944e-02 (4.1944e-02)
Epoch: [33] Train_Loss_cls: 5.3100e-04 Train_Loss_mse: 4.5312e-02
Epoch: [33][ 0/18]	Time  8.598 ( 8.598)	Loss_VinDrCXR_rad7 cls 2.1631e-04 (2.1631e-04)	Loss_VinDrCXR_rad7 mse 4.4509e-02 (4.4509e-02)
Epoch: [33] Train_Loss_cls: 2.3500e-03 Train_Loss_mse: 4.2526e-02
Epoch: [33][ 0/66]	Time  8.772 ( 8.772)	Loss_VinDrCXR_rad8 cls 2.8005e-01 (2.8005e-01)	Loss_VinDrCXR_rad8 mse 1.5805e-01 (1.5805e-01)
Epoch: [33][50/66]	Time  0.975 ( 1.161)	Loss_VinDrCXR_rad8 cls 8.3860e-02 (1.1712e-01)	Loss_VinDrCXR_rad8 mse 1.7236e-01 (1.9025e-01)
Epoch: [33] Train_Loss_cls: 1.1383e-01 Train_Loss_mse: 1.8765e-01
Epoch: [33][ 0/62]	Time  8.958 ( 8.958)	Loss_VinDrCXR_rad9 cls 1.5598e-01 (1.5598e-01)	Loss_VinDrCXR_rad9 mse 1.8597e-01 (1.8597e-01)
Epoch: [33][50/62]	Time  0.975 ( 1.170)	Loss_VinDrCXR_rad9 cls 1.5029e-01 (1.5987e-01)	Loss_VinDrCXR_rad9 mse 2.7781e-01 (1.9855e-01)
Epoch: [33] Train_Loss_cls: 1.5875e-01 Train_Loss_mse: 1.9898e-01
Epoch: [33][ 0/65]	Time  8.566 ( 8.566)	Loss_VinDrCXR_rad10 cls 1.1562e-01 (1.1562e-01)	Loss_VinDrCXR_rad10 mse 1.9140e-01 (1.9140e-01)
Epoch: [33][50/65]	Time  0.976 ( 1.144)	Loss_VinDrCXR_rad10 cls 1.0982e-01 (1.1900e-01)	Loss_VinDrCXR_rad10 mse 1.5426e-01 (1.7715e-01)
Epoch: [33] Train_Loss_cls: 1.2046e-01 Train_Loss_mse: 1.7784e-01
Epoch: [33][ 0/16]	Time  8.665 ( 8.665)	Loss_VinDrCXR_rad11 cls 3.5277e-02 (3.5277e-02)	Loss_VinDrCXR_rad11 mse 9.5660e-02 (9.5660e-02)
Epoch: [33] Train_Loss_cls: 2.5378e-02 Train_Loss_mse: 8.7025e-02
Epoch: [33][ 0/17]	Time  8.700 ( 8.700)	Loss_VinDrCXR_rad12 cls 4.1032e-02 (4.1032e-02)	Loss_VinDrCXR_rad12 mse 8.4360e-02 (8.4360e-02)
Epoch: [33] Train_Loss_cls: 2.3185e-02 Train_Loss_mse: 7.9107e-02
Epoch: [33][ 0/17]	Time  8.390 ( 8.390)	Loss_VinDrCXR_rad13 cls 1.0968e-02 (1.0968e-02)	Loss_VinDrCXR_rad13 mse 8.6906e-02 (8.6906e-02)
Epoch: [33] Train_Loss_cls: 2.9392e-02 Train_Loss_mse: 8.4098e-02
Epoch: [33][ 0/15]	Time  8.740 ( 8.740)	Loss_VinDrCXR_rad14 cls 3.9853e-02 (3.9853e-02)	Loss_VinDrCXR_rad14 mse 7.1876e-02 (7.1876e-02)
Epoch: [33] Train_Loss_cls: 3.4532e-02 Train_Loss_mse: 8.3149e-02
Epoch: [33][ 0/17]	Time  8.275 ( 8.275)	Loss_VinDrCXR_rad15 cls 3.1906e-02 (3.1906e-02)	Loss_VinDrCXR_rad15 mse 8.5003e-02 (8.5003e-02)
Epoch: [33] Train_Loss_cls: 3.2230e-02 Train_Loss_mse: 8.0386e-02
Epoch: [33][ 0/17]	Time  9.197 ( 9.197)	Loss_VinDrCXR_rad16 cls 1.2745e-02 (1.2745e-02)	Loss_VinDrCXR_rad16 mse 6.1203e-02 (6.1203e-02)
Epoch: [33] Train_Loss_cls: 2.0500e-02 Train_Loss_mse: 8.0718e-02
Epoch: [33][0/8]	Time  8.758 ( 8.758)	Loss_VinDrCXR_rad17 cls 4.7310e-02 (4.7310e-02)	Loss_VinDrCXR_rad17 mse 6.0457e-02 (6.0457e-02)
Epoch: [33] Train_Loss_cls: 3.0528e-02 Train_Loss_mse: 6.6606e-02
Val_VinDrCXR_rad1: [ 0/30]	Time  7.705 ( 7.705)	Loss 7.4900e-01 (7.4900e-01)
Epoch 0033: avg_val_loss 0.30104, saving model to ./Models/swin_base_Ark_Finetune_17Rad/Ark_PlusArk_Finetune_17Rad/Ark_Finetune_17Rad/Ark_PlusArk_Finetune_17Rad
Epoch: [34][ 0/20]	Time  8.378 ( 8.378)	Loss_VinDrCXR_rad1 cls 4.3606e-03 (4.3606e-03)	Loss_VinDrCXR_rad1 mse 6.4624e-02 (6.4624e-02)
Epoch: [34] Train_Loss_cls: 1.9824e-03 Train_Loss_mse: 4.7963e-02
Epoch: [34][ 0/32]	Time  9.069 ( 9.069)	Loss_VinDrCXR_rad2 cls 3.7162e-04 (3.7162e-04)	Loss_VinDrCXR_rad2 mse 4.2934e-02 (4.2934e-02)
Epoch: [34] Train_Loss_cls: 3.7846e-03 Train_Loss_mse: 5.0940e-02
Epoch: [34][ 0/23]	Time  7.972 ( 7.972)	Loss_VinDrCXR_rad3 cls 7.3021e-04 (7.3021e-04)	Loss_VinDrCXR_rad3 mse 5.2536e-02 (5.2536e-02)
Epoch: [34] Train_Loss_cls: 1.0475e-03 Train_Loss_mse: 4.5334e-02
Epoch: [34][ 0/16]	Time  8.793 ( 8.793)	Loss_VinDrCXR_rad4 cls 5.1368e-04 (5.1368e-04)	Loss_VinDrCXR_rad4 mse 4.9655e-02 (4.9655e-02)
Epoch: [34] Train_Loss_cls: 2.1020e-03 Train_Loss_mse: 4.0526e-02
Epoch: [34][ 0/28]	Time  7.929 ( 7.929)	Loss_VinDrCXR_rad5 cls 3.0264e-04 (3.0264e-04)	Loss_VinDrCXR_rad5 mse 4.7264e-02 (4.7264e-02)
Epoch: [34] Train_Loss_cls: 2.7972e-03 Train_Loss_mse: 4.1254e-02
Epoch: [34][ 0/21]	Time  8.814 ( 8.814)	Loss_VinDrCXR_rad6 cls 5.5944e-04 (5.5944e-04)	Loss_VinDrCXR_rad6 mse 4.5868e-02 (4.5868e-02)
Epoch: [34] Train_Loss_cls: 4.8921e-04 Train_Loss_mse: 4.3268e-02
Epoch: [34][ 0/18]	Time  8.622 ( 8.622)	Loss_VinDrCXR_rad7 cls 1.6201e-02 (1.6201e-02)	Loss_VinDrCXR_rad7 mse 4.5229e-02 (4.5229e-02)
Epoch: [34] Train_Loss_cls: 2.1101e-03 Train_Loss_mse: 4.4304e-02
Epoch: [34][ 0/66]	Time  8.541 ( 8.541)	Loss_VinDrCXR_rad8 cls 2.3526e-01 (2.3526e-01)	Loss_VinDrCXR_rad8 mse 1.3584e-01 (1.3584e-01)
Epoch: [34][50/66]	Time  0.975 ( 1.173)	Loss_VinDrCXR_rad8 cls 7.7275e-02 (1.1188e-01)	Loss_VinDrCXR_rad8 mse 1.5044e-01 (1.8063e-01)
Epoch: [34] Train_Loss_cls: 1.0844e-01 Train_Loss_mse: 1.7753e-01
Epoch: [34][ 0/62]	Time  8.551 ( 8.551)	Loss_VinDrCXR_rad9 cls 1.9230e-01 (1.9230e-01)	Loss_VinDrCXR_rad9 mse 1.4208e-01 (1.4208e-01)
Epoch: [34][50/62]	Time  0.978 ( 1.188)	Loss_VinDrCXR_rad9 cls 1.6994e-01 (1.6053e-01)	Loss_VinDrCXR_rad9 mse 1.8378e-01 (1.8596e-01)
Epoch: [34] Train_Loss_cls: 1.5991e-01 Train_Loss_mse: 1.8808e-01
Epoch: [34][ 0/65]	Time  8.796 ( 8.796)	Loss_VinDrCXR_rad10 cls 1.5167e-01 (1.5167e-01)	Loss_VinDrCXR_rad10 mse 2.2113e-01 (2.2113e-01)
Epoch: [34][50/65]	Time  0.981 ( 1.161)	Loss_VinDrCXR_rad10 cls 1.7925e-01 (1.1722e-01)	Loss_VinDrCXR_rad10 mse 1.3973e-01 (1.7674e-01)
Epoch: [34] Train_Loss_cls: 1.1693e-01 Train_Loss_mse: 1.7716e-01
Epoch: [34][ 0/16]	Time  8.997 ( 8.997)	Loss_VinDrCXR_rad11 cls 4.8128e-02 (4.8128e-02)	Loss_VinDrCXR_rad11 mse 9.8704e-02 (9.8704e-02)
Epoch: [34] Train_Loss_cls: 2.6954e-02 Train_Loss_mse: 9.2852e-02
Epoch: [34][ 0/17]	Time  8.452 ( 8.452)	Loss_VinDrCXR_rad12 cls 2.7249e-02 (2.7249e-02)	Loss_VinDrCXR_rad12 mse 8.8012e-02 (8.8012e-02)
Epoch: [34] Train_Loss_cls: 2.0816e-02 Train_Loss_mse: 7.6539e-02
Epoch: [34][ 0/17]	Time  8.573 ( 8.573)	Loss_VinDrCXR_rad13 cls 1.2615e-02 (1.2615e-02)	Loss_VinDrCXR_rad13 mse 6.5915e-02 (6.5915e-02)
Epoch: [34] Train_Loss_cls: 3.0084e-02 Train_Loss_mse: 8.4084e-02
Epoch: [34][ 0/15]	Time  8.689 ( 8.689)	Loss_VinDrCXR_rad14 cls 1.5622e-02 (1.5622e-02)	Loss_VinDrCXR_rad14 mse 8.0548e-02 (8.0548e-02)
Epoch: [34] Train_Loss_cls: 3.3681e-02 Train_Loss_mse: 8.2811e-02
Epoch: [34][ 0/17]	Time  8.734 ( 8.734)	Loss_VinDrCXR_rad15 cls 3.4884e-02 (3.4884e-02)	Loss_VinDrCXR_rad15 mse 7.8303e-02 (7.8303e-02)
Epoch: [34] Train_Loss_cls: 3.2958e-02 Train_Loss_mse: 8.3904e-02
Epoch: [34][ 0/17]	Time  8.824 ( 8.824)	Loss_VinDrCXR_rad16 cls 2.9114e-02 (2.9114e-02)	Loss_VinDrCXR_rad16 mse 1.0075e-01 (1.0075e-01)
Epoch: [34] Train_Loss_cls: 2.1746e-02 Train_Loss_mse: 8.5147e-02
Epoch: [34][0/8]	Time  9.005 ( 9.005)	Loss_VinDrCXR_rad17 cls 3.5671e-02 (3.5671e-02)	Loss_VinDrCXR_rad17 mse 7.4125e-02 (7.4125e-02)
Epoch: [34] Train_Loss_cls: 2.6228e-02 Train_Loss_mse: 6.6850e-02
Val_VinDrCXR_rad1: [ 0/30]	Time  7.668 ( 7.668)	Loss 7.8711e-01 (7.8711e-01)
Epoch 0034: avg_val_loss 0.31905, saving model to ./Models/swin_base_Ark_Finetune_17Rad/Ark_PlusArk_Finetune_17Rad/Ark_Finetune_17Rad/Ark_PlusArk_Finetune_17Rad
Epoch: [35][ 0/20]	Time  8.567 ( 8.567)	Loss_VinDrCXR_rad1 cls 1.2461e-03 (1.2461e-03)	Loss_VinDrCXR_rad1 mse 4.3635e-02 (4.3635e-02)
Epoch: [35] Train_Loss_cls: 2.3019e-03 Train_Loss_mse: 4.6927e-02
Epoch: [35][ 0/32]	Time  9.188 ( 9.188)	Loss_VinDrCXR_rad2 cls 4.0949e-04 (4.0949e-04)	Loss_VinDrCXR_rad2 mse 5.5803e-02 (5.5803e-02)
Epoch: [35] Train_Loss_cls: 4.2153e-03 Train_Loss_mse: 4.8408e-02
Epoch: [35][ 0/23]	Time  8.794 ( 8.794)	Loss_VinDrCXR_rad3 cls 3.6738e-04 (3.6738e-04)	Loss_VinDrCXR_rad3 mse 3.8789e-02 (3.8789e-02)
Epoch: [35] Train_Loss_cls: 9.1941e-04 Train_Loss_mse: 4.3381e-02
Epoch: [35][ 0/16]	Time  8.218 ( 8.218)	Loss_VinDrCXR_rad4 cls 5.3056e-04 (5.3056e-04)	Loss_VinDrCXR_rad4 mse 3.8088e-02 (3.8088e-02)
Epoch: [35] Train_Loss_cls: 2.0372e-03 Train_Loss_mse: 4.0984e-02
Epoch: [35][ 0/28]	Time  8.084 ( 8.084)	Loss_VinDrCXR_rad5 cls 1.2808e-04 (1.2808e-04)	Loss_VinDrCXR_rad5 mse 4.3858e-02 (4.3858e-02)
Epoch: [35] Train_Loss_cls: 3.0883e-03 Train_Loss_mse: 4.1346e-02
Epoch: [35][ 0/21]	Time  8.184 ( 8.184)	Loss_VinDrCXR_rad6 cls 4.1536e-04 (4.1536e-04)	Loss_VinDrCXR_rad6 mse 3.9262e-02 (3.9262e-02)
Epoch: [35] Train_Loss_cls: 3.2075e-04 Train_Loss_mse: 4.1844e-02
Epoch: [35][ 0/18]	Time  8.635 ( 8.635)	Loss_VinDrCXR_rad7 cls 1.2221e-03 (1.2221e-03)	Loss_VinDrCXR_rad7 mse 3.4104e-02 (3.4104e-02)
Epoch: [35] Train_Loss_cls: 1.9761e-03 Train_Loss_mse: 3.9757e-02
Epoch: [35][ 0/66]	Time  9.196 ( 9.196)	Loss_VinDrCXR_rad8 cls 3.5631e-01 (3.5631e-01)	Loss_VinDrCXR_rad8 mse 2.1663e-01 (2.1663e-01)
Epoch: [35][50/66]	Time  0.975 ( 1.181)	Loss_VinDrCXR_rad8 cls 1.3752e-01 (1.1417e-01)	Loss_VinDrCXR_rad8 mse 1.8586e-01 (1.9757e-01)
Epoch: [35] Train_Loss_cls: 1.1104e-01 Train_Loss_mse: 1.9646e-01
Epoch: [35][ 0/62]	Time  8.603 ( 8.603)	Loss_VinDrCXR_rad9 cls 1.5012e-01 (1.5012e-01)	Loss_VinDrCXR_rad9 mse 1.5717e-01 (1.5717e-01)
Epoch: [35][50/62]	Time  0.975 ( 1.188)	Loss_VinDrCXR_rad9 cls 1.6631e-01 (1.5697e-01)	Loss_VinDrCXR_rad9 mse 2.2470e-01 (1.9067e-01)
Epoch: [35] Train_Loss_cls: 1.5584e-01 Train_Loss_mse: 1.8853e-01
Epoch: [35][ 0/65]	Time  8.845 ( 8.845)	Loss_VinDrCXR_rad10 cls 1.1476e-01 (1.1476e-01)	Loss_VinDrCXR_rad10 mse 1.7988e-01 (1.7988e-01)
Epoch: [35][50/65]	Time  0.976 ( 1.145)	Loss_VinDrCXR_rad10 cls 9.5200e-02 (1.1900e-01)	Loss_VinDrCXR_rad10 mse 1.1719e-01 (1.7876e-01)
Epoch: [35] Train_Loss_cls: 1.1782e-01 Train_Loss_mse: 1.7901e-01
Epoch: [35][ 0/16]	Time  9.008 ( 9.008)	Loss_VinDrCXR_rad11 cls 3.0579e-02 (3.0579e-02)	Loss_VinDrCXR_rad11 mse 8.4426e-02 (8.4426e-02)
Epoch: [35] Train_Loss_cls: 2.7987e-02 Train_Loss_mse: 8.4130e-02
Epoch: [35][ 0/17]	Time  9.056 ( 9.056)	Loss_VinDrCXR_rad12 cls 2.2679e-02 (2.2679e-02)	Loss_VinDrCXR_rad12 mse 8.8213e-02 (8.8213e-02)
Epoch: [35] Train_Loss_cls: 2.3287e-02 Train_Loss_mse: 7.9847e-02
Epoch: [35][ 0/17]	Time  9.156 ( 9.156)	Loss_VinDrCXR_rad13 cls 2.9917e-02 (2.9917e-02)	Loss_VinDrCXR_rad13 mse 8.1942e-02 (8.1942e-02)
Epoch: [35] Train_Loss_cls: 2.4978e-02 Train_Loss_mse: 7.9632e-02
Epoch: [35][ 0/15]	Time  8.444 ( 8.444)	Loss_VinDrCXR_rad14 cls 3.7600e-02 (3.7600e-02)	Loss_VinDrCXR_rad14 mse 8.9063e-02 (8.9063e-02)
Epoch: [35] Train_Loss_cls: 3.3221e-02 Train_Loss_mse: 8.3751e-02
Epoch: [35][ 0/17]	Time  8.488 ( 8.488)	Loss_VinDrCXR_rad15 cls 3.4664e-02 (3.4664e-02)	Loss_VinDrCXR_rad15 mse 7.9734e-02 (7.9734e-02)
Epoch: [35] Train_Loss_cls: 3.2342e-02 Train_Loss_mse: 8.1985e-02
Epoch: [35][ 0/17]	Time  8.441 ( 8.441)	Loss_VinDrCXR_rad16 cls 1.8272e-02 (1.8272e-02)	Loss_VinDrCXR_rad16 mse 7.1506e-02 (7.1506e-02)
Epoch: [35] Train_Loss_cls: 2.2965e-02 Train_Loss_mse: 7.9689e-02
Epoch: [35][0/8]	Time  8.652 ( 8.652)	Loss_VinDrCXR_rad17 cls 3.5333e-02 (3.5333e-02)	Loss_VinDrCXR_rad17 mse 7.7712e-02 (7.7712e-02)
Epoch: [35] Train_Loss_cls: 2.1912e-02 Train_Loss_mse: 6.1450e-02
Val_VinDrCXR_rad1: [ 0/30]	Time  7.784 ( 7.784)	Loss 7.5428e-01 (7.5428e-01)
Epoch 0035: avg_val_loss 0.30550, saving model to ./Models/swin_base_Ark_Finetune_17Rad/Ark_PlusArk_Finetune_17Rad/Ark_Finetune_17Rad/Ark_PlusArk_Finetune_17Rad
Epoch: [36][ 0/20]	Time  9.003 ( 9.003)	Loss_VinDrCXR_rad1 cls 5.7024e-03 (5.7024e-03)	Loss_VinDrCXR_rad1 mse 5.0493e-02 (5.0493e-02)
Epoch: [36] Train_Loss_cls: 1.8922e-03 Train_Loss_mse: 4.4588e-02
Epoch: [36][ 0/32]	Time  9.058 ( 9.058)	Loss_VinDrCXR_rad2 cls 4.9598e-04 (4.9598e-04)	Loss_VinDrCXR_rad2 mse 4.5425e-02 (4.5425e-02)
Epoch: [36] Train_Loss_cls: 4.3553e-03 Train_Loss_mse: 4.7932e-02
Epoch: [36][ 0/23]	Time  8.476 ( 8.476)	Loss_VinDrCXR_rad3 cls 6.8600e-03 (6.8600e-03)	Loss_VinDrCXR_rad3 mse 4.4841e-02 (4.4841e-02)
Epoch: [36] Train_Loss_cls: 2.3363e-03 Train_Loss_mse: 4.3947e-02
Epoch: [36][ 0/16]	Time  8.711 ( 8.711)	Loss_VinDrCXR_rad4 cls 1.9768e-04 (1.9768e-04)	Loss_VinDrCXR_rad4 mse 4.0028e-02 (4.0028e-02)
Epoch: [36] Train_Loss_cls: 2.2862e-03 Train_Loss_mse: 3.9166e-02
Epoch: [36][ 0/28]	Time  8.542 ( 8.542)	Loss_VinDrCXR_rad5 cls 1.3357e-03 (1.3357e-03)	Loss_VinDrCXR_rad5 mse 4.6576e-02 (4.6576e-02)
Epoch: [36] Train_Loss_cls: 3.0434e-03 Train_Loss_mse: 4.0067e-02
Epoch: [36][ 0/21]	Time  9.428 ( 9.428)	Loss_VinDrCXR_rad6 cls 5.6122e-04 (5.6122e-04)	Loss_VinDrCXR_rad6 mse 5.1830e-02 (5.1830e-02)
Epoch: [36] Train_Loss_cls: 5.9493e-04 Train_Loss_mse: 4.3199e-02
Epoch: [36][ 0/18]	Time  8.504 ( 8.504)	Loss_VinDrCXR_rad7 cls 1.5489e-04 (1.5489e-04)	Loss_VinDrCXR_rad7 mse 4.4283e-02 (4.4283e-02)
Epoch: [36] Train_Loss_cls: 1.7390e-03 Train_Loss_mse: 4.1832e-02
Epoch: [36][ 0/66]	Time  8.261 ( 8.261)	Loss_VinDrCXR_rad8 cls 3.0638e-01 (3.0638e-01)	Loss_VinDrCXR_rad8 mse 1.3098e-01 (1.3098e-01)
Epoch: [36][50/66]	Time  0.976 ( 1.167)	Loss_VinDrCXR_rad8 cls 1.2592e-01 (1.1480e-01)	Loss_VinDrCXR_rad8 mse 1.5863e-01 (1.9071e-01)
Epoch: [36] Train_Loss_cls: 1.1153e-01 Train_Loss_mse: 1.9280e-01
Epoch: [36][ 0/62]	Time  8.357 ( 8.357)	Loss_VinDrCXR_rad9 cls 1.5407e-01 (1.5407e-01)	Loss_VinDrCXR_rad9 mse 1.8583e-01 (1.8583e-01)
Epoch: [36][50/62]	Time  0.976 ( 1.215)	Loss_VinDrCXR_rad9 cls 1.6316e-01 (1.5891e-01)	Loss_VinDrCXR_rad9 mse 1.8462e-01 (1.8566e-01)
Epoch: [36] Train_Loss_cls: 1.5951e-01 Train_Loss_mse: 1.9216e-01
Epoch: [36][ 0/65]	Time  8.991 ( 8.991)	Loss_VinDrCXR_rad10 cls 1.5645e-01 (1.5645e-01)	Loss_VinDrCXR_rad10 mse 1.4192e-01 (1.4192e-01)
Epoch: [36][50/65]	Time  0.975 ( 1.170)	Loss_VinDrCXR_rad10 cls 1.0616e-01 (1.1937e-01)	Loss_VinDrCXR_rad10 mse 1.9142e-01 (1.7367e-01)
Epoch: [36] Train_Loss_cls: 1.1854e-01 Train_Loss_mse: 1.7790e-01
Epoch: [36][ 0/16]	Time  8.830 ( 8.830)	Loss_VinDrCXR_rad11 cls 3.8412e-02 (3.8412e-02)	Loss_VinDrCXR_rad11 mse 8.3941e-02 (8.3941e-02)
Epoch: [36] Train_Loss_cls: 2.4817e-02 Train_Loss_mse: 7.9575e-02
Epoch: [36][ 0/17]	Time  8.794 ( 8.794)	Loss_VinDrCXR_rad12 cls 1.3795e-02 (1.3795e-02)	Loss_VinDrCXR_rad12 mse 9.1400e-02 (9.1400e-02)
Epoch: [36] Train_Loss_cls: 2.4368e-02 Train_Loss_mse: 8.0222e-02
Epoch: [36][ 0/17]	Time  8.543 ( 8.543)	Loss_VinDrCXR_rad13 cls 8.6704e-02 (8.6704e-02)	Loss_VinDrCXR_rad13 mse 1.7856e-01 (1.7856e-01)
Epoch: [36] Train_Loss_cls: 2.9889e-02 Train_Loss_mse: 8.3251e-02
Epoch: [36][ 0/15]	Time  8.889 ( 8.889)	Loss_VinDrCXR_rad14 cls 3.6814e-02 (3.6814e-02)	Loss_VinDrCXR_rad14 mse 7.7126e-02 (7.7126e-02)
Epoch: [36] Train_Loss_cls: 3.3363e-02 Train_Loss_mse: 8.7151e-02
Epoch: [36][ 0/17]	Time  8.764 ( 8.764)	Loss_VinDrCXR_rad15 cls 4.4040e-02 (4.4040e-02)	Loss_VinDrCXR_rad15 mse 7.7379e-02 (7.7379e-02)
Epoch: [36] Train_Loss_cls: 3.1520e-02 Train_Loss_mse: 8.0265e-02
Epoch: [36][ 0/17]	Time  8.915 ( 8.915)	Loss_VinDrCXR_rad16 cls 4.3370e-02 (4.3370e-02)	Loss_VinDrCXR_rad16 mse 7.1786e-02 (7.1786e-02)
Epoch: [36] Train_Loss_cls: 2.0640e-02 Train_Loss_mse: 7.5709e-02
Epoch: [36][0/8]	Time  8.690 ( 8.690)	Loss_VinDrCXR_rad17 cls 1.1499e-02 (1.1499e-02)	Loss_VinDrCXR_rad17 mse 6.9237e-02 (6.9237e-02)
Epoch: [36] Train_Loss_cls: 2.2115e-02 Train_Loss_mse: 6.7375e-02
Val_VinDrCXR_rad1: [ 0/30]	Time  7.096 ( 7.096)	Loss 7.1272e-01 (7.1272e-01)
Epoch 0036: avg_val_loss 0.29170, saving model to ./Models/swin_base_Ark_Finetune_17Rad/Ark_PlusArk_Finetune_17Rad/Ark_Finetune_17Rad/Ark_PlusArk_Finetune_17Rad
Epoch: [37][ 0/20]	Time  8.615 ( 8.615)	Loss_VinDrCXR_rad1 cls 1.1004e-03 (1.1004e-03)	Loss_VinDrCXR_rad1 mse 4.4718e-02 (4.4718e-02)
Epoch: [37] Train_Loss_cls: 2.3053e-03 Train_Loss_mse: 4.7788e-02
Epoch: [37][ 0/32]	Time  8.432 ( 8.432)	Loss_VinDrCXR_rad2 cls 1.2961e-02 (1.2961e-02)	Loss_VinDrCXR_rad2 mse 4.6813e-02 (4.6813e-02)
Epoch: [37] Train_Loss_cls: 4.0393e-03 Train_Loss_mse: 4.9902e-02
Epoch: [37][ 0/23]	Time  8.250 ( 8.250)	Loss_VinDrCXR_rad3 cls 1.1958e-02 (1.1958e-02)	Loss_VinDrCXR_rad3 mse 3.5536e-02 (3.5536e-02)
Epoch: [37] Train_Loss_cls: 1.4315e-03 Train_Loss_mse: 4.4943e-02
Epoch: [37][ 0/16]	Time  8.147 ( 8.147)	Loss_VinDrCXR_rad4 cls 2.3480e-04 (2.3480e-04)	Loss_VinDrCXR_rad4 mse 3.3863e-02 (3.3863e-02)
Epoch: [37] Train_Loss_cls: 2.4077e-03 Train_Loss_mse: 3.9657e-02
Epoch: [37][ 0/28]	Time  8.342 ( 8.342)	Loss_VinDrCXR_rad5 cls 1.8851e-02 (1.8851e-02)	Loss_VinDrCXR_rad5 mse 4.6686e-02 (4.6686e-02)
Epoch: [37] Train_Loss_cls: 2.7382e-03 Train_Loss_mse: 4.1290e-02
Epoch: [37][ 0/21]	Time  8.839 ( 8.839)	Loss_VinDrCXR_rad6 cls 1.9845e-03 (1.9845e-03)	Loss_VinDrCXR_rad6 mse 4.4811e-02 (4.4811e-02)
Epoch: [37] Train_Loss_cls: 4.8694e-04 Train_Loss_mse: 4.4818e-02
Epoch: [37][ 0/18]	Time  8.386 ( 8.386)	Loss_VinDrCXR_rad7 cls 1.6271e-04 (1.6271e-04)	Loss_VinDrCXR_rad7 mse 4.2737e-02 (4.2737e-02)
Epoch: [37] Train_Loss_cls: 2.1803e-03 Train_Loss_mse: 4.3770e-02
Epoch: [37][ 0/66]	Time  8.811 ( 8.811)	Loss_VinDrCXR_rad8 cls 2.0388e-01 (2.0388e-01)	Loss_VinDrCXR_rad8 mse 2.5048e-01 (2.5048e-01)
Epoch: [37][50/66]	Time  0.978 ( 1.195)	Loss_VinDrCXR_rad8 cls 9.1253e-02 (1.0754e-01)	Loss_VinDrCXR_rad8 mse 1.5359e-01 (1.8802e-01)
Epoch: [37] Train_Loss_cls: 1.0829e-01 Train_Loss_mse: 1.8957e-01
Epoch: [37][ 0/62]	Time  8.483 ( 8.483)	Loss_VinDrCXR_rad9 cls 1.6507e-01 (1.6507e-01)	Loss_VinDrCXR_rad9 mse 1.6964e-01 (1.6964e-01)
Epoch: [37][50/62]	Time  0.979 ( 1.188)	Loss_VinDrCXR_rad9 cls 1.4832e-01 (1.5515e-01)	Loss_VinDrCXR_rad9 mse 1.9351e-01 (1.8803e-01)
Epoch: [37] Train_Loss_cls: 1.5619e-01 Train_Loss_mse: 1.8653e-01
Epoch: [37][ 0/65]	Time  8.541 ( 8.541)	Loss_VinDrCXR_rad10 cls 1.0512e-01 (1.0512e-01)	Loss_VinDrCXR_rad10 mse 1.7374e-01 (1.7374e-01)
Epoch: [37][50/65]	Time  0.976 ( 1.196)	Loss_VinDrCXR_rad10 cls 1.3302e-01 (1.1986e-01)	Loss_VinDrCXR_rad10 mse 1.9812e-01 (1.8289e-01)
Epoch: [37] Train_Loss_cls: 1.1818e-01 Train_Loss_mse: 1.7893e-01
Epoch: [37][ 0/16]	Time  8.821 ( 8.821)	Loss_VinDrCXR_rad11 cls 4.1186e-02 (4.1186e-02)	Loss_VinDrCXR_rad11 mse 1.1507e-01 (1.1507e-01)
Epoch: [37] Train_Loss_cls: 2.6235e-02 Train_Loss_mse: 9.2378e-02
Epoch: [37][ 0/17]	Time  8.777 ( 8.777)	Loss_VinDrCXR_rad12 cls 1.2715e-02 (1.2715e-02)	Loss_VinDrCXR_rad12 mse 6.5533e-02 (6.5533e-02)
Epoch: [37] Train_Loss_cls: 2.5602e-02 Train_Loss_mse: 8.9419e-02
Epoch: [37][ 0/17]	Time  8.295 ( 8.295)	Loss_VinDrCXR_rad13 cls 5.9821e-02 (5.9821e-02)	Loss_VinDrCXR_rad13 mse 1.2696e-01 (1.2696e-01)
Epoch: [37] Train_Loss_cls: 2.9925e-02 Train_Loss_mse: 9.5070e-02
Epoch: [37][ 0/15]	Time  8.880 ( 8.880)	Loss_VinDrCXR_rad14 cls 3.3757e-02 (3.3757e-02)	Loss_VinDrCXR_rad14 mse 9.0543e-02 (9.0543e-02)
Epoch: [37] Train_Loss_cls: 2.9320e-02 Train_Loss_mse: 8.7935e-02
Epoch: [37][ 0/17]	Time  8.933 ( 8.933)	Loss_VinDrCXR_rad15 cls 7.5398e-02 (7.5398e-02)	Loss_VinDrCXR_rad15 mse 9.8037e-02 (9.8037e-02)
Epoch: [37] Train_Loss_cls: 3.3875e-02 Train_Loss_mse: 8.6846e-02
Epoch: [37][ 0/17]	Time  9.247 ( 9.247)	Loss_VinDrCXR_rad16 cls 3.4329e-02 (3.4329e-02)	Loss_VinDrCXR_rad16 mse 1.0149e-01 (1.0149e-01)
Epoch: [37] Train_Loss_cls: 1.8132e-02 Train_Loss_mse: 8.0836e-02
Epoch: [37][0/8]	Time  8.361 ( 8.361)	Loss_VinDrCXR_rad17 cls 1.4211e-02 (1.4211e-02)	Loss_VinDrCXR_rad17 mse 6.7972e-02 (6.7972e-02)
Epoch: [37] Train_Loss_cls: 2.4096e-02 Train_Loss_mse: 6.8618e-02
Val_VinDrCXR_rad1: [ 0/30]	Time  7.194 ( 7.194)	Loss 7.7643e-01 (7.7643e-01)
Epoch 0037: avg_val_loss 0.31349, saving model to ./Models/swin_base_Ark_Finetune_17Rad/Ark_PlusArk_Finetune_17Rad/Ark_Finetune_17Rad/Ark_PlusArk_Finetune_17Rad
Epoch: [38][ 0/20]	Time  8.521 ( 8.521)	Loss_VinDrCXR_rad1 cls 1.5594e-02 (1.5594e-02)	Loss_VinDrCXR_rad1 mse 6.2582e-02 (6.2582e-02)
Epoch: [38] Train_Loss_cls: 3.6120e-03 Train_Loss_mse: 4.9519e-02
Epoch: [38][ 0/32]	Time  8.987 ( 8.987)	Loss_VinDrCXR_rad2 cls 3.4738e-04 (3.4738e-04)	Loss_VinDrCXR_rad2 mse 4.8017e-02 (4.8017e-02)
Epoch: [38] Train_Loss_cls: 3.9634e-03 Train_Loss_mse: 5.3232e-02
Epoch: [38][ 0/23]	Time  8.625 ( 8.625)	Loss_VinDrCXR_rad3 cls 5.7537e-03 (5.7537e-03)	Loss_VinDrCXR_rad3 mse 4.7395e-02 (4.7395e-02)
Epoch: [38] Train_Loss_cls: 1.1632e-03 Train_Loss_mse: 4.5704e-02
Epoch: [38][ 0/16]	Time  8.158 ( 8.158)	Loss_VinDrCXR_rad4 cls 2.4991e-04 (2.4991e-04)	Loss_VinDrCXR_rad4 mse 4.3197e-02 (4.3197e-02)
Epoch: [38] Train_Loss_cls: 2.1153e-03 Train_Loss_mse: 4.1180e-02
Epoch: [38][ 0/28]	Time  7.917 ( 7.917)	Loss_VinDrCXR_rad5 cls 6.2557e-03 (6.2557e-03)	Loss_VinDrCXR_rad5 mse 3.7447e-02 (3.7447e-02)
Epoch: [38] Train_Loss_cls: 3.6489e-03 Train_Loss_mse: 4.0856e-02
Epoch: [38][ 0/21]	Time  8.368 ( 8.368)	Loss_VinDrCXR_rad6 cls 4.1451e-04 (4.1451e-04)	Loss_VinDrCXR_rad6 mse 4.7072e-02 (4.7072e-02)
Epoch: [38] Train_Loss_cls: 4.6634e-04 Train_Loss_mse: 4.7393e-02
Epoch: [38][ 0/18]	Time  8.203 ( 8.203)	Loss_VinDrCXR_rad7 cls 1.5490e-04 (1.5490e-04)	Loss_VinDrCXR_rad7 mse 3.6825e-02 (3.6825e-02)
Epoch: [38] Train_Loss_cls: 1.8960e-03 Train_Loss_mse: 4.2256e-02
Epoch: [38][ 0/66]	Time  8.569 ( 8.569)	Loss_VinDrCXR_rad8 cls 2.8036e-01 (2.8036e-01)	Loss_VinDrCXR_rad8 mse 2.1508e-01 (2.1508e-01)
Epoch: [38][50/66]	Time  0.974 ( 1.183)	Loss_VinDrCXR_rad8 cls 1.2085e-01 (1.1047e-01)	Loss_VinDrCXR_rad8 mse 2.8691e-01 (1.9659e-01)
Epoch: [38] Train_Loss_cls: 1.0929e-01 Train_Loss_mse: 1.9672e-01
Epoch: [38][ 0/62]	Time  8.461 ( 8.461)	Loss_VinDrCXR_rad9 cls 1.8777e-01 (1.8777e-01)	Loss_VinDrCXR_rad9 mse 2.5070e-01 (2.5070e-01)
Epoch: [38][50/62]	Time  0.975 ( 1.208)	Loss_VinDrCXR_rad9 cls 1.8044e-01 (1.5252e-01)	Loss_VinDrCXR_rad9 mse 2.1073e-01 (2.0596e-01)
Epoch: [38] Train_Loss_cls: 1.5422e-01 Train_Loss_mse: 2.0408e-01
Epoch: [38][ 0/65]	Time  8.948 ( 8.948)	Loss_VinDrCXR_rad10 cls 1.2380e-01 (1.2380e-01)	Loss_VinDrCXR_rad10 mse 2.0324e-01 (2.0324e-01)
Epoch: [38][50/65]	Time  0.975 ( 1.200)	Loss_VinDrCXR_rad10 cls 9.8228e-02 (1.1633e-01)	Loss_VinDrCXR_rad10 mse 2.6335e-01 (1.8966e-01)
Epoch: [38] Train_Loss_cls: 1.1688e-01 Train_Loss_mse: 1.8929e-01
Epoch: [38][ 0/16]	Time  8.888 ( 8.888)	Loss_VinDrCXR_rad11 cls 3.2303e-02 (3.2303e-02)	Loss_VinDrCXR_rad11 mse 9.2940e-02 (9.2940e-02)
Epoch: [38] Train_Loss_cls: 2.5607e-02 Train_Loss_mse: 8.8033e-02
Epoch: [38][ 0/17]	Time  8.404 ( 8.404)	Loss_VinDrCXR_rad12 cls 3.2790e-02 (3.2790e-02)	Loss_VinDrCXR_rad12 mse 8.7100e-02 (8.7100e-02)
Epoch: [38] Train_Loss_cls: 2.3794e-02 Train_Loss_mse: 8.7736e-02
Epoch: [38][ 0/17]	Time  8.572 ( 8.572)	Loss_VinDrCXR_rad13 cls 3.2273e-02 (3.2273e-02)	Loss_VinDrCXR_rad13 mse 1.0724e-01 (1.0724e-01)
Epoch: [38] Train_Loss_cls: 2.7815e-02 Train_Loss_mse: 9.4702e-02
Epoch: [38][ 0/15]	Time  8.300 ( 8.300)	Loss_VinDrCXR_rad14 cls 1.2701e-02 (1.2701e-02)	Loss_VinDrCXR_rad14 mse 8.9325e-02 (8.9325e-02)
Epoch: [38] Train_Loss_cls: 3.3354e-02 Train_Loss_mse: 9.3908e-02
Epoch: [38][ 0/17]	Time  8.520 ( 8.520)	Loss_VinDrCXR_rad15 cls 3.0554e-02 (3.0554e-02)	Loss_VinDrCXR_rad15 mse 6.7642e-02 (6.7642e-02)
Epoch: [38] Train_Loss_cls: 3.1719e-02 Train_Loss_mse: 8.7295e-02
Epoch: [38][ 0/17]	Time  8.464 ( 8.464)	Loss_VinDrCXR_rad16 cls 2.7193e-02 (2.7193e-02)	Loss_VinDrCXR_rad16 mse 7.7569e-02 (7.7569e-02)
Epoch: [38] Train_Loss_cls: 2.2926e-02 Train_Loss_mse: 9.3384e-02
Epoch: [38][0/8]	Time  8.771 ( 8.771)	Loss_VinDrCXR_rad17 cls 2.8419e-02 (2.8419e-02)	Loss_VinDrCXR_rad17 mse 4.9757e-02 (4.9757e-02)
Epoch: [38] Train_Loss_cls: 2.5978e-02 Train_Loss_mse: 6.4478e-02
Val_VinDrCXR_rad1: [ 0/30]	Time  7.116 ( 7.116)	Loss 7.9791e-01 (7.9791e-01)
Epoch 0038: avg_val_loss 0.32120, saving model to ./Models/swin_base_Ark_Finetune_17Rad/Ark_PlusArk_Finetune_17Rad/Ark_Finetune_17Rad/Ark_PlusArk_Finetune_17Rad
Epoch: [39][ 0/20]	Time  8.778 ( 8.778)	Loss_VinDrCXR_rad1 cls 1.2243e-03 (1.2243e-03)	Loss_VinDrCXR_rad1 mse 4.3522e-02 (4.3522e-02)
Epoch: [39] Train_Loss_cls: 2.0324e-03 Train_Loss_mse: 4.9342e-02
Epoch: [39][ 0/32]	Time  8.833 ( 8.833)	Loss_VinDrCXR_rad2 cls 2.9859e-04 (2.9859e-04)	Loss_VinDrCXR_rad2 mse 4.6522e-02 (4.6522e-02)
Epoch: [39] Train_Loss_cls: 3.9443e-03 Train_Loss_mse: 4.9890e-02
Epoch: [39][ 0/23]	Time  8.764 ( 8.764)	Loss_VinDrCXR_rad3 cls 2.8128e-04 (2.8128e-04)	Loss_VinDrCXR_rad3 mse 4.7085e-02 (4.7085e-02)
Epoch: [39] Train_Loss_cls: 1.4114e-03 Train_Loss_mse: 4.6444e-02
Epoch: [39][ 0/16]	Time  8.268 ( 8.268)	Loss_VinDrCXR_rad4 cls 1.4770e-04 (1.4770e-04)	Loss_VinDrCXR_rad4 mse 4.1082e-02 (4.1082e-02)
Epoch: [39] Train_Loss_cls: 2.4018e-03 Train_Loss_mse: 4.2892e-02
Epoch: [39][ 0/28]	Time  8.595 ( 8.595)	Loss_VinDrCXR_rad5 cls 2.2572e-04 (2.2572e-04)	Loss_VinDrCXR_rad5 mse 5.9948e-02 (5.9948e-02)
Epoch: [39] Train_Loss_cls: 3.1210e-03 Train_Loss_mse: 4.3449e-02
Epoch: [39][ 0/21]	Time  8.563 ( 8.563)	Loss_VinDrCXR_rad6 cls 5.5029e-04 (5.5029e-04)	Loss_VinDrCXR_rad6 mse 3.8712e-02 (3.8712e-02)
Epoch: [39] Train_Loss_cls: 4.7006e-04 Train_Loss_mse: 4.4627e-02
Epoch: [39][ 0/18]	Time  8.413 ( 8.413)	Loss_VinDrCXR_rad7 cls 2.2828e-04 (2.2828e-04)	Loss_VinDrCXR_rad7 mse 4.8845e-02 (4.8845e-02)
Epoch: [39] Train_Loss_cls: 2.1565e-03 Train_Loss_mse: 4.5921e-02
Epoch: [39][ 0/66]	Time  8.592 ( 8.592)	Loss_VinDrCXR_rad8 cls 3.5052e-01 (3.5052e-01)	Loss_VinDrCXR_rad8 mse 1.7817e-01 (1.7817e-01)
Epoch: [39][50/66]	Time  0.976 ( 1.156)	Loss_VinDrCXR_rad8 cls 1.0174e-01 (1.1099e-01)	Loss_VinDrCXR_rad8 mse 2.2170e-01 (1.9976e-01)
Epoch: [39] Train_Loss_cls: 1.0958e-01 Train_Loss_mse: 2.0000e-01
Epoch: [39][ 0/62]	Time  8.813 ( 8.813)	Loss_VinDrCXR_rad9 cls 2.2211e-01 (2.2211e-01)	Loss_VinDrCXR_rad9 mse 2.1107e-01 (2.1107e-01)
Epoch: [39][50/62]	Time  0.978 ( 1.209)	Loss_VinDrCXR_rad9 cls 1.6574e-01 (1.5408e-01)	Loss_VinDrCXR_rad9 mse 2.0544e-01 (1.9425e-01)
Epoch: [39] Train_Loss_cls: 1.5147e-01 Train_Loss_mse: 1.9092e-01
Epoch: [39][ 0/65]	Time  8.794 ( 8.794)	Loss_VinDrCXR_rad10 cls 1.1904e-01 (1.1904e-01)	Loss_VinDrCXR_rad10 mse 1.8775e-01 (1.8775e-01)
Epoch: [39][50/65]	Time  0.976 ( 1.161)	Loss_VinDrCXR_rad10 cls 1.3105e-01 (1.1757e-01)	Loss_VinDrCXR_rad10 mse 1.6448e-01 (1.9126e-01)
Epoch: [39] Train_Loss_cls: 1.1739e-01 Train_Loss_mse: 1.9114e-01
Epoch: [39][ 0/16]	Time  8.476 ( 8.476)	Loss_VinDrCXR_rad11 cls 6.3926e-02 (6.3926e-02)	Loss_VinDrCXR_rad11 mse 1.2867e-01 (1.2867e-01)
Epoch: [39] Train_Loss_cls: 2.5293e-02 Train_Loss_mse: 9.1537e-02
Epoch: [39][ 0/17]	Time  8.442 ( 8.442)	Loss_VinDrCXR_rad12 cls 5.4705e-03 (5.4705e-03)	Loss_VinDrCXR_rad12 mse 6.8490e-02 (6.8490e-02)
Epoch: [39] Train_Loss_cls: 2.1789e-02 Train_Loss_mse: 8.2510e-02
Epoch: [39][ 0/17]	Time  8.474 ( 8.474)	Loss_VinDrCXR_rad13 cls 3.3587e-02 (3.3587e-02)	Loss_VinDrCXR_rad13 mse 1.0508e-01 (1.0508e-01)
Epoch: [39] Train_Loss_cls: 2.9788e-02 Train_Loss_mse: 9.6104e-02
Epoch: [39][ 0/15]	Time  8.605 ( 8.605)	Loss_VinDrCXR_rad14 cls 2.8015e-02 (2.8015e-02)	Loss_VinDrCXR_rad14 mse 1.0129e-01 (1.0129e-01)
Epoch: [39] Train_Loss_cls: 3.2511e-02 Train_Loss_mse: 9.1600e-02
Epoch: [39][ 0/17]	Time  8.744 ( 8.744)	Loss_VinDrCXR_rad15 cls 3.0754e-02 (3.0754e-02)	Loss_VinDrCXR_rad15 mse 1.0406e-01 (1.0406e-01)
Epoch: [39] Train_Loss_cls: 3.3751e-02 Train_Loss_mse: 9.1677e-02
Epoch: [39][ 0/17]	Time  8.554 ( 8.554)	Loss_VinDrCXR_rad16 cls 2.4981e-02 (2.4981e-02)	Loss_VinDrCXR_rad16 mse 8.4353e-02 (8.4353e-02)
Epoch: [39] Train_Loss_cls: 2.0955e-02 Train_Loss_mse: 8.6794e-02
Epoch: [39][0/8]	Time  8.772 ( 8.772)	Loss_VinDrCXR_rad17 cls 2.1443e-03 (2.1443e-03)	Loss_VinDrCXR_rad17 mse 5.1838e-02 (5.1838e-02)
Epoch: [39] Train_Loss_cls: 2.5947e-02 Train_Loss_mse: 6.9394e-02
Val_VinDrCXR_rad1: [ 0/30]	Time  7.240 ( 7.240)	Loss 8.4087e-01 (8.4087e-01)
Epoch 0039: avg_val_loss 0.33289, saving model to ./Models/swin_base_Ark_Finetune_17Rad/Ark_PlusArk_Finetune_17Rad/Ark_Finetune_17Rad/Ark_PlusArk_Finetune_17Rad
Epoch: [40][ 0/20]	Time  8.431 ( 8.431)	Loss_VinDrCXR_rad1 cls 1.2684e-03 (1.2684e-03)	Loss_VinDrCXR_rad1 mse 5.0356e-02 (5.0356e-02)
Epoch: [40] Train_Loss_cls: 2.0177e-03 Train_Loss_mse: 4.8207e-02
Epoch: [40][ 0/32]	Time  8.714 ( 8.714)	Loss_VinDrCXR_rad2 cls 4.2260e-04 (4.2260e-04)	Loss_VinDrCXR_rad2 mse 7.0914e-02 (7.0914e-02)
Epoch: [40] Train_Loss_cls: 3.9334e-03 Train_Loss_mse: 5.1172e-02
Epoch: [40][ 0/23]	Time  8.345 ( 8.345)	Loss_VinDrCXR_rad3 cls 5.1469e-04 (5.1469e-04)	Loss_VinDrCXR_rad3 mse 4.0018e-02 (4.0018e-02)
Epoch: [40] Train_Loss_cls: 1.1703e-03 Train_Loss_mse: 4.4086e-02
Epoch: [40][ 0/16]	Time  8.184 ( 8.184)	Loss_VinDrCXR_rad4 cls 2.6499e-04 (2.6499e-04)	Loss_VinDrCXR_rad4 mse 4.1230e-02 (4.1230e-02)
Epoch: [40] Train_Loss_cls: 2.0642e-03 Train_Loss_mse: 3.8309e-02
Epoch: [40][ 0/28]	Time  8.778 ( 8.778)	Loss_VinDrCXR_rad5 cls 7.9597e-03 (7.9597e-03)	Loss_VinDrCXR_rad5 mse 4.4136e-02 (4.4136e-02)
Epoch: [40] Train_Loss_cls: 2.6095e-03 Train_Loss_mse: 4.0821e-02
Epoch: [40][ 0/21]	Time  8.717 ( 8.717)	Loss_VinDrCXR_rad6 cls 4.5106e-04 (4.5106e-04)	Loss_VinDrCXR_rad6 mse 4.1696e-02 (4.1696e-02)
Epoch: [40] Train_Loss_cls: 4.6369e-04 Train_Loss_mse: 4.2994e-02
Epoch: [40][ 0/18]	Time  8.444 ( 8.444)	Loss_VinDrCXR_rad7 cls 2.0187e-04 (2.0187e-04)	Loss_VinDrCXR_rad7 mse 3.2012e-02 (3.2012e-02)
Epoch: [40] Train_Loss_cls: 2.0690e-03 Train_Loss_mse: 3.9961e-02
Epoch: [40][ 0/66]	Time  8.548 ( 8.548)	Loss_VinDrCXR_rad8 cls 2.6257e-01 (2.6257e-01)	Loss_VinDrCXR_rad8 mse 2.5456e-01 (2.5456e-01)
Epoch: [40][50/66]	Time  0.975 ( 1.166)	Loss_VinDrCXR_rad8 cls 1.1702e-01 (1.1410e-01)	Loss_VinDrCXR_rad8 mse 2.0023e-01 (2.2024e-01)
Epoch: [40] Train_Loss_cls: 1.1144e-01 Train_Loss_mse: 2.1647e-01
Epoch: [40][ 0/62]	Time  8.552 ( 8.552)	Loss_VinDrCXR_rad9 cls 1.4264e-01 (1.4264e-01)	Loss_VinDrCXR_rad9 mse 1.7620e-01 (1.7620e-01)
Epoch: [40][50/62]	Time  0.975 ( 1.195)	Loss_VinDrCXR_rad9 cls 1.9561e-01 (1.5702e-01)	Loss_VinDrCXR_rad9 mse 2.1763e-01 (2.1576e-01)
Epoch: [40] Train_Loss_cls: 1.5647e-01 Train_Loss_mse: 2.1414e-01
Epoch: [40][ 0/65]	Time  9.324 ( 9.324)	Loss_VinDrCXR_rad10 cls 1.4605e-01 (1.4605e-01)	Loss_VinDrCXR_rad10 mse 1.9508e-01 (1.9508e-01)
Epoch: [40][50/65]	Time  0.975 ( 1.170)	Loss_VinDrCXR_rad10 cls 1.5902e-01 (1.1893e-01)	Loss_VinDrCXR_rad10 mse 2.5539e-01 (1.9530e-01)
Epoch: [40] Train_Loss_cls: 1.1800e-01 Train_Loss_mse: 1.9564e-01
Epoch: [40][ 0/16]	Time  8.752 ( 8.752)	Loss_VinDrCXR_rad11 cls 4.2996e-02 (4.2996e-02)	Loss_VinDrCXR_rad11 mse 8.1858e-02 (8.1858e-02)
Epoch: [40] Train_Loss_cls: 2.6584e-02 Train_Loss_mse: 9.3524e-02
Epoch: [40][ 0/17]	Time  8.602 ( 8.602)	Loss_VinDrCXR_rad12 cls 3.7419e-02 (3.7419e-02)	Loss_VinDrCXR_rad12 mse 1.2582e-01 (1.2582e-01)
Epoch: [40] Train_Loss_cls: 2.3625e-02 Train_Loss_mse: 8.5955e-02
Epoch: [40][ 0/17]	Time  8.606 ( 8.606)	Loss_VinDrCXR_rad13 cls 2.2430e-02 (2.2430e-02)	Loss_VinDrCXR_rad13 mse 7.7674e-02 (7.7674e-02)
Epoch: [40] Train_Loss_cls: 2.9782e-02 Train_Loss_mse: 8.5615e-02
Epoch: [40][ 0/15]	Time  8.695 ( 8.695)	Loss_VinDrCXR_rad14 cls 2.4689e-02 (2.4689e-02)	Loss_VinDrCXR_rad14 mse 7.7677e-02 (7.7677e-02)
Epoch: [40] Train_Loss_cls: 3.0058e-02 Train_Loss_mse: 7.4381e-02
Epoch: [40][ 0/17]	Time  8.268 ( 8.268)	Loss_VinDrCXR_rad15 cls 1.8431e-02 (1.8431e-02)	Loss_VinDrCXR_rad15 mse 6.4202e-02 (6.4202e-02)
Epoch: [40] Train_Loss_cls: 3.1211e-02 Train_Loss_mse: 8.2524e-02
Epoch: [40][ 0/17]	Time  8.409 ( 8.409)	Loss_VinDrCXR_rad16 cls 2.1645e-02 (2.1645e-02)	Loss_VinDrCXR_rad16 mse 9.2129e-02 (9.2129e-02)
Epoch: [40] Train_Loss_cls: 2.0258e-02 Train_Loss_mse: 8.7215e-02
Epoch: [40][0/8]	Time  8.491 ( 8.491)	Loss_VinDrCXR_rad17 cls 2.0756e-02 (2.0756e-02)	Loss_VinDrCXR_rad17 mse 5.2025e-02 (5.2025e-02)
Epoch: [40] Train_Loss_cls: 2.4359e-02 Train_Loss_mse: 6.6731e-02
Val_VinDrCXR_rad1: [ 0/30]	Time  7.640 ( 7.640)	Loss 7.8365e-01 (7.8365e-01)
Epoch 0040: avg_val_loss 0.31830, saving model to ./Models/swin_base_Ark_Finetune_17Rad/Ark_PlusArk_Finetune_17Rad/Ark_Finetune_17Rad/Ark_PlusArk_Finetune_17Rad
>>VinDrCXR_rad1 Disease = ['PE', 'Lung tumor', 'Pneumonia', 'Tuberculosis', 'Other diseases', 'No finding']
>>VinDrCXR_rad1:Student AUC = [0.9872	0.8982	0.9587	0.9466	0.8297	0.9401], 
Teacher AUC = [0.9869	0.8917	0.9596	0.9554	0.8196	0.939 ]

>>VinDrCXR_rad1: Student mAUC = 0.9268, Teacher mAUC = 0.9254
Omni-pretraining stage: 
Student meanAUC = 
[[0.9468759507134883], [0.9454261264448013], [0.9389692516963958], [0.9338567099466557], [0.9322285595158992], [0.9267613086784795]] 
Teacher meanAUC = 
[[0.9468759507134883], [0.9460270675389304], [0.9413547485728361], [0.9352525270339678], [0.933640160889925], [0.9253586349249475]]

Epoch: [41][ 0/20]	Time  8.209 ( 8.209)	Loss_VinDrCXR_rad1 cls 2.3288e-03 (2.3288e-03)	Loss_VinDrCXR_rad1 mse 5.2755e-02 (5.2755e-02)
Epoch: [41] Train_Loss_cls: 2.0520e-03 Train_Loss_mse: 4.6071e-02
Epoch: [41][ 0/32]	Time  8.910 ( 8.910)	Loss_VinDrCXR_rad2 cls 1.8372e-04 (1.8372e-04)	Loss_VinDrCXR_rad2 mse 4.5674e-02 (4.5674e-02)
Epoch: [41] Train_Loss_cls: 4.1197e-03 Train_Loss_mse: 4.7900e-02
Epoch: [41][ 0/23]	Time  9.279 ( 9.279)	Loss_VinDrCXR_rad3 cls 3.0555e-04 (3.0555e-04)	Loss_VinDrCXR_rad3 mse 5.1269e-02 (5.1269e-02)
Epoch: [41] Train_Loss_cls: 9.7442e-04 Train_Loss_mse: 4.3876e-02
Epoch: [41][ 0/16]	Time  8.093 ( 8.093)	Loss_VinDrCXR_rad4 cls 1.6455e-02 (1.6455e-02)	Loss_VinDrCXR_rad4 mse 3.6461e-02 (3.6461e-02)
Epoch: [41] Train_Loss_cls: 2.5264e-03 Train_Loss_mse: 3.7656e-02
Epoch: [41][ 0/28]	Time  8.570 ( 8.570)	Loss_VinDrCXR_rad5 cls 1.2083e-02 (1.2083e-02)	Loss_VinDrCXR_rad5 mse 3.3952e-02 (3.3952e-02)
Epoch: [41] Train_Loss_cls: 3.0494e-03 Train_Loss_mse: 3.8003e-02
Epoch: [41][ 0/21]	Time  8.735 ( 8.735)	Loss_VinDrCXR_rad6 cls 3.7741e-04 (3.7741e-04)	Loss_VinDrCXR_rad6 mse 3.7376e-02 (3.7376e-02)
Epoch: [41] Train_Loss_cls: 4.5814e-04 Train_Loss_mse: 4.1672e-02
Epoch: [41][ 0/18]	Time  8.491 ( 8.491)	Loss_VinDrCXR_rad7 cls 1.3727e-04 (1.3727e-04)	Loss_VinDrCXR_rad7 mse 3.8230e-02 (3.8230e-02)
Epoch: [41] Train_Loss_cls: 2.1637e-03 Train_Loss_mse: 3.9611e-02
Epoch: [41][ 0/66]	Time  8.811 ( 8.811)	Loss_VinDrCXR_rad8 cls 2.8411e-01 (2.8411e-01)	Loss_VinDrCXR_rad8 mse 1.8267e-01 (1.8267e-01)
Epoch: [41][50/66]	Time  0.976 ( 1.173)	Loss_VinDrCXR_rad8 cls 1.0031e-01 (1.1025e-01)	Loss_VinDrCXR_rad8 mse 3.3539e-01 (2.0730e-01)
Epoch: [41] Train_Loss_cls: 1.0869e-01 Train_Loss_mse: 2.0285e-01
Epoch: [41][ 0/62]	Time  8.511 ( 8.511)	Loss_VinDrCXR_rad9 cls 2.8908e-01 (2.8908e-01)	Loss_VinDrCXR_rad9 mse 2.3822e-01 (2.3822e-01)
Epoch: [41][50/62]	Time  0.979 ( 1.155)	Loss_VinDrCXR_rad9 cls 1.6678e-01 (1.5478e-01)	Loss_VinDrCXR_rad9 mse 1.7888e-01 (2.1886e-01)
Epoch: [41] Train_Loss_cls: 1.5474e-01 Train_Loss_mse: 2.2180e-01
Epoch: [41][ 0/65]	Time  8.477 ( 8.477)	Loss_VinDrCXR_rad10 cls 1.6102e-01 (1.6102e-01)	Loss_VinDrCXR_rad10 mse 1.7376e-01 (1.7376e-01)
Epoch: [41][50/65]	Time  0.976 ( 1.191)	Loss_VinDrCXR_rad10 cls 9.5414e-02 (1.1941e-01)	Loss_VinDrCXR_rad10 mse 1.7479e-01 (2.0388e-01)
Epoch: [41] Train_Loss_cls: 1.1697e-01 Train_Loss_mse: 2.0520e-01
Epoch: [41][ 0/16]	Time  8.370 ( 8.370)	Loss_VinDrCXR_rad11 cls 2.5130e-02 (2.5130e-02)	Loss_VinDrCXR_rad11 mse 9.7079e-02 (9.7079e-02)
Epoch: [41] Train_Loss_cls: 2.2954e-02 Train_Loss_mse: 8.3594e-02
Epoch: [41][ 0/17]	Time  8.597 ( 8.597)	Loss_VinDrCXR_rad12 cls 1.3954e-02 (1.3954e-02)	Loss_VinDrCXR_rad12 mse 9.1288e-02 (9.1288e-02)
Epoch: [41] Train_Loss_cls: 2.1928e-02 Train_Loss_mse: 8.2508e-02
Epoch: [41][ 0/17]	Time  8.714 ( 8.714)	Loss_VinDrCXR_rad13 cls 9.0435e-03 (9.0435e-03)	Loss_VinDrCXR_rad13 mse 6.9857e-02 (6.9857e-02)
Epoch: [41] Train_Loss_cls: 2.1289e-02 Train_Loss_mse: 7.7663e-02
Epoch: [41][ 0/15]	Time  8.422 ( 8.422)	Loss_VinDrCXR_rad14 cls 2.2843e-02 (2.2843e-02)	Loss_VinDrCXR_rad14 mse 6.5731e-02 (6.5731e-02)
Epoch: [41] Train_Loss_cls: 3.7939e-02 Train_Loss_mse: 8.7915e-02
Epoch: [41][ 0/17]	Time  8.555 ( 8.555)	Loss_VinDrCXR_rad15 cls 3.0927e-02 (3.0927e-02)	Loss_VinDrCXR_rad15 mse 6.7600e-02 (6.7600e-02)
Epoch: [41] Train_Loss_cls: 3.0451e-02 Train_Loss_mse: 7.8129e-02
Epoch: [41][ 0/17]	Time  8.438 ( 8.438)	Loss_VinDrCXR_rad16 cls 4.0598e-02 (4.0598e-02)	Loss_VinDrCXR_rad16 mse 6.6671e-02 (6.6671e-02)
Epoch: [41] Train_Loss_cls: 2.0377e-02 Train_Loss_mse: 7.7517e-02
Epoch: [41][0/8]	Time  8.702 ( 8.702)	Loss_VinDrCXR_rad17 cls 1.6524e-02 (1.6524e-02)	Loss_VinDrCXR_rad17 mse 6.2503e-02 (6.2503e-02)
Epoch: [41] Train_Loss_cls: 2.3758e-02 Train_Loss_mse: 6.3296e-02
Val_VinDrCXR_rad1: [ 0/30]	Time  7.424 ( 7.424)	Loss 8.0099e-01 (8.0099e-01)
Epoch 0041: avg_val_loss 0.32128, saving model to ./Models/swin_base_Ark_Finetune_17Rad/Ark_PlusArk_Finetune_17Rad/Ark_Finetune_17Rad/Ark_PlusArk_Finetune_17Rad
Epoch: [42][ 0/20]	Time  8.617 ( 8.617)	Loss_VinDrCXR_rad1 cls 2.5235e-03 (2.5235e-03)	Loss_VinDrCXR_rad1 mse 4.2153e-02 (4.2153e-02)
Epoch: [42] Train_Loss_cls: 2.4266e-03 Train_Loss_mse: 4.3425e-02
Epoch: [42][ 0/32]	Time  9.244 ( 9.244)	Loss_VinDrCXR_rad2 cls 1.5634e-02 (1.5634e-02)	Loss_VinDrCXR_rad2 mse 4.2076e-02 (4.2076e-02)
Epoch: [42] Train_Loss_cls: 4.2471e-03 Train_Loss_mse: 4.7092e-02
Epoch: [42][ 0/23]	Time  9.005 ( 9.005)	Loss_VinDrCXR_rad3 cls 2.8730e-04 (2.8730e-04)	Loss_VinDrCXR_rad3 mse 3.5658e-02 (3.5658e-02)
Epoch: [42] Train_Loss_cls: 1.6882e-03 Train_Loss_mse: 4.0615e-02
Epoch: [42][ 0/16]	Time  7.904 ( 7.904)	Loss_VinDrCXR_rad4 cls 2.5966e-04 (2.5966e-04)	Loss_VinDrCXR_rad4 mse 4.0043e-02 (4.0043e-02)
Epoch: [42] Train_Loss_cls: 2.1375e-03 Train_Loss_mse: 3.6916e-02
Epoch: [42][ 0/28]	Time  8.293 ( 8.293)	Loss_VinDrCXR_rad5 cls 1.2025e-04 (1.2025e-04)	Loss_VinDrCXR_rad5 mse 3.2459e-02 (3.2459e-02)
Epoch: [42] Train_Loss_cls: 3.0288e-03 Train_Loss_mse: 3.5233e-02
Epoch: [42][ 0/21]	Time  8.175 ( 8.175)	Loss_VinDrCXR_rad6 cls 3.3769e-04 (3.3769e-04)	Loss_VinDrCXR_rad6 mse 3.8306e-02 (3.8306e-02)
Epoch: [42] Train_Loss_cls: 3.1913e-04 Train_Loss_mse: 4.0731e-02
Epoch: [42][ 0/18]	Time  8.308 ( 8.308)	Loss_VinDrCXR_rad7 cls 1.4112e-04 (1.4112e-04)	Loss_VinDrCXR_rad7 mse 3.1404e-02 (3.1404e-02)
Epoch: [42] Train_Loss_cls: 1.8860e-03 Train_Loss_mse: 3.7879e-02
Epoch: [42][ 0/66]	Time  8.628 ( 8.628)	Loss_VinDrCXR_rad8 cls 3.6686e-01 (3.6686e-01)	Loss_VinDrCXR_rad8 mse 2.5804e-01 (2.5804e-01)
Epoch: [42][50/66]	Time  0.975 ( 1.178)	Loss_VinDrCXR_rad8 cls 1.0496e-01 (1.1174e-01)	Loss_VinDrCXR_rad8 mse 1.9679e-01 (2.0959e-01)
Epoch: [42] Train_Loss_cls: 1.0832e-01 Train_Loss_mse: 2.0610e-01
Epoch: [42][ 0/62]	Time  8.879 ( 8.879)	Loss_VinDrCXR_rad9 cls 2.2113e-01 (2.2113e-01)	Loss_VinDrCXR_rad9 mse 2.4115e-01 (2.4115e-01)
Epoch: [42][50/62]	Time  0.975 ( 1.161)	Loss_VinDrCXR_rad9 cls 1.3177e-01 (1.5440e-01)	Loss_VinDrCXR_rad9 mse 2.0965e-01 (2.0834e-01)
Epoch: [42] Train_Loss_cls: 1.5399e-01 Train_Loss_mse: 2.0482e-01
Epoch: [42][ 0/65]	Time  8.452 ( 8.452)	Loss_VinDrCXR_rad10 cls 1.1946e-01 (1.1946e-01)	Loss_VinDrCXR_rad10 mse 1.3236e-01 (1.3236e-01)
Epoch: [42][50/65]	Time  0.975 ( 1.207)	Loss_VinDrCXR_rad10 cls 1.1829e-01 (1.1430e-01)	Loss_VinDrCXR_rad10 mse 1.7632e-01 (2.0546e-01)
Epoch: [42] Train_Loss_cls: 1.1399e-01 Train_Loss_mse: 2.0217e-01
Epoch: [42][ 0/16]	Time  8.561 ( 8.561)	Loss_VinDrCXR_rad11 cls 2.1620e-02 (2.1620e-02)	Loss_VinDrCXR_rad11 mse 6.4194e-02 (6.4194e-02)
Epoch: [42] Train_Loss_cls: 2.3315e-02 Train_Loss_mse: 8.3412e-02
Epoch: [42][ 0/17]	Time  8.758 ( 8.758)	Loss_VinDrCXR_rad12 cls 2.0536e-02 (2.0536e-02)	Loss_VinDrCXR_rad12 mse 8.7087e-02 (8.7087e-02)
Epoch: [42] Train_Loss_cls: 2.2095e-02 Train_Loss_mse: 8.6807e-02
Epoch: [42][ 0/17]	Time  8.369 ( 8.369)	Loss_VinDrCXR_rad13 cls 2.8954e-02 (2.8954e-02)	Loss_VinDrCXR_rad13 mse 7.7956e-02 (7.7956e-02)
Epoch: [42] Train_Loss_cls: 2.9452e-02 Train_Loss_mse: 8.6268e-02
Epoch: [42][ 0/15]	Time  8.302 ( 8.302)	Loss_VinDrCXR_rad14 cls 2.0755e-02 (2.0755e-02)	Loss_VinDrCXR_rad14 mse 7.6971e-02 (7.6971e-02)
Epoch: [42] Train_Loss_cls: 3.5502e-02 Train_Loss_mse: 8.9267e-02
Epoch: [42][ 0/17]	Time  8.208 ( 8.208)	Loss_VinDrCXR_rad15 cls 1.9111e-02 (1.9111e-02)	Loss_VinDrCXR_rad15 mse 6.7260e-02 (6.7260e-02)
Epoch: [42] Train_Loss_cls: 3.0997e-02 Train_Loss_mse: 8.6086e-02
Epoch: [42][ 0/17]	Time  8.355 ( 8.355)	Loss_VinDrCXR_rad16 cls 2.3556e-02 (2.3556e-02)	Loss_VinDrCXR_rad16 mse 1.1856e-01 (1.1856e-01)
Epoch: [42] Train_Loss_cls: 2.3822e-02 Train_Loss_mse: 9.1911e-02
Epoch: [42][0/8]	Time  8.456 ( 8.456)	Loss_VinDrCXR_rad17 cls 1.7751e-02 (1.7751e-02)	Loss_VinDrCXR_rad17 mse 6.1283e-02 (6.1283e-02)
Epoch: [42] Train_Loss_cls: 2.6156e-02 Train_Loss_mse: 7.0790e-02
Val_VinDrCXR_rad1: [ 0/30]	Time  7.294 ( 7.294)	Loss 7.7588e-01 (7.7588e-01)
Epoch 0042: avg_val_loss 0.31758, saving model to ./Models/swin_base_Ark_Finetune_17Rad/Ark_PlusArk_Finetune_17Rad/Ark_Finetune_17Rad/Ark_PlusArk_Finetune_17Rad
Epoch: [43][ 0/20]	Time  8.044 ( 8.044)	Loss_VinDrCXR_rad1 cls 2.3543e-03 (2.3543e-03)	Loss_VinDrCXR_rad1 mse 4.7550e-02 (4.7550e-02)
Epoch: [43] Train_Loss_cls: 1.8196e-03 Train_Loss_mse: 4.2233e-02
Epoch: [43][ 0/32]	Time  8.495 ( 8.495)	Loss_VinDrCXR_rad2 cls 5.1606e-04 (5.1606e-04)	Loss_VinDrCXR_rad2 mse 3.7267e-02 (3.7267e-02)
Epoch: [43] Train_Loss_cls: 3.8320e-03 Train_Loss_mse: 4.2324e-02
Epoch: [43][ 0/23]	Time  8.939 ( 8.939)	Loss_VinDrCXR_rad3 cls 4.7663e-04 (4.7663e-04)	Loss_VinDrCXR_rad3 mse 4.4203e-02 (4.4203e-02)
Epoch: [43] Train_Loss_cls: 1.3237e-03 Train_Loss_mse: 3.9691e-02
Epoch: [43][ 0/16]	Time  8.646 ( 8.646)	Loss_VinDrCXR_rad4 cls 2.7247e-04 (2.7247e-04)	Loss_VinDrCXR_rad4 mse 3.2910e-02 (3.2910e-02)
Epoch: [43] Train_Loss_cls: 2.0475e-03 Train_Loss_mse: 3.5585e-02
Epoch: [43][ 0/28]	Time  8.722 ( 8.722)	Loss_VinDrCXR_rad5 cls 1.3151e-02 (1.3151e-02)	Loss_VinDrCXR_rad5 mse 3.2497e-02 (3.2497e-02)
Epoch: [43] Train_Loss_cls: 3.0710e-03 Train_Loss_mse: 3.7293e-02
Epoch: [43][ 0/21]	Time  8.354 ( 8.354)	Loss_VinDrCXR_rad6 cls 4.2473e-04 (4.2473e-04)	Loss_VinDrCXR_rad6 mse 3.4589e-02 (3.4589e-02)
Epoch: [43] Train_Loss_cls: 4.6818e-04 Train_Loss_mse: 4.0715e-02
Epoch: [43][ 0/18]	Time  8.309 ( 8.309)	Loss_VinDrCXR_rad7 cls 1.4909e-04 (1.4909e-04)	Loss_VinDrCXR_rad7 mse 3.1110e-02 (3.1110e-02)
Epoch: [43] Train_Loss_cls: 1.8224e-03 Train_Loss_mse: 3.9811e-02
Epoch: [43][ 0/66]	Time  8.689 ( 8.689)	Loss_VinDrCXR_rad8 cls 2.6585e-01 (2.6585e-01)	Loss_VinDrCXR_rad8 mse 1.7603e-01 (1.7603e-01)
Epoch: [43][50/66]	Time  0.980 ( 1.168)	Loss_VinDrCXR_rad8 cls 1.0610e-01 (1.0949e-01)	Loss_VinDrCXR_rad8 mse 1.9166e-01 (2.0847e-01)
Epoch: [43] Train_Loss_cls: 1.0648e-01 Train_Loss_mse: 2.0282e-01
Epoch: [43][ 0/62]	Time  8.939 ( 8.939)	Loss_VinDrCXR_rad9 cls 2.1288e-01 (2.1288e-01)	Loss_VinDrCXR_rad9 mse 2.8024e-01 (2.8024e-01)
Epoch: [43][50/62]	Time  0.976 ( 1.138)	Loss_VinDrCXR_rad9 cls 1.0057e-01 (1.5464e-01)	Loss_VinDrCXR_rad9 mse 1.4236e-01 (1.9910e-01)
Epoch: [43] Train_Loss_cls: 1.5333e-01 Train_Loss_mse: 2.0049e-01
Epoch: [43][ 0/65]	Time  8.376 ( 8.376)	Loss_VinDrCXR_rad10 cls 1.4914e-01 (1.4914e-01)	Loss_VinDrCXR_rad10 mse 2.7099e-01 (2.7099e-01)
Epoch: [43][50/65]	Time  0.977 ( 1.180)	Loss_VinDrCXR_rad10 cls 1.3472e-01 (1.1665e-01)	Loss_VinDrCXR_rad10 mse 2.0568e-01 (1.9831e-01)
Epoch: [43] Train_Loss_cls: 1.1472e-01 Train_Loss_mse: 1.9560e-01
Epoch: [43][ 0/16]	Time  8.590 ( 8.590)	Loss_VinDrCXR_rad11 cls 2.9147e-02 (2.9147e-02)	Loss_VinDrCXR_rad11 mse 9.9609e-02 (9.9609e-02)
Epoch: [43] Train_Loss_cls: 2.1139e-02 Train_Loss_mse: 8.1647e-02
Epoch: [43][ 0/17]	Time  8.638 ( 8.638)	Loss_VinDrCXR_rad12 cls 1.8149e-02 (1.8149e-02)	Loss_VinDrCXR_rad12 mse 7.5615e-02 (7.5615e-02)
Epoch: [43] Train_Loss_cls: 2.1322e-02 Train_Loss_mse: 8.4213e-02
Epoch: [43][ 0/17]	Time  8.835 ( 8.835)	Loss_VinDrCXR_rad13 cls 1.2589e-02 (1.2589e-02)	Loss_VinDrCXR_rad13 mse 8.6900e-02 (8.6900e-02)
Epoch: [43] Train_Loss_cls: 3.0522e-02 Train_Loss_mse: 9.2400e-02
Epoch: [43][ 0/15]	Time  8.367 ( 8.367)	Loss_VinDrCXR_rad14 cls 2.1777e-02 (2.1777e-02)	Loss_VinDrCXR_rad14 mse 8.0519e-02 (8.0519e-02)
Epoch: [43] Train_Loss_cls: 3.4634e-02 Train_Loss_mse: 8.3590e-02
Epoch: [43][ 0/17]	Time  8.503 ( 8.503)	Loss_VinDrCXR_rad15 cls 4.1941e-02 (4.1941e-02)	Loss_VinDrCXR_rad15 mse 8.4975e-02 (8.4975e-02)
Epoch: [43] Train_Loss_cls: 2.9946e-02 Train_Loss_mse: 8.3621e-02
Epoch: [43][ 0/17]	Time  8.701 ( 8.701)	Loss_VinDrCXR_rad16 cls 2.9578e-02 (2.9578e-02)	Loss_VinDrCXR_rad16 mse 8.0548e-02 (8.0548e-02)
Epoch: [43] Train_Loss_cls: 2.2630e-02 Train_Loss_mse: 8.1890e-02
Epoch: [43][0/8]	Time  8.624 ( 8.624)	Loss_VinDrCXR_rad17 cls 8.3229e-03 (8.3229e-03)	Loss_VinDrCXR_rad17 mse 5.2439e-02 (5.2439e-02)
Epoch: [43] Train_Loss_cls: 2.3561e-02 Train_Loss_mse: 6.0478e-02
Val_VinDrCXR_rad1: [ 0/30]	Time  7.184 ( 7.184)	Loss 7.5521e-01 (7.5521e-01)
Epoch 0043: avg_val_loss 0.30769, saving model to ./Models/swin_base_Ark_Finetune_17Rad/Ark_PlusArk_Finetune_17Rad/Ark_Finetune_17Rad/Ark_PlusArk_Finetune_17Rad
Epoch: [44][ 0/20]	Time  8.341 ( 8.341)	Loss_VinDrCXR_rad1 cls 2.5765e-03 (2.5765e-03)	Loss_VinDrCXR_rad1 mse 4.2730e-02 (4.2730e-02)
Epoch: [44] Train_Loss_cls: 1.9565e-03 Train_Loss_mse: 4.3067e-02
Epoch: [44][ 0/32]	Time  9.176 ( 9.176)	Loss_VinDrCXR_rad2 cls 4.4939e-04 (4.4939e-04)	Loss_VinDrCXR_rad2 mse 4.4209e-02 (4.4209e-02)
Epoch: [44] Train_Loss_cls: 3.7654e-03 Train_Loss_mse: 4.3787e-02
Epoch: [44][ 0/23]	Time  8.504 ( 8.504)	Loss_VinDrCXR_rad3 cls 1.6068e-03 (1.6068e-03)	Loss_VinDrCXR_rad3 mse 3.5463e-02 (3.5463e-02)
Epoch: [44] Train_Loss_cls: 2.0265e-03 Train_Loss_mse: 4.3771e-02
Epoch: [44][ 0/16]	Time  8.381 ( 8.381)	Loss_VinDrCXR_rad4 cls 3.6920e-04 (3.6920e-04)	Loss_VinDrCXR_rad4 mse 3.3418e-02 (3.3418e-02)
Epoch: [44] Train_Loss_cls: 2.3499e-03 Train_Loss_mse: 3.5089e-02
Epoch: [44][ 0/28]	Time  8.721 ( 8.721)	Loss_VinDrCXR_rad5 cls 1.9273e-04 (1.9273e-04)	Loss_VinDrCXR_rad5 mse 3.8437e-02 (3.8437e-02)
Epoch: [44] Train_Loss_cls: 3.5865e-03 Train_Loss_mse: 3.7446e-02
Epoch: [44][ 0/21]	Time  8.473 ( 8.473)	Loss_VinDrCXR_rad6 cls 5.9755e-04 (5.9755e-04)	Loss_VinDrCXR_rad6 mse 4.2044e-02 (4.2044e-02)
Epoch: [44] Train_Loss_cls: 4.2902e-04 Train_Loss_mse: 3.8899e-02
Epoch: [44][ 0/18]	Time  8.566 ( 8.566)	Loss_VinDrCXR_rad7 cls 1.5239e-02 (1.5239e-02)	Loss_VinDrCXR_rad7 mse 3.5014e-02 (3.5014e-02)
Epoch: [44] Train_Loss_cls: 1.8737e-03 Train_Loss_mse: 3.7622e-02
Epoch: [44][ 0/66]	Time  8.325 ( 8.325)	Loss_VinDrCXR_rad8 cls 2.1449e-01 (2.1449e-01)	Loss_VinDrCXR_rad8 mse 1.5604e-01 (1.5604e-01)
Epoch: [44][50/66]	Time  0.976 ( 1.167)	Loss_VinDrCXR_rad8 cls 1.1211e-01 (1.1441e-01)	Loss_VinDrCXR_rad8 mse 2.7831e-01 (2.0897e-01)
Epoch: [44] Train_Loss_cls: 1.0957e-01 Train_Loss_mse: 2.0472e-01
Epoch: [44][ 0/62]	Time  9.379 ( 9.379)	Loss_VinDrCXR_rad9 cls 2.1070e-01 (2.1070e-01)	Loss_VinDrCXR_rad9 mse 2.3737e-01 (2.3737e-01)
Epoch: [44][50/62]	Time  0.975 ( 1.159)	Loss_VinDrCXR_rad9 cls 9.0005e-02 (1.5731e-01)	Loss_VinDrCXR_rad9 mse 1.7699e-01 (2.1376e-01)
Epoch: [44] Train_Loss_cls: 1.5669e-01 Train_Loss_mse: 2.1177e-01
Epoch: [44][ 0/65]	Time  9.022 ( 9.022)	Loss_VinDrCXR_rad10 cls 1.2558e-01 (1.2558e-01)	Loss_VinDrCXR_rad10 mse 1.9434e-01 (1.9434e-01)
Epoch: [44][50/65]	Time  0.976 ( 1.155)	Loss_VinDrCXR_rad10 cls 9.8774e-02 (1.1436e-01)	Loss_VinDrCXR_rad10 mse 1.8441e-01 (1.9208e-01)
Epoch: [44] Train_Loss_cls: 1.1401e-01 Train_Loss_mse: 1.9734e-01
Epoch: [44][ 0/16]	Time  8.574 ( 8.574)	Loss_VinDrCXR_rad11 cls 3.1881e-02 (3.1881e-02)	Loss_VinDrCXR_rad11 mse 6.8817e-02 (6.8817e-02)
Epoch: [44] Train_Loss_cls: 2.5047e-02 Train_Loss_mse: 8.7124e-02
Epoch: [44][ 0/17]	Time  8.620 ( 8.620)	Loss_VinDrCXR_rad12 cls 2.1614e-02 (2.1614e-02)	Loss_VinDrCXR_rad12 mse 7.9297e-02 (7.9297e-02)
Epoch: [44] Train_Loss_cls: 2.1889e-02 Train_Loss_mse: 8.3003e-02
Epoch: [44][ 0/17]	Time  8.254 ( 8.254)	Loss_VinDrCXR_rad13 cls 3.8930e-02 (3.8930e-02)	Loss_VinDrCXR_rad13 mse 8.3465e-02 (8.3465e-02)
Epoch: [44] Train_Loss_cls: 2.7605e-02 Train_Loss_mse: 8.8077e-02
Epoch: [44][ 0/15]	Time  8.753 ( 8.753)	Loss_VinDrCXR_rad14 cls 3.5049e-02 (3.5049e-02)	Loss_VinDrCXR_rad14 mse 6.9869e-02 (6.9869e-02)
Epoch: [44] Train_Loss_cls: 3.1642e-02 Train_Loss_mse: 7.7197e-02
Epoch: [44][ 0/17]	Time  8.922 ( 8.922)	Loss_VinDrCXR_rad15 cls 2.3703e-02 (2.3703e-02)	Loss_VinDrCXR_rad15 mse 5.9778e-02 (5.9778e-02)
Epoch: [44] Train_Loss_cls: 2.5938e-02 Train_Loss_mse: 7.5335e-02
Epoch: [44][ 0/17]	Time  8.557 ( 8.557)	Loss_VinDrCXR_rad16 cls 1.9388e-02 (1.9388e-02)	Loss_VinDrCXR_rad16 mse 6.8167e-02 (6.8167e-02)
Epoch: [44] Train_Loss_cls: 2.1802e-02 Train_Loss_mse: 7.9553e-02
Epoch: [44][0/8]	Time  8.247 ( 8.247)	Loss_VinDrCXR_rad17 cls 9.1390e-03 (9.1390e-03)	Loss_VinDrCXR_rad17 mse 4.5948e-02 (4.5948e-02)
Epoch: [44] Train_Loss_cls: 2.4392e-02 Train_Loss_mse: 5.7292e-02
Val_VinDrCXR_rad1: [ 0/30]	Time  7.440 ( 7.440)	Loss 7.6161e-01 (7.6161e-01)
Epoch 0044: avg_val_loss 0.30690, saving model to ./Models/swin_base_Ark_Finetune_17Rad/Ark_PlusArk_Finetune_17Rad/Ark_Finetune_17Rad/Ark_PlusArk_Finetune_17Rad
Epoch: [45][ 0/20]	Time  8.769 ( 8.769)	Loss_VinDrCXR_rad1 cls 6.1072e-03 (6.1072e-03)	Loss_VinDrCXR_rad1 mse 4.4815e-02 (4.4815e-02)
Epoch: [45] Train_Loss_cls: 2.4665e-03 Train_Loss_mse: 4.1449e-02
Epoch: [45][ 0/32]	Time  9.142 ( 9.142)	Loss_VinDrCXR_rad2 cls 3.4609e-04 (3.4609e-04)	Loss_VinDrCXR_rad2 mse 4.0425e-02 (4.0425e-02)
Epoch: [45] Train_Loss_cls: 4.1265e-03 Train_Loss_mse: 4.4451e-02
Epoch: [45][ 0/23]	Time  8.465 ( 8.465)	Loss_VinDrCXR_rad3 cls 5.2841e-04 (5.2841e-04)	Loss_VinDrCXR_rad3 mse 3.7652e-02 (3.7652e-02)
Epoch: [45] Train_Loss_cls: 1.6086e-03 Train_Loss_mse: 4.0220e-02
Epoch: [45][ 0/16]	Time  9.155 ( 9.155)	Loss_VinDrCXR_rad4 cls 2.1115e-04 (2.1115e-04)	Loss_VinDrCXR_rad4 mse 3.6844e-02 (3.6844e-02)
Epoch: [45] Train_Loss_cls: 2.1359e-03 Train_Loss_mse: 3.2640e-02
Epoch: [45][ 0/28]	Time  8.595 ( 8.595)	Loss_VinDrCXR_rad5 cls 1.5345e-03 (1.5345e-03)	Loss_VinDrCXR_rad5 mse 3.4573e-02 (3.4573e-02)
Epoch: [45] Train_Loss_cls: 3.3963e-03 Train_Loss_mse: 3.4939e-02
Epoch: [45][ 0/21]	Time  8.561 ( 8.561)	Loss_VinDrCXR_rad6 cls 2.5788e-04 (2.5788e-04)	Loss_VinDrCXR_rad6 mse 2.7520e-02 (2.7520e-02)
Epoch: [45] Train_Loss_cls: 5.1444e-04 Train_Loss_mse: 3.7806e-02
Epoch: [45][ 0/18]	Time  8.571 ( 8.571)	Loss_VinDrCXR_rad7 cls 2.4176e-04 (2.4176e-04)	Loss_VinDrCXR_rad7 mse 3.3432e-02 (3.3432e-02)
Epoch: [45] Train_Loss_cls: 2.2898e-03 Train_Loss_mse: 3.6389e-02
Epoch: [45][ 0/66]	Time  8.681 ( 8.681)	Loss_VinDrCXR_rad8 cls 2.7807e-01 (2.7807e-01)	Loss_VinDrCXR_rad8 mse 2.7404e-01 (2.7404e-01)
Epoch: [45][50/66]	Time  0.979 ( 1.154)	Loss_VinDrCXR_rad8 cls 1.2968e-01 (1.0886e-01)	Loss_VinDrCXR_rad8 mse 2.6282e-01 (2.0796e-01)
Epoch: [45] Train_Loss_cls: 1.0814e-01 Train_Loss_mse: 2.0486e-01
Epoch: [45][ 0/62]	Time  9.112 ( 9.112)	Loss_VinDrCXR_rad9 cls 1.8373e-01 (1.8373e-01)	Loss_VinDrCXR_rad9 mse 2.0681e-01 (2.0681e-01)
Epoch: [45][50/62]	Time  0.976 ( 1.167)	Loss_VinDrCXR_rad9 cls 1.5687e-01 (1.5723e-01)	Loss_VinDrCXR_rad9 mse 2.4493e-01 (2.0381e-01)
Epoch: [45] Train_Loss_cls: 1.5520e-01 Train_Loss_mse: 2.0569e-01
Epoch: [45][ 0/65]	Time  9.641 ( 9.641)	Loss_VinDrCXR_rad10 cls 1.1676e-01 (1.1676e-01)	Loss_VinDrCXR_rad10 mse 2.0378e-01 (2.0378e-01)
Epoch: [45][50/65]	Time  1.009 ( 1.173)	Loss_VinDrCXR_rad10 cls 1.1104e-01 (1.1587e-01)	Loss_VinDrCXR_rad10 mse 2.4534e-01 (2.0382e-01)
Epoch: [45] Train_Loss_cls: 1.1508e-01 Train_Loss_mse: 1.9950e-01
Epoch: [45][ 0/16]	Time  8.975 ( 8.975)	Loss_VinDrCXR_rad11 cls 4.3868e-02 (4.3868e-02)	Loss_VinDrCXR_rad11 mse 7.1092e-02 (7.1092e-02)
Epoch: [45] Train_Loss_cls: 2.6127e-02 Train_Loss_mse: 8.2370e-02
Epoch: [45][ 0/17]	Time  9.497 ( 9.497)	Loss_VinDrCXR_rad12 cls 1.7105e-02 (1.7105e-02)	Loss_VinDrCXR_rad12 mse 8.0969e-02 (8.0969e-02)
Epoch: [45] Train_Loss_cls: 2.1052e-02 Train_Loss_mse: 7.8707e-02
Epoch: [45][ 0/17]	Time  8.633 ( 8.633)	Loss_VinDrCXR_rad13 cls 2.3470e-02 (2.3470e-02)	Loss_VinDrCXR_rad13 mse 8.0649e-02 (8.0649e-02)
Epoch: [45] Train_Loss_cls: 2.6932e-02 Train_Loss_mse: 7.6885e-02
Epoch: [45][ 0/15]	Time  8.701 ( 8.701)	Loss_VinDrCXR_rad14 cls 4.7279e-02 (4.7279e-02)	Loss_VinDrCXR_rad14 mse 9.6261e-02 (9.6261e-02)
Epoch: [45] Train_Loss_cls: 3.1118e-02 Train_Loss_mse: 7.5006e-02
Epoch: [45][ 0/17]	Time  8.408 ( 8.408)	Loss_VinDrCXR_rad15 cls 3.4374e-02 (3.4374e-02)	Loss_VinDrCXR_rad15 mse 5.9444e-02 (5.9444e-02)
Epoch: [45] Train_Loss_cls: 2.7906e-02 Train_Loss_mse: 7.1155e-02
Epoch: [45][ 0/17]	Time  8.788 ( 8.788)	Loss_VinDrCXR_rad16 cls 2.1487e-02 (2.1487e-02)	Loss_VinDrCXR_rad16 mse 6.7202e-02 (6.7202e-02)
Epoch: [45] Train_Loss_cls: 2.2484e-02 Train_Loss_mse: 7.2007e-02
Epoch: [45][0/8]	Time  8.480 ( 8.480)	Loss_VinDrCXR_rad17 cls 1.9311e-02 (1.9311e-02)	Loss_VinDrCXR_rad17 mse 6.7444e-02 (6.7444e-02)
Epoch: [45] Train_Loss_cls: 3.1364e-02 Train_Loss_mse: 6.4259e-02
Val_VinDrCXR_rad1: [ 0/30]	Time  7.131 ( 7.131)	Loss 7.9454e-01 (7.9454e-01)
Epoch 0045: avg_val_loss 0.31685, saving model to ./Models/swin_base_Ark_Finetune_17Rad/Ark_PlusArk_Finetune_17Rad/Ark_Finetune_17Rad/Ark_PlusArk_Finetune_17Rad
Epoch: [46][ 0/20]	Time  8.418 ( 8.418)	Loss_VinDrCXR_rad1 cls 2.8568e-03 (2.8568e-03)	Loss_VinDrCXR_rad1 mse 5.1190e-02 (5.1190e-02)
Epoch: [46] Train_Loss_cls: 1.8990e-03 Train_Loss_mse: 3.7161e-02
Epoch: [46][ 0/32]	Time  9.034 ( 9.034)	Loss_VinDrCXR_rad2 cls 3.8630e-04 (3.8630e-04)	Loss_VinDrCXR_rad2 mse 4.6243e-02 (4.6243e-02)
Epoch: [46] Train_Loss_cls: 3.8329e-03 Train_Loss_mse: 4.0440e-02
Epoch: [46][ 0/23]	Time  8.856 ( 8.856)	Loss_VinDrCXR_rad3 cls 4.4572e-04 (4.4572e-04)	Loss_VinDrCXR_rad3 mse 3.2994e-02 (3.2994e-02)
Epoch: [46] Train_Loss_cls: 1.0344e-03 Train_Loss_mse: 3.6943e-02
Epoch: [46][ 0/16]	Time  8.647 ( 8.647)	Loss_VinDrCXR_rad4 cls 4.4651e-04 (4.4651e-04)	Loss_VinDrCXR_rad4 mse 3.4222e-02 (3.4222e-02)
Epoch: [46] Train_Loss_cls: 2.2931e-03 Train_Loss_mse: 3.1450e-02
Epoch: [46][ 0/28]	Time  8.601 ( 8.601)	Loss_VinDrCXR_rad5 cls 2.7180e-04 (2.7180e-04)	Loss_VinDrCXR_rad5 mse 2.8545e-02 (2.8545e-02)
Epoch: [46] Train_Loss_cls: 2.9627e-03 Train_Loss_mse: 3.3856e-02
Epoch: [46][ 0/21]	Time  8.520 ( 8.520)	Loss_VinDrCXR_rad6 cls 1.9263e-03 (1.9263e-03)	Loss_VinDrCXR_rad6 mse 3.6720e-02 (3.6720e-02)
Epoch: [46] Train_Loss_cls: 4.5577e-04 Train_Loss_mse: 3.4857e-02
Epoch: [46][ 0/18]	Time  8.694 ( 8.694)	Loss_VinDrCXR_rad7 cls 2.2897e-04 (2.2897e-04)	Loss_VinDrCXR_rad7 mse 3.5379e-02 (3.5379e-02)
Epoch: [46] Train_Loss_cls: 1.9564e-03 Train_Loss_mse: 3.5473e-02
Epoch: [46][ 0/66]	Time  8.818 ( 8.818)	Loss_VinDrCXR_rad8 cls 2.7748e-01 (2.7748e-01)	Loss_VinDrCXR_rad8 mse 1.9509e-01 (1.9509e-01)
Epoch: [46][50/66]	Time  0.990 ( 1.173)	Loss_VinDrCXR_rad8 cls 8.1027e-02 (1.1090e-01)	Loss_VinDrCXR_rad8 mse 1.4802e-01 (2.0385e-01)
Epoch: [46] Train_Loss_cls: 1.0829e-01 Train_Loss_mse: 1.9831e-01
Epoch: [46][ 0/62]	Time  9.075 ( 9.075)	Loss_VinDrCXR_rad9 cls 1.3064e-01 (1.3064e-01)	Loss_VinDrCXR_rad9 mse 1.7013e-01 (1.7013e-01)
Epoch: [46][50/62]	Time  0.979 ( 1.194)	Loss_VinDrCXR_rad9 cls 1.6117e-01 (1.5104e-01)	Loss_VinDrCXR_rad9 mse 2.0202e-01 (2.0375e-01)
Epoch: [46] Train_Loss_cls: 1.5195e-01 Train_Loss_mse: 2.0547e-01
Epoch: [46][ 0/65]	Time  9.168 ( 9.168)	Loss_VinDrCXR_rad10 cls 1.1029e-01 (1.1029e-01)	Loss_VinDrCXR_rad10 mse 1.4748e-01 (1.4748e-01)
Epoch: [46][50/65]	Time  0.976 ( 1.173)	Loss_VinDrCXR_rad10 cls 9.9521e-02 (1.1210e-01)	Loss_VinDrCXR_rad10 mse 1.6020e-01 (1.9797e-01)
Epoch: [46] Train_Loss_cls: 1.1399e-01 Train_Loss_mse: 1.9470e-01
Epoch: [46][ 0/16]	Time  8.585 ( 8.585)	Loss_VinDrCXR_rad11 cls 2.7859e-02 (2.7859e-02)	Loss_VinDrCXR_rad11 mse 8.5979e-02 (8.5979e-02)
Epoch: [46] Train_Loss_cls: 2.4731e-02 Train_Loss_mse: 7.1070e-02
Epoch: [46][ 0/17]	Time  8.937 ( 8.937)	Loss_VinDrCXR_rad12 cls 8.0299e-03 (8.0299e-03)	Loss_VinDrCXR_rad12 mse 5.1052e-02 (5.1052e-02)
Epoch: [46] Train_Loss_cls: 2.2261e-02 Train_Loss_mse: 7.9187e-02
Epoch: [46][ 0/17]	Time  8.557 ( 8.557)	Loss_VinDrCXR_rad13 cls 5.7847e-02 (5.7847e-02)	Loss_VinDrCXR_rad13 mse 9.5756e-02 (9.5756e-02)
Epoch: [46] Train_Loss_cls: 2.5579e-02 Train_Loss_mse: 7.3023e-02
Epoch: [46][ 0/15]	Time  9.000 ( 9.000)	Loss_VinDrCXR_rad14 cls 3.4175e-02 (3.4175e-02)	Loss_VinDrCXR_rad14 mse 7.6023e-02 (7.6023e-02)
Epoch: [46] Train_Loss_cls: 3.0288e-02 Train_Loss_mse: 7.1597e-02
Epoch: [46][ 0/17]	Time  8.595 ( 8.595)	Loss_VinDrCXR_rad15 cls 1.7811e-02 (1.7811e-02)	Loss_VinDrCXR_rad15 mse 6.0286e-02 (6.0286e-02)
Epoch: [46] Train_Loss_cls: 3.0218e-02 Train_Loss_mse: 7.4693e-02
Epoch: [46][ 0/17]	Time  8.866 ( 8.866)	Loss_VinDrCXR_rad16 cls 3.6130e-02 (3.6130e-02)	Loss_VinDrCXR_rad16 mse 8.6937e-02 (8.6937e-02)
Epoch: [46] Train_Loss_cls: 2.1720e-02 Train_Loss_mse: 6.9879e-02
Epoch: [46][0/8]	Time  8.822 ( 8.822)	Loss_VinDrCXR_rad17 cls 2.8510e-02 (2.8510e-02)	Loss_VinDrCXR_rad17 mse 5.0456e-02 (5.0456e-02)
Epoch: [46] Train_Loss_cls: 2.4901e-02 Train_Loss_mse: 5.1097e-02
Val_VinDrCXR_rad1: [ 0/30]	Time  7.534 ( 7.534)	Loss 8.4997e-01 (8.4997e-01)
Epoch 0046: avg_val_loss 0.33769, saving model to ./Models/swin_base_Ark_Finetune_17Rad/Ark_PlusArk_Finetune_17Rad/Ark_Finetune_17Rad/Ark_PlusArk_Finetune_17Rad
Epoch: [47][ 0/20]	Time  8.943 ( 8.943)	Loss_VinDrCXR_rad1 cls 5.0004e-03 (5.0004e-03)	Loss_VinDrCXR_rad1 mse 4.1491e-02 (4.1491e-02)
Epoch: [47] Train_Loss_cls: 1.8817e-03 Train_Loss_mse: 3.8759e-02
Epoch: [47][ 0/32]	Time  8.862 ( 8.862)	Loss_VinDrCXR_rad2 cls 5.2973e-04 (5.2973e-04)	Loss_VinDrCXR_rad2 mse 4.4590e-02 (4.4590e-02)
Epoch: [47] Train_Loss_cls: 4.1781e-03 Train_Loss_mse: 3.9498e-02
Epoch: [47][ 0/23]	Time  8.701 ( 8.701)	Loss_VinDrCXR_rad3 cls 6.1893e-04 (6.1893e-04)	Loss_VinDrCXR_rad3 mse 3.1533e-02 (3.1533e-02)
Epoch: [47] Train_Loss_cls: 2.5935e-03 Train_Loss_mse: 3.6899e-02
Epoch: [47][ 0/16]	Time  9.017 ( 9.017)	Loss_VinDrCXR_rad4 cls 2.1301e-04 (2.1301e-04)	Loss_VinDrCXR_rad4 mse 2.6033e-02 (2.6033e-02)
Epoch: [47] Train_Loss_cls: 2.0770e-03 Train_Loss_mse: 3.1259e-02
Epoch: [47][ 0/28]	Time  8.703 ( 8.703)	Loss_VinDrCXR_rad5 cls 1.3945e-02 (1.3945e-02)	Loss_VinDrCXR_rad5 mse 3.1707e-02 (3.1707e-02)
Epoch: [47] Train_Loss_cls: 2.7698e-03 Train_Loss_mse: 3.2326e-02
Epoch: [47][ 0/21]	Time  8.301 ( 8.301)	Loss_VinDrCXR_rad6 cls 2.4301e-03 (2.4301e-03)	Loss_VinDrCXR_rad6 mse 3.8580e-02 (3.8580e-02)
Epoch: [47] Train_Loss_cls: 7.1143e-04 Train_Loss_mse: 3.4308e-02
Epoch: [47][ 0/18]	Time  8.936 ( 8.936)	Loss_VinDrCXR_rad7 cls 1.2168e-04 (1.2168e-04)	Loss_VinDrCXR_rad7 mse 2.9422e-02 (2.9422e-02)
Epoch: [47] Train_Loss_cls: 1.9824e-03 Train_Loss_mse: 3.3186e-02
Epoch: [47][ 0/66]	Time  8.479 ( 8.479)	Loss_VinDrCXR_rad8 cls 3.1013e-01 (3.1013e-01)	Loss_VinDrCXR_rad8 mse 1.7922e-01 (1.7922e-01)
Epoch: [47][50/66]	Time  0.975 ( 1.179)	Loss_VinDrCXR_rad8 cls 7.6119e-02 (1.0814e-01)	Loss_VinDrCXR_rad8 mse 1.7342e-01 (1.9772e-01)
Epoch: [47] Train_Loss_cls: 1.0486e-01 Train_Loss_mse: 1.9119e-01
Epoch: [47][ 0/62]	Time  8.965 ( 8.965)	Loss_VinDrCXR_rad9 cls 1.6408e-01 (1.6408e-01)	Loss_VinDrCXR_rad9 mse 1.0095e-01 (1.0095e-01)
Epoch: [47][50/62]	Time  0.976 ( 1.150)	Loss_VinDrCXR_rad9 cls 1.5075e-01 (1.5366e-01)	Loss_VinDrCXR_rad9 mse 1.9507e-01 (2.2212e-01)
Epoch: [47] Train_Loss_cls: 1.5438e-01 Train_Loss_mse: 2.2550e-01
Epoch: [47][ 0/65]	Time  8.890 ( 8.890)	Loss_VinDrCXR_rad10 cls 1.6152e-01 (1.6152e-01)	Loss_VinDrCXR_rad10 mse 1.7868e-01 (1.7868e-01)
Epoch: [47][50/65]	Time  0.991 ( 1.133)	Loss_VinDrCXR_rad10 cls 9.2546e-02 (1.1845e-01)	Loss_VinDrCXR_rad10 mse 2.2116e-01 (2.0198e-01)
Epoch: [47] Train_Loss_cls: 1.1608e-01 Train_Loss_mse: 1.9503e-01
Epoch: [47][ 0/16]	Time  8.264 ( 8.264)	Loss_VinDrCXR_rad11 cls 3.9854e-02 (3.9854e-02)	Loss_VinDrCXR_rad11 mse 7.2274e-02 (7.2274e-02)
Epoch: [47] Train_Loss_cls: 2.7427e-02 Train_Loss_mse: 7.3697e-02
Epoch: [47][ 0/17]	Time  9.756 ( 9.756)	Loss_VinDrCXR_rad12 cls 2.0926e-02 (2.0926e-02)	Loss_VinDrCXR_rad12 mse 7.2718e-02 (7.2718e-02)
Epoch: [47] Train_Loss_cls: 2.5673e-02 Train_Loss_mse: 7.1622e-02
Epoch: [47][ 0/17]	Time  8.549 ( 8.549)	Loss_VinDrCXR_rad13 cls 1.6496e-02 (1.6496e-02)	Loss_VinDrCXR_rad13 mse 5.6188e-02 (5.6188e-02)
Epoch: [47] Train_Loss_cls: 2.4004e-02 Train_Loss_mse: 7.3795e-02
Epoch: [47][ 0/15]	Time  8.930 ( 8.930)	Loss_VinDrCXR_rad14 cls 2.5158e-02 (2.5158e-02)	Loss_VinDrCXR_rad14 mse 5.1871e-02 (5.1871e-02)
Epoch: [47] Train_Loss_cls: 3.1403e-02 Train_Loss_mse: 7.7226e-02
Epoch: [47][ 0/17]	Time  8.686 ( 8.686)	Loss_VinDrCXR_rad15 cls 2.4144e-02 (2.4144e-02)	Loss_VinDrCXR_rad15 mse 5.7648e-02 (5.7648e-02)
Epoch: [47] Train_Loss_cls: 3.2854e-02 Train_Loss_mse: 7.4124e-02
Epoch: [47][ 0/17]	Time  8.512 ( 8.512)	Loss_VinDrCXR_rad16 cls 2.6370e-02 (2.6370e-02)	Loss_VinDrCXR_rad16 mse 8.0076e-02 (8.0076e-02)
Epoch: [47] Train_Loss_cls: 2.1970e-02 Train_Loss_mse: 7.7489e-02
Epoch: [47][0/8]	Time  8.875 ( 8.875)	Loss_VinDrCXR_rad17 cls 1.1692e-02 (1.1692e-02)	Loss_VinDrCXR_rad17 mse 3.7497e-02 (3.7497e-02)
Epoch: [47] Train_Loss_cls: 2.1923e-02 Train_Loss_mse: 4.9669e-02
Val_VinDrCXR_rad1: [ 0/30]	Time  7.740 ( 7.740)	Loss 8.4829e-01 (8.4829e-01)
Epoch 0047: avg_val_loss 0.33594, saving model to ./Models/swin_base_Ark_Finetune_17Rad/Ark_PlusArk_Finetune_17Rad/Ark_Finetune_17Rad/Ark_PlusArk_Finetune_17Rad
Epoch: [48][ 0/20]	Time  8.150 ( 8.150)	Loss_VinDrCXR_rad1 cls 1.3431e-03 (1.3431e-03)	Loss_VinDrCXR_rad1 mse 3.2147e-02 (3.2147e-02)
Epoch: [48] Train_Loss_cls: 1.8609e-03 Train_Loss_mse: 3.4060e-02
Epoch: [48][ 0/32]	Time  8.921 ( 8.921)	Loss_VinDrCXR_rad2 cls 4.6560e-04 (4.6560e-04)	Loss_VinDrCXR_rad2 mse 3.4195e-02 (3.4195e-02)
Epoch: [48] Train_Loss_cls: 4.5264e-03 Train_Loss_mse: 3.9184e-02
Epoch: [48][ 0/23]	Time  8.257 ( 8.257)	Loss_VinDrCXR_rad3 cls 6.4710e-04 (6.4710e-04)	Loss_VinDrCXR_rad3 mse 3.5984e-02 (3.5984e-02)
Epoch: [48] Train_Loss_cls: 1.4632e-03 Train_Loss_mse: 3.5143e-02
Epoch: [48][ 0/16]	Time  8.920 ( 8.920)	Loss_VinDrCXR_rad4 cls 1.5189e-04 (1.5189e-04)	Loss_VinDrCXR_rad4 mse 2.8635e-02 (2.8635e-02)
Epoch: [48] Train_Loss_cls: 2.3189e-03 Train_Loss_mse: 3.0005e-02
Epoch: [48][ 0/28]	Time  8.481 ( 8.481)	Loss_VinDrCXR_rad5 cls 2.4395e-04 (2.4395e-04)	Loss_VinDrCXR_rad5 mse 2.9474e-02 (2.9474e-02)
Epoch: [48] Train_Loss_cls: 2.6815e-03 Train_Loss_mse: 3.0066e-02
Epoch: [48][ 0/21]	Time  9.858 ( 9.858)	Loss_VinDrCXR_rad6 cls 6.3964e-04 (6.3964e-04)	Loss_VinDrCXR_rad6 mse 3.6271e-02 (3.6271e-02)
Epoch: [48] Train_Loss_cls: 6.8321e-04 Train_Loss_mse: 3.3693e-02
Epoch: [48][ 0/18]	Time  8.382 ( 8.382)	Loss_VinDrCXR_rad7 cls 1.8854e-04 (1.8854e-04)	Loss_VinDrCXR_rad7 mse 3.2546e-02 (3.2546e-02)
Epoch: [48] Train_Loss_cls: 1.9477e-03 Train_Loss_mse: 3.2112e-02
Epoch: [48][ 0/66]	Time  9.033 ( 9.033)	Loss_VinDrCXR_rad8 cls 2.4093e-01 (2.4093e-01)	Loss_VinDrCXR_rad8 mse 1.7334e-01 (1.7334e-01)
Epoch: [48][50/66]	Time  1.081 ( 1.162)	Loss_VinDrCXR_rad8 cls 8.6713e-02 (1.0532e-01)	Loss_VinDrCXR_rad8 mse 1.9305e-01 (1.9158e-01)
Epoch: [48] Train_Loss_cls: 1.0222e-01 Train_Loss_mse: 1.9173e-01
Epoch: [48][ 0/62]	Time  8.932 ( 8.932)	Loss_VinDrCXR_rad9 cls 1.7824e-01 (1.7824e-01)	Loss_VinDrCXR_rad9 mse 2.3225e-01 (2.3225e-01)
Epoch: [48][50/62]	Time  0.975 ( 1.140)	Loss_VinDrCXR_rad9 cls 2.0750e-01 (1.5097e-01)	Loss_VinDrCXR_rad9 mse 2.3169e-01 (2.1012e-01)
Epoch: [48] Train_Loss_cls: 1.5073e-01 Train_Loss_mse: 2.0844e-01
Epoch: [48][ 0/65]	Time  8.714 ( 8.714)	Loss_VinDrCXR_rad10 cls 1.0942e-01 (1.0942e-01)	Loss_VinDrCXR_rad10 mse 2.0937e-01 (2.0937e-01)
Epoch: [48][50/65]	Time  0.978 ( 1.179)	Loss_VinDrCXR_rad10 cls 1.4736e-01 (1.1219e-01)	Loss_VinDrCXR_rad10 mse 2.0391e-01 (1.9388e-01)
Epoch: [48] Train_Loss_cls: 1.1346e-01 Train_Loss_mse: 1.9587e-01
Epoch: [48][ 0/16]	Time  8.691 ( 8.691)	Loss_VinDrCXR_rad11 cls 4.6818e-02 (4.6818e-02)	Loss_VinDrCXR_rad11 mse 8.1531e-02 (8.1531e-02)
Epoch: [48] Train_Loss_cls: 2.7330e-02 Train_Loss_mse: 8.0764e-02
Epoch: [48][ 0/17]	Time  9.137 ( 9.137)	Loss_VinDrCXR_rad12 cls 1.4243e-02 (1.4243e-02)	Loss_VinDrCXR_rad12 mse 1.0225e-01 (1.0225e-01)
Epoch: [48] Train_Loss_cls: 1.9059e-02 Train_Loss_mse: 7.5878e-02
Epoch: [48][ 0/17]	Time  8.777 ( 8.777)	Loss_VinDrCXR_rad13 cls 2.4539e-02 (2.4539e-02)	Loss_VinDrCXR_rad13 mse 6.9960e-02 (6.9960e-02)
Epoch: [48] Train_Loss_cls: 2.9275e-02 Train_Loss_mse: 7.4778e-02
Epoch: [48][ 0/15]	Time  8.583 ( 8.583)	Loss_VinDrCXR_rad14 cls 4.9859e-02 (4.9859e-02)	Loss_VinDrCXR_rad14 mse 7.4030e-02 (7.4030e-02)
Epoch: [48] Train_Loss_cls: 3.0618e-02 Train_Loss_mse: 6.9151e-02
Epoch: [48][ 0/17]	Time  8.340 ( 8.340)	Loss_VinDrCXR_rad15 cls 3.2578e-02 (3.2578e-02)	Loss_VinDrCXR_rad15 mse 8.5987e-02 (8.5987e-02)
Epoch: [48] Train_Loss_cls: 3.2462e-02 Train_Loss_mse: 7.6456e-02
Epoch: [48][ 0/17]	Time  8.272 ( 8.272)	Loss_VinDrCXR_rad16 cls 1.7428e-02 (1.7428e-02)	Loss_VinDrCXR_rad16 mse 6.8015e-02 (6.8015e-02)
Epoch: [48] Train_Loss_cls: 2.4184e-02 Train_Loss_mse: 7.2898e-02
Epoch: [48][0/8]	Time  8.312 ( 8.312)	Loss_VinDrCXR_rad17 cls 2.1181e-02 (2.1181e-02)	Loss_VinDrCXR_rad17 mse 4.5288e-02 (4.5288e-02)
Epoch: [48] Train_Loss_cls: 2.0972e-02 Train_Loss_mse: 4.5874e-02
Val_VinDrCXR_rad1: [ 0/30]	Time  7.141 ( 7.141)	Loss 7.8808e-01 (7.8808e-01)
Epoch 0048: avg_val_loss 0.31823, saving model to ./Models/swin_base_Ark_Finetune_17Rad/Ark_PlusArk_Finetune_17Rad/Ark_Finetune_17Rad/Ark_PlusArk_Finetune_17Rad
Epoch: [49][ 0/20]	Time  8.689 ( 8.689)	Loss_VinDrCXR_rad1 cls 1.9535e-03 (1.9535e-03)	Loss_VinDrCXR_rad1 mse 3.4117e-02 (3.4117e-02)
Epoch: [49] Train_Loss_cls: 1.6219e-03 Train_Loss_mse: 3.3914e-02
Epoch: [49][ 0/32]	Time  8.724 ( 8.724)	Loss_VinDrCXR_rad2 cls 1.9012e-04 (1.9012e-04)	Loss_VinDrCXR_rad2 mse 3.1825e-02 (3.1825e-02)
Epoch: [49] Train_Loss_cls: 4.1230e-03 Train_Loss_mse: 3.5367e-02
Epoch: [49][ 0/23]	Time  8.752 ( 8.752)	Loss_VinDrCXR_rad3 cls 3.3719e-04 (3.3719e-04)	Loss_VinDrCXR_rad3 mse 3.0998e-02 (3.0998e-02)
Epoch: [49] Train_Loss_cls: 1.0020e-03 Train_Loss_mse: 3.3697e-02
Epoch: [49][ 0/16]	Time  8.737 ( 8.737)	Loss_VinDrCXR_rad4 cls 1.4943e-02 (1.4943e-02)	Loss_VinDrCXR_rad4 mse 2.6991e-02 (2.6991e-02)
Epoch: [49] Train_Loss_cls: 2.2319e-03 Train_Loss_mse: 2.7980e-02
Epoch: [49][ 0/28]	Time  8.233 ( 8.233)	Loss_VinDrCXR_rad5 cls 6.6097e-03 (6.6097e-03)	Loss_VinDrCXR_rad5 mse 2.8504e-02 (2.8504e-02)
Epoch: [49] Train_Loss_cls: 2.5830e-03 Train_Loss_mse: 2.9923e-02
Epoch: [49][ 0/21]	Time  9.029 ( 9.029)	Loss_VinDrCXR_rad6 cls 4.1737e-04 (4.1737e-04)	Loss_VinDrCXR_rad6 mse 3.5400e-02 (3.5400e-02)
Epoch: [49] Train_Loss_cls: 4.1361e-04 Train_Loss_mse: 3.2445e-02
Epoch: [49][ 0/18]	Time  8.734 ( 8.734)	Loss_VinDrCXR_rad7 cls 2.6715e-04 (2.6715e-04)	Loss_VinDrCXR_rad7 mse 2.4703e-02 (2.4703e-02)
Epoch: [49] Train_Loss_cls: 1.9217e-03 Train_Loss_mse: 3.0250e-02
Epoch: [49][ 0/66]	Time  8.639 ( 8.639)	Loss_VinDrCXR_rad8 cls 3.2556e-01 (3.2556e-01)	Loss_VinDrCXR_rad8 mse 1.7124e-01 (1.7124e-01)
Epoch: [49][50/66]	Time  0.991 ( 1.140)	Loss_VinDrCXR_rad8 cls 1.0598e-01 (1.0582e-01)	Loss_VinDrCXR_rad8 mse 1.8765e-01 (1.9399e-01)
Epoch: [49] Train_Loss_cls: 1.0367e-01 Train_Loss_mse: 1.9495e-01
Epoch: [49][ 0/62]	Time  8.642 ( 8.642)	Loss_VinDrCXR_rad9 cls 1.6201e-01 (1.6201e-01)	Loss_VinDrCXR_rad9 mse 1.3263e-01 (1.3263e-01)
Epoch: [49][50/62]	Time  0.975 ( 1.154)	Loss_VinDrCXR_rad9 cls 1.4362e-01 (1.4958e-01)	Loss_VinDrCXR_rad9 mse 1.5124e-01 (2.0464e-01)
Epoch: [49] Train_Loss_cls: 1.5138e-01 Train_Loss_mse: 2.0958e-01
Epoch: [49][ 0/65]	Time  8.855 ( 8.855)	Loss_VinDrCXR_rad10 cls 1.3554e-01 (1.3554e-01)	Loss_VinDrCXR_rad10 mse 1.9035e-01 (1.9035e-01)
Epoch: [49][50/65]	Time  0.990 ( 1.152)	Loss_VinDrCXR_rad10 cls 1.5639e-01 (1.1458e-01)	Loss_VinDrCXR_rad10 mse 2.2850e-01 (1.9409e-01)
Epoch: [49] Train_Loss_cls: 1.1352e-01 Train_Loss_mse: 1.9333e-01
Epoch: [49][ 0/16]	Time  8.777 ( 8.777)	Loss_VinDrCXR_rad11 cls 1.5439e-02 (1.5439e-02)	Loss_VinDrCXR_rad11 mse 6.4860e-02 (6.4860e-02)
Epoch: [49] Train_Loss_cls: 2.5092e-02 Train_Loss_mse: 7.0511e-02
Epoch: [49][ 0/17]	Time  8.842 ( 8.842)	Loss_VinDrCXR_rad12 cls 3.0064e-02 (3.0064e-02)	Loss_VinDrCXR_rad12 mse 8.9495e-02 (8.9495e-02)
Epoch: [49] Train_Loss_cls: 2.4041e-02 Train_Loss_mse: 7.3065e-02
Epoch: [49][ 0/17]	Time  8.455 ( 8.455)	Loss_VinDrCXR_rad13 cls 3.8318e-03 (3.8318e-03)	Loss_VinDrCXR_rad13 mse 5.7891e-02 (5.7891e-02)
Epoch: [49] Train_Loss_cls: 2.4257e-02 Train_Loss_mse: 7.2220e-02
Epoch: [49][ 0/15]	Time  8.449 ( 8.449)	Loss_VinDrCXR_rad14 cls 3.0924e-02 (3.0924e-02)	Loss_VinDrCXR_rad14 mse 8.5431e-02 (8.5431e-02)
Epoch: [49] Train_Loss_cls: 3.6190e-02 Train_Loss_mse: 7.4218e-02
Epoch: [49][ 0/17]	Time  8.587 ( 8.587)	Loss_VinDrCXR_rad15 cls 2.2281e-02 (2.2281e-02)	Loss_VinDrCXR_rad15 mse 5.1324e-02 (5.1324e-02)
Epoch: [49] Train_Loss_cls: 2.9782e-02 Train_Loss_mse: 6.9287e-02
Epoch: [49][ 0/17]	Time  8.989 ( 8.989)	Loss_VinDrCXR_rad16 cls 1.6775e-02 (1.6775e-02)	Loss_VinDrCXR_rad16 mse 6.0890e-02 (6.0890e-02)
Epoch: [49] Train_Loss_cls: 1.8700e-02 Train_Loss_mse: 6.9725e-02
Epoch: [49][0/8]	Time  8.542 ( 8.542)	Loss_VinDrCXR_rad17 cls 2.0297e-02 (2.0297e-02)	Loss_VinDrCXR_rad17 mse 4.9201e-02 (4.9201e-02)
Epoch: [49] Train_Loss_cls: 2.8436e-02 Train_Loss_mse: 5.3564e-02
Val_VinDrCXR_rad1: [ 0/30]	Time  7.180 ( 7.180)	Loss 7.8975e-01 (7.8975e-01)
Epoch 0049: avg_val_loss 0.31990, saving model to ./Models/swin_base_Ark_Finetune_17Rad/Ark_PlusArk_Finetune_17Rad/Ark_Finetune_17Rad/Ark_PlusArk_Finetune_17Rad
Epoch: [50][ 0/20]	Time  9.351 ( 9.351)	Loss_VinDrCXR_rad1 cls 2.0084e-03 (2.0084e-03)	Loss_VinDrCXR_rad1 mse 2.8920e-02 (2.8920e-02)
Epoch: [50] Train_Loss_cls: 2.0833e-03 Train_Loss_mse: 3.1013e-02
Epoch: [50][ 0/32]	Time  8.791 ( 8.791)	Loss_VinDrCXR_rad2 cls 3.1823e-02 (3.1823e-02)	Loss_VinDrCXR_rad2 mse 4.8832e-02 (4.8832e-02)
Epoch: [50] Train_Loss_cls: 3.8018e-03 Train_Loss_mse: 3.3368e-02
Epoch: [50][ 0/23]	Time  8.867 ( 8.867)	Loss_VinDrCXR_rad3 cls 2.9876e-04 (2.9876e-04)	Loss_VinDrCXR_rad3 mse 2.8532e-02 (2.8532e-02)
Epoch: [50] Train_Loss_cls: 1.6461e-03 Train_Loss_mse: 3.0430e-02
Epoch: [50][ 0/16]	Time  8.622 ( 8.622)	Loss_VinDrCXR_rad4 cls 2.7602e-04 (2.7602e-04)	Loss_VinDrCXR_rad4 mse 3.0246e-02 (3.0246e-02)
Epoch: [50] Train_Loss_cls: 2.2515e-03 Train_Loss_mse: 2.6821e-02
Epoch: [50][ 0/28]	Time  8.467 ( 8.467)	Loss_VinDrCXR_rad5 cls 3.6737e-04 (3.6737e-04)	Loss_VinDrCXR_rad5 mse 2.7911e-02 (2.7911e-02)
Epoch: [50] Train_Loss_cls: 3.4860e-03 Train_Loss_mse: 2.8836e-02
Epoch: [50][ 0/21]	Time  8.828 ( 8.828)	Loss_VinDrCXR_rad6 cls 1.6204e-03 (1.6204e-03)	Loss_VinDrCXR_rad6 mse 5.2705e-02 (5.2705e-02)
Epoch: [50] Train_Loss_cls: 5.5551e-04 Train_Loss_mse: 3.0788e-02
Epoch: [50][ 0/18]	Time  8.461 ( 8.461)	Loss_VinDrCXR_rad7 cls 2.8139e-04 (2.8139e-04)	Loss_VinDrCXR_rad7 mse 2.9675e-02 (2.9675e-02)
Epoch: [50] Train_Loss_cls: 2.1396e-03 Train_Loss_mse: 2.8356e-02
Epoch: [50][ 0/66]	Time  8.621 ( 8.621)	Loss_VinDrCXR_rad8 cls 2.6387e-01 (2.6387e-01)	Loss_VinDrCXR_rad8 mse 2.4018e-01 (2.4018e-01)
Epoch: [50][50/66]	Time  1.137 ( 1.155)	Loss_VinDrCXR_rad8 cls 1.1610e-01 (1.0722e-01)	Loss_VinDrCXR_rad8 mse 2.8760e-01 (1.9738e-01)
Epoch: [50] Train_Loss_cls: 1.0580e-01 Train_Loss_mse: 1.9663e-01
Epoch: [50][ 0/62]	Time  8.872 ( 8.872)	Loss_VinDrCXR_rad9 cls 1.8019e-01 (1.8019e-01)	Loss_VinDrCXR_rad9 mse 1.7334e-01 (1.7334e-01)
Epoch: [50][50/62]	Time  1.182 ( 1.149)	Loss_VinDrCXR_rad9 cls 1.1071e-01 (1.5412e-01)	Loss_VinDrCXR_rad9 mse 1.3286e-01 (2.1036e-01)
Epoch: [50] Train_Loss_cls: 1.5221e-01 Train_Loss_mse: 2.0629e-01
Epoch: [50][ 0/65]	Time  9.045 ( 9.045)	Loss_VinDrCXR_rad10 cls 1.5539e-01 (1.5539e-01)	Loss_VinDrCXR_rad10 mse 1.9023e-01 (1.9023e-01)
Epoch: [50][50/65]	Time  0.977 ( 1.199)	Loss_VinDrCXR_rad10 cls 1.1699e-01 (1.1514e-01)	Loss_VinDrCXR_rad10 mse 1.3942e-01 (2.0229e-01)
Epoch: [50] Train_Loss_cls: 1.1414e-01 Train_Loss_mse: 1.9769e-01
Epoch: [50][ 0/16]	Time  8.836 ( 8.836)	Loss_VinDrCXR_rad11 cls 2.0069e-02 (2.0069e-02)	Loss_VinDrCXR_rad11 mse 5.4800e-02 (5.4800e-02)
Epoch: [50] Train_Loss_cls: 2.5175e-02 Train_Loss_mse: 6.6560e-02
Epoch: [50][ 0/17]	Time  8.707 ( 8.707)	Loss_VinDrCXR_rad12 cls 2.9549e-02 (2.9549e-02)	Loss_VinDrCXR_rad12 mse 7.6706e-02 (7.6706e-02)
Epoch: [50] Train_Loss_cls: 2.2648e-02 Train_Loss_mse: 7.1158e-02
Epoch: [50][ 0/17]	Time  8.520 ( 8.520)	Loss_VinDrCXR_rad13 cls 4.3156e-02 (4.3156e-02)	Loss_VinDrCXR_rad13 mse 6.8427e-02 (6.8427e-02)
Epoch: [50] Train_Loss_cls: 2.4871e-02 Train_Loss_mse: 6.3584e-02
Epoch: [50][ 0/15]	Time  8.397 ( 8.397)	Loss_VinDrCXR_rad14 cls 1.3527e-02 (1.3527e-02)	Loss_VinDrCXR_rad14 mse 3.9126e-02 (3.9126e-02)
Epoch: [50] Train_Loss_cls: 3.5124e-02 Train_Loss_mse: 6.8816e-02
Epoch: [50][ 0/17]	Time  8.914 ( 8.914)	Loss_VinDrCXR_rad15 cls 2.0609e-02 (2.0609e-02)	Loss_VinDrCXR_rad15 mse 6.6951e-02 (6.6951e-02)
Epoch: [50] Train_Loss_cls: 3.4123e-02 Train_Loss_mse: 7.5041e-02
Epoch: [50][ 0/17]	Time  8.615 ( 8.615)	Loss_VinDrCXR_rad16 cls 1.5613e-02 (1.5613e-02)	Loss_VinDrCXR_rad16 mse 7.2546e-02 (7.2546e-02)
Epoch: [50] Train_Loss_cls: 2.0768e-02 Train_Loss_mse: 6.8593e-02
Epoch: [50][0/8]	Time  8.410 ( 8.410)	Loss_VinDrCXR_rad17 cls 7.4666e-03 (7.4666e-03)	Loss_VinDrCXR_rad17 mse 3.5772e-02 (3.5772e-02)
Epoch: [50] Train_Loss_cls: 2.1915e-02 Train_Loss_mse: 4.7488e-02
Val_VinDrCXR_rad1: [ 0/30]	Time  7.196 ( 7.196)	Loss 8.4422e-01 (8.4422e-01)
Epoch 0050: avg_val_loss 0.33218, saving model to ./Models/swin_base_Ark_Finetune_17Rad/Ark_PlusArk_Finetune_17Rad/Ark_Finetune_17Rad/Ark_PlusArk_Finetune_17Rad
>>VinDrCXR_rad1 Disease = ['PE', 'Lung tumor', 'Pneumonia', 'Tuberculosis', 'Other diseases', 'No finding']
>>VinDrCXR_rad1:Student AUC = [0.9861	0.8854	0.9599	0.9564	0.8303	0.9433], 
Teacher AUC = [0.9866	0.8986	0.9611	0.9589	0.8357	0.9461]

>>VinDrCXR_rad1: Student mAUC = 0.9269, Teacher mAUC = 0.9312
Omni-pretraining stage: 
Student meanAUC = 
[[0.9468759507134883], [0.9454261264448013], [0.9389692516963958], [0.9338567099466557], [0.9322285595158992], [0.9267613086784795], [0.9269031959521569]] 
Teacher meanAUC = 
[[0.9468759507134883], [0.9460270675389304], [0.9413547485728361], [0.9352525270339678], [0.933640160889925], [0.9253586349249475], [0.9311537710751477]]

Epoch: [51][ 0/20]	Time  8.675 ( 8.675)	Loss_VinDrCXR_rad1 cls 3.8223e-03 (3.8223e-03)	Loss_VinDrCXR_rad1 mse 3.2451e-02 (3.2451e-02)
Epoch: [51] Train_Loss_cls: 2.1685e-03 Train_Loss_mse: 3.1335e-02
Epoch: [51][ 0/32]	Time  9.466 ( 9.466)	Loss_VinDrCXR_rad2 cls 3.9957e-04 (3.9957e-04)	Loss_VinDrCXR_rad2 mse 3.2304e-02 (3.2304e-02)
Epoch: [51] Train_Loss_cls: 4.1022e-03 Train_Loss_mse: 3.2619e-02
Epoch: [51][ 0/23]	Time  8.283 ( 8.283)	Loss_VinDrCXR_rad3 cls 4.3887e-04 (4.3887e-04)	Loss_VinDrCXR_rad3 mse 3.2725e-02 (3.2725e-02)
Epoch: [51] Train_Loss_cls: 6.7054e-04 Train_Loss_mse: 3.0754e-02
Epoch: [51][ 0/16]	Time  8.480 ( 8.480)	Loss_VinDrCXR_rad4 cls 3.3943e-04 (3.3943e-04)	Loss_VinDrCXR_rad4 mse 2.7477e-02 (2.7477e-02)
Epoch: [51] Train_Loss_cls: 2.1642e-03 Train_Loss_mse: 2.6260e-02
Epoch: [51][ 0/28]	Time  8.255 ( 8.255)	Loss_VinDrCXR_rad5 cls 1.6464e-04 (1.6464e-04)	Loss_VinDrCXR_rad5 mse 3.5620e-02 (3.5620e-02)
Epoch: [51] Train_Loss_cls: 3.1771e-03 Train_Loss_mse: 2.6608e-02
Epoch: [51][ 0/21]	Time  8.354 ( 8.354)	Loss_VinDrCXR_rad6 cls 9.0678e-04 (9.0678e-04)	Loss_VinDrCXR_rad6 mse 3.1461e-02 (3.1461e-02)
Epoch: [51] Train_Loss_cls: 3.9255e-04 Train_Loss_mse: 2.8468e-02
Epoch: [51][ 0/18]	Time  8.656 ( 8.656)	Loss_VinDrCXR_rad7 cls 1.7939e-04 (1.7939e-04)	Loss_VinDrCXR_rad7 mse 2.8698e-02 (2.8698e-02)
Epoch: [51] Train_Loss_cls: 2.0355e-03 Train_Loss_mse: 2.8584e-02
Epoch: [51][ 0/66]	Time  8.543 ( 8.543)	Loss_VinDrCXR_rad8 cls 3.2091e-01 (3.2091e-01)	Loss_VinDrCXR_rad8 mse 1.7245e-01 (1.7245e-01)
Epoch: [51][50/66]	Time  0.976 ( 1.140)	Loss_VinDrCXR_rad8 cls 6.4425e-02 (1.0648e-01)	Loss_VinDrCXR_rad8 mse 1.2531e-01 (1.9646e-01)
Epoch: [51] Train_Loss_cls: 1.0597e-01 Train_Loss_mse: 1.9487e-01
Epoch: [51][ 0/62]	Time  8.440 ( 8.440)	Loss_VinDrCXR_rad9 cls 1.5451e-01 (1.5451e-01)	Loss_VinDrCXR_rad9 mse 1.9293e-01 (1.9293e-01)
Epoch: [51][50/62]	Time  0.977 ( 1.172)	Loss_VinDrCXR_rad9 cls 1.4937e-01 (1.4836e-01)	Loss_VinDrCXR_rad9 mse 1.9580e-01 (2.0627e-01)
Epoch: [51] Train_Loss_cls: 1.4854e-01 Train_Loss_mse: 2.0672e-01
Epoch: [51][ 0/65]	Time  8.900 ( 8.900)	Loss_VinDrCXR_rad10 cls 1.2674e-01 (1.2674e-01)	Loss_VinDrCXR_rad10 mse 1.7133e-01 (1.7133e-01)
Epoch: [51][50/65]	Time  0.976 ( 1.220)	Loss_VinDrCXR_rad10 cls 1.3287e-01 (1.1328e-01)	Loss_VinDrCXR_rad10 mse 2.1128e-01 (1.8247e-01)
Epoch: [51] Train_Loss_cls: 1.1303e-01 Train_Loss_mse: 1.8140e-01
Epoch: [51][ 0/16]	Time  8.388 ( 8.388)	Loss_VinDrCXR_rad11 cls 2.0338e-02 (2.0338e-02)	Loss_VinDrCXR_rad11 mse 5.7684e-02 (5.7684e-02)
Epoch: [51] Train_Loss_cls: 2.7488e-02 Train_Loss_mse: 7.4272e-02
Epoch: [51][ 0/17]	Time  8.596 ( 8.596)	Loss_VinDrCXR_rad12 cls 2.4812e-02 (2.4812e-02)	Loss_VinDrCXR_rad12 mse 8.2107e-02 (8.2107e-02)
Epoch: [51] Train_Loss_cls: 2.1408e-02 Train_Loss_mse: 6.4401e-02
Epoch: [51][ 0/17]	Time  8.639 ( 8.639)	Loss_VinDrCXR_rad13 cls 1.3791e-02 (1.3791e-02)	Loss_VinDrCXR_rad13 mse 5.4909e-02 (5.4909e-02)
Epoch: [51] Train_Loss_cls: 2.4815e-02 Train_Loss_mse: 6.7403e-02
Epoch: [51][ 0/15]	Time  9.086 ( 9.086)	Loss_VinDrCXR_rad14 cls 2.3574e-02 (2.3574e-02)	Loss_VinDrCXR_rad14 mse 7.4827e-02 (7.4827e-02)
Epoch: [51] Train_Loss_cls: 3.2498e-02 Train_Loss_mse: 6.9836e-02
Epoch: [51][ 0/17]	Time  8.352 ( 8.352)	Loss_VinDrCXR_rad15 cls 1.8465e-02 (1.8465e-02)	Loss_VinDrCXR_rad15 mse 4.9904e-02 (4.9904e-02)
Epoch: [51] Train_Loss_cls: 2.8180e-02 Train_Loss_mse: 6.9401e-02
Epoch: [51][ 0/17]	Time  8.491 ( 8.491)	Loss_VinDrCXR_rad16 cls 1.1815e-02 (1.1815e-02)	Loss_VinDrCXR_rad16 mse 4.9348e-02 (4.9348e-02)
Epoch: [51] Train_Loss_cls: 1.8665e-02 Train_Loss_mse: 6.5165e-02
Epoch: [51][0/8]	Time  8.526 ( 8.526)	Loss_VinDrCXR_rad17 cls 1.4704e-02 (1.4704e-02)	Loss_VinDrCXR_rad17 mse 4.3689e-02 (4.3689e-02)
Epoch: [51] Train_Loss_cls: 2.3633e-02 Train_Loss_mse: 5.3716e-02
Val_VinDrCXR_rad1: [ 0/30]	Time  7.114 ( 7.114)	Loss 7.9258e-01 (7.9258e-01)
Epoch 0051: avg_val_loss 0.32460, saving model to ./Models/swin_base_Ark_Finetune_17Rad/Ark_PlusArk_Finetune_17Rad/Ark_Finetune_17Rad/Ark_PlusArk_Finetune_17Rad
Epoch: [52][ 0/20]	Time  8.317 ( 8.317)	Loss_VinDrCXR_rad1 cls 1.1952e-02 (1.1952e-02)	Loss_VinDrCXR_rad1 mse 2.7537e-02 (2.7537e-02)
Epoch: [52] Train_Loss_cls: 1.9454e-03 Train_Loss_mse: 3.0225e-02
Epoch: [52][ 0/32]	Time  9.189 ( 9.189)	Loss_VinDrCXR_rad2 cls 1.2789e-02 (1.2789e-02)	Loss_VinDrCXR_rad2 mse 2.9258e-02 (2.9258e-02)
Epoch: [52] Train_Loss_cls: 4.1285e-03 Train_Loss_mse: 3.1350e-02
Epoch: [52][ 0/23]	Time  8.726 ( 8.726)	Loss_VinDrCXR_rad3 cls 3.3686e-04 (3.3686e-04)	Loss_VinDrCXR_rad3 mse 2.5772e-02 (2.5772e-02)
Epoch: [52] Train_Loss_cls: 1.2084e-03 Train_Loss_mse: 2.8834e-02
Epoch: [52][ 0/16]	Time  8.370 ( 8.370)	Loss_VinDrCXR_rad4 cls 2.9427e-04 (2.9427e-04)	Loss_VinDrCXR_rad4 mse 2.9063e-02 (2.9063e-02)
Epoch: [52] Train_Loss_cls: 2.1772e-03 Train_Loss_mse: 2.5810e-02
Epoch: [52][ 0/28]	Time  8.651 ( 8.651)	Loss_VinDrCXR_rad5 cls 3.0112e-04 (3.0112e-04)	Loss_VinDrCXR_rad5 mse 2.6497e-02 (2.6497e-02)
Epoch: [52] Train_Loss_cls: 3.0187e-03 Train_Loss_mse: 2.5282e-02
Epoch: [52][ 0/21]	Time  8.242 ( 8.242)	Loss_VinDrCXR_rad6 cls 1.1286e-03 (1.1286e-03)	Loss_VinDrCXR_rad6 mse 2.7651e-02 (2.7651e-02)
Epoch: [52] Train_Loss_cls: 5.0809e-04 Train_Loss_mse: 2.7073e-02
Epoch: [52][ 0/18]	Time  8.940 ( 8.940)	Loss_VinDrCXR_rad7 cls 1.1800e-04 (1.1800e-04)	Loss_VinDrCXR_rad7 mse 2.2436e-02 (2.2436e-02)
Epoch: [52] Train_Loss_cls: 2.0661e-03 Train_Loss_mse: 2.6624e-02
Epoch: [52][ 0/66]	Time  9.075 ( 9.075)	Loss_VinDrCXR_rad8 cls 3.9953e-01 (3.9953e-01)	Loss_VinDrCXR_rad8 mse 2.0540e-01 (2.0540e-01)
Epoch: [52][50/66]	Time  0.987 ( 1.150)	Loss_VinDrCXR_rad8 cls 1.0315e-01 (1.0876e-01)	Loss_VinDrCXR_rad8 mse 2.6718e-01 (1.9321e-01)
Epoch: [52] Train_Loss_cls: 1.0544e-01 Train_Loss_mse: 1.9694e-01
Epoch: [52][ 0/62]	Time  8.657 ( 8.657)	Loss_VinDrCXR_rad9 cls 1.9075e-01 (1.9075e-01)	Loss_VinDrCXR_rad9 mse 2.1471e-01 (2.1471e-01)
Epoch: [52][50/62]	Time  1.035 ( 1.130)	Loss_VinDrCXR_rad9 cls 1.2001e-01 (1.5403e-01)	Loss_VinDrCXR_rad9 mse 1.7154e-01 (2.0948e-01)
Epoch: [52] Train_Loss_cls: 1.5107e-01 Train_Loss_mse: 2.0759e-01
Epoch: [52][ 0/65]	Time  8.963 ( 8.963)	Loss_VinDrCXR_rad10 cls 1.0523e-01 (1.0523e-01)	Loss_VinDrCXR_rad10 mse 2.2018e-01 (2.2018e-01)
Epoch: [52][50/65]	Time  0.982 ( 1.154)	Loss_VinDrCXR_rad10 cls 9.0476e-02 (1.1358e-01)	Loss_VinDrCXR_rad10 mse 1.5756e-01 (2.0329e-01)
Epoch: [52] Train_Loss_cls: 1.1388e-01 Train_Loss_mse: 1.9930e-01
Epoch: [52][ 0/16]	Time  9.493 ( 9.493)	Loss_VinDrCXR_rad11 cls 3.5224e-02 (3.5224e-02)	Loss_VinDrCXR_rad11 mse 6.0632e-02 (6.0632e-02)
Epoch: [52] Train_Loss_cls: 2.3282e-02 Train_Loss_mse: 6.5680e-02
Epoch: [52][ 0/17]	Time  8.740 ( 8.740)	Loss_VinDrCXR_rad12 cls 1.4633e-02 (1.4633e-02)	Loss_VinDrCXR_rad12 mse 7.1318e-02 (7.1318e-02)
Epoch: [52] Train_Loss_cls: 2.2740e-02 Train_Loss_mse: 7.1206e-02
Epoch: [52][ 0/17]	Time  8.345 ( 8.345)	Loss_VinDrCXR_rad13 cls 3.4275e-02 (3.4275e-02)	Loss_VinDrCXR_rad13 mse 5.9515e-02 (5.9515e-02)
Epoch: [52] Train_Loss_cls: 2.7942e-02 Train_Loss_mse: 6.3758e-02
Epoch: [52][ 0/15]	Time  9.076 ( 9.076)	Loss_VinDrCXR_rad14 cls 5.3549e-02 (5.3549e-02)	Loss_VinDrCXR_rad14 mse 6.0441e-02 (6.0441e-02)
Epoch: [52] Train_Loss_cls: 2.8649e-02 Train_Loss_mse: 5.7176e-02
Epoch: [52][ 0/17]	Time  8.646 ( 8.646)	Loss_VinDrCXR_rad15 cls 2.1594e-02 (2.1594e-02)	Loss_VinDrCXR_rad15 mse 7.8129e-02 (7.8129e-02)
Epoch: [52] Train_Loss_cls: 2.8418e-02 Train_Loss_mse: 6.8383e-02
Epoch: [52][ 0/17]	Time  8.603 ( 8.603)	Loss_VinDrCXR_rad16 cls 1.9470e-02 (1.9470e-02)	Loss_VinDrCXR_rad16 mse 5.3985e-02 (5.3985e-02)
Epoch: [52] Train_Loss_cls: 2.1095e-02 Train_Loss_mse: 7.0297e-02
Epoch: [52][0/8]	Time  8.890 ( 8.890)	Loss_VinDrCXR_rad17 cls 2.0541e-02 (2.0541e-02)	Loss_VinDrCXR_rad17 mse 3.8001e-02 (3.8001e-02)
Epoch: [52] Train_Loss_cls: 2.0108e-02 Train_Loss_mse: 5.1285e-02
Val_VinDrCXR_rad1: [ 0/30]	Time  7.470 ( 7.470)	Loss 8.4860e-01 (8.4860e-01)
Epoch 0052: avg_val_loss 0.34161, saving model to ./Models/swin_base_Ark_Finetune_17Rad/Ark_PlusArk_Finetune_17Rad/Ark_Finetune_17Rad/Ark_PlusArk_Finetune_17Rad
Epoch: [53][ 0/20]	Time  8.080 ( 8.080)	Loss_VinDrCXR_rad1 cls 1.0163e-03 (1.0163e-03)	Loss_VinDrCXR_rad1 mse 2.4797e-02 (2.4797e-02)
Epoch: [53] Train_Loss_cls: 1.8476e-03 Train_Loss_mse: 3.2215e-02
Epoch: [53][ 0/32]	Time  8.244 ( 8.244)	Loss_VinDrCXR_rad2 cls 5.4427e-04 (5.4427e-04)	Loss_VinDrCXR_rad2 mse 3.2571e-02 (3.2571e-02)
Epoch: [53] Train_Loss_cls: 4.4225e-03 Train_Loss_mse: 3.1214e-02
Epoch: [53][ 0/23]	Time  8.638 ( 8.638)	Loss_VinDrCXR_rad3 cls 5.5302e-03 (5.5302e-03)	Loss_VinDrCXR_rad3 mse 2.7993e-02 (2.7993e-02)
Epoch: [53] Train_Loss_cls: 1.0628e-03 Train_Loss_mse: 2.9645e-02
Epoch: [53][ 0/16]	Time  8.616 ( 8.616)	Loss_VinDrCXR_rad4 cls 2.0764e-04 (2.0764e-04)	Loss_VinDrCXR_rad4 mse 2.2692e-02 (2.2692e-02)
Epoch: [53] Train_Loss_cls: 2.3741e-03 Train_Loss_mse: 2.4407e-02
Epoch: [53][ 0/28]	Time  8.456 ( 8.456)	Loss_VinDrCXR_rad5 cls 1.7753e-04 (1.7753e-04)	Loss_VinDrCXR_rad5 mse 2.6971e-02 (2.6971e-02)
Epoch: [53] Train_Loss_cls: 3.1975e-03 Train_Loss_mse: 2.6644e-02
Epoch: [53][ 0/21]	Time  8.738 ( 8.738)	Loss_VinDrCXR_rad6 cls 7.8227e-04 (7.8227e-04)	Loss_VinDrCXR_rad6 mse 3.3407e-02 (3.3407e-02)
Epoch: [53] Train_Loss_cls: 3.7870e-04 Train_Loss_mse: 2.8270e-02
Epoch: [53][ 0/18]	Time  9.046 ( 9.046)	Loss_VinDrCXR_rad7 cls 4.0668e-04 (4.0668e-04)	Loss_VinDrCXR_rad7 mse 3.4976e-02 (3.4976e-02)
Epoch: [53] Train_Loss_cls: 1.9812e-03 Train_Loss_mse: 2.8175e-02
Epoch: [53][ 0/66]	Time  9.842 ( 9.842)	Loss_VinDrCXR_rad8 cls 3.3915e-01 (3.3915e-01)	Loss_VinDrCXR_rad8 mse 3.0617e-01 (3.0617e-01)
Epoch: [53][50/66]	Time  0.977 ( 1.186)	Loss_VinDrCXR_rad8 cls 8.7439e-02 (1.0873e-01)	Loss_VinDrCXR_rad8 mse 1.7188e-01 (1.9221e-01)
Epoch: [53] Train_Loss_cls: 1.0470e-01 Train_Loss_mse: 1.8936e-01
Epoch: [53][ 0/62]	Time  8.641 ( 8.641)	Loss_VinDrCXR_rad9 cls 1.2608e-01 (1.2608e-01)	Loss_VinDrCXR_rad9 mse 2.0673e-01 (2.0673e-01)
Epoch: [53][50/62]	Time  0.978 ( 1.153)	Loss_VinDrCXR_rad9 cls 1.7113e-01 (1.5265e-01)	Loss_VinDrCXR_rad9 mse 2.3734e-01 (2.2666e-01)
Epoch: [53] Train_Loss_cls: 1.5270e-01 Train_Loss_mse: 2.2384e-01
Epoch: [53][ 0/65]	Time  8.755 ( 8.755)	Loss_VinDrCXR_rad10 cls 1.2312e-01 (1.2312e-01)	Loss_VinDrCXR_rad10 mse 2.8576e-01 (2.8576e-01)
Epoch: [53][50/65]	Time  1.003 ( 1.130)	Loss_VinDrCXR_rad10 cls 1.0192e-01 (1.1535e-01)	Loss_VinDrCXR_rad10 mse 1.5010e-01 (2.1046e-01)
Epoch: [53] Train_Loss_cls: 1.1373e-01 Train_Loss_mse: 2.0618e-01
Epoch: [53][ 0/16]	Time  8.731 ( 8.731)	Loss_VinDrCXR_rad11 cls 6.6004e-02 (6.6004e-02)	Loss_VinDrCXR_rad11 mse 8.9044e-02 (8.9044e-02)
Epoch: [53] Train_Loss_cls: 2.5643e-02 Train_Loss_mse: 6.8370e-02
Epoch: [53][ 0/17]	Time  8.802 ( 8.802)	Loss_VinDrCXR_rad12 cls 3.5498e-03 (3.5498e-03)	Loss_VinDrCXR_rad12 mse 5.1831e-02 (5.1831e-02)
Epoch: [53] Train_Loss_cls: 2.6354e-02 Train_Loss_mse: 7.1604e-02
Epoch: [53][ 0/17]	Time  8.293 ( 8.293)	Loss_VinDrCXR_rad13 cls 5.2464e-02 (5.2464e-02)	Loss_VinDrCXR_rad13 mse 1.4749e-01 (1.4749e-01)
Epoch: [53] Train_Loss_cls: 2.7904e-02 Train_Loss_mse: 7.3556e-02
Epoch: [53][ 0/15]	Time  8.608 ( 8.608)	Loss_VinDrCXR_rad14 cls 2.3047e-02 (2.3047e-02)	Loss_VinDrCXR_rad14 mse 5.8025e-02 (5.8025e-02)
Epoch: [53] Train_Loss_cls: 2.9195e-02 Train_Loss_mse: 7.1417e-02
Epoch: [53][ 0/17]	Time  8.344 ( 8.344)	Loss_VinDrCXR_rad15 cls 1.6550e-02 (1.6550e-02)	Loss_VinDrCXR_rad15 mse 5.8865e-02 (5.8865e-02)
Epoch: [53] Train_Loss_cls: 3.2060e-02 Train_Loss_mse: 7.2462e-02
Epoch: [53][ 0/17]	Time  8.477 ( 8.477)	Loss_VinDrCXR_rad16 cls 1.3129e-02 (1.3129e-02)	Loss_VinDrCXR_rad16 mse 6.4249e-02 (6.4249e-02)
Epoch: [53] Train_Loss_cls: 1.9629e-02 Train_Loss_mse: 6.8518e-02
Epoch: [53][0/8]	Time  8.448 ( 8.448)	Loss_VinDrCXR_rad17 cls 2.6427e-02 (2.6427e-02)	Loss_VinDrCXR_rad17 mse 4.8706e-02 (4.8706e-02)
Epoch: [53] Train_Loss_cls: 2.2604e-02 Train_Loss_mse: 5.4012e-02
Val_VinDrCXR_rad1: [ 0/30]	Time  7.086 ( 7.086)	Loss 8.0929e-01 (8.0929e-01)
Epoch 0053: avg_val_loss 0.33072, saving model to ./Models/swin_base_Ark_Finetune_17Rad/Ark_PlusArk_Finetune_17Rad/Ark_Finetune_17Rad/Ark_PlusArk_Finetune_17Rad
Epoch: [54][ 0/20]	Time  8.545 ( 8.545)	Loss_VinDrCXR_rad1 cls 2.0711e-03 (2.0711e-03)	Loss_VinDrCXR_rad1 mse 3.8903e-02 (3.8903e-02)
Epoch: [54] Train_Loss_cls: 2.0126e-03 Train_Loss_mse: 2.8327e-02
Epoch: [54][ 0/32]	Time  8.986 ( 8.986)	Loss_VinDrCXR_rad2 cls 2.0170e-04 (2.0170e-04)	Loss_VinDrCXR_rad2 mse 3.2297e-02 (3.2297e-02)
Epoch: [54] Train_Loss_cls: 4.1739e-03 Train_Loss_mse: 3.0425e-02
Epoch: [54][ 0/23]	Time  8.382 ( 8.382)	Loss_VinDrCXR_rad3 cls 1.2405e-03 (1.2405e-03)	Loss_VinDrCXR_rad3 mse 3.7555e-02 (3.7555e-02)
Epoch: [54] Train_Loss_cls: 9.3703e-04 Train_Loss_mse: 2.8307e-02
Epoch: [54][ 0/16]	Time  8.494 ( 8.494)	Loss_VinDrCXR_rad4 cls 1.8699e-04 (1.8699e-04)	Loss_VinDrCXR_rad4 mse 2.6518e-02 (2.6518e-02)
Epoch: [54] Train_Loss_cls: 2.2358e-03 Train_Loss_mse: 2.4751e-02
Epoch: [54][ 0/28]	Time  8.583 ( 8.583)	Loss_VinDrCXR_rad5 cls 7.4772e-04 (7.4772e-04)	Loss_VinDrCXR_rad5 mse 2.9314e-02 (2.9314e-02)
Epoch: [54] Train_Loss_cls: 3.5695e-03 Train_Loss_mse: 2.6097e-02
Epoch: [54][ 0/21]	Time  8.087 ( 8.087)	Loss_VinDrCXR_rad6 cls 4.8017e-04 (4.8017e-04)	Loss_VinDrCXR_rad6 mse 2.3000e-02 (2.3000e-02)
Epoch: [54] Train_Loss_cls: 4.6424e-04 Train_Loss_mse: 2.7128e-02
Epoch: [54][ 0/18]	Time  8.267 ( 8.267)	Loss_VinDrCXR_rad7 cls 2.8600e-04 (2.8600e-04)	Loss_VinDrCXR_rad7 mse 2.0749e-02 (2.0749e-02)
Epoch: [54] Train_Loss_cls: 1.9734e-03 Train_Loss_mse: 2.5416e-02
Epoch: [54][ 0/66]	Time  8.587 ( 8.587)	Loss_VinDrCXR_rad8 cls 3.0251e-01 (3.0251e-01)	Loss_VinDrCXR_rad8 mse 1.3331e-01 (1.3331e-01)
Epoch: [54][50/66]	Time  0.976 ( 1.129)	Loss_VinDrCXR_rad8 cls 5.6943e-02 (1.0613e-01)	Loss_VinDrCXR_rad8 mse 1.2010e-01 (1.7767e-01)
Epoch: [54] Train_Loss_cls: 1.0447e-01 Train_Loss_mse: 1.7928e-01
Epoch: [54][ 0/62]	Time  8.653 ( 8.653)	Loss_VinDrCXR_rad9 cls 2.0658e-01 (2.0658e-01)	Loss_VinDrCXR_rad9 mse 2.8004e-01 (2.8004e-01)
Epoch: [54][50/62]	Time  0.976 ( 1.182)	Loss_VinDrCXR_rad9 cls 1.0856e-01 (1.5009e-01)	Loss_VinDrCXR_rad9 mse 3.1487e-01 (2.1018e-01)
Epoch: [54] Train_Loss_cls: 1.5139e-01 Train_Loss_mse: 2.1517e-01
Epoch: [54][ 0/65]	Time  8.608 ( 8.608)	Loss_VinDrCXR_rad10 cls 1.3428e-01 (1.3428e-01)	Loss_VinDrCXR_rad10 mse 2.1250e-01 (2.1250e-01)
Epoch: [54][50/65]	Time  0.975 ( 1.189)	Loss_VinDrCXR_rad10 cls 1.6768e-01 (1.1593e-01)	Loss_VinDrCXR_rad10 mse 4.1185e-01 (1.9937e-01)
Epoch: [54] Train_Loss_cls: 1.1438e-01 Train_Loss_mse: 1.9199e-01
Epoch: [54][ 0/16]	Time  8.693 ( 8.693)	Loss_VinDrCXR_rad11 cls 4.0560e-02 (4.0560e-02)	Loss_VinDrCXR_rad11 mse 1.1543e-01 (1.1543e-01)
Epoch: [54] Train_Loss_cls: 2.0927e-02 Train_Loss_mse: 6.4724e-02
Epoch: [54][ 0/17]	Time  9.328 ( 9.328)	Loss_VinDrCXR_rad12 cls 1.0025e-02 (1.0025e-02)	Loss_VinDrCXR_rad12 mse 6.4301e-02 (6.4301e-02)
Epoch: [54] Train_Loss_cls: 2.2847e-02 Train_Loss_mse: 7.1470e-02
Epoch: [54][ 0/17]	Time  8.477 ( 8.477)	Loss_VinDrCXR_rad13 cls 2.4232e-02 (2.4232e-02)	Loss_VinDrCXR_rad13 mse 6.2191e-02 (6.2191e-02)
Epoch: [54] Train_Loss_cls: 2.7235e-02 Train_Loss_mse: 7.2970e-02
Epoch: [54][ 0/15]	Time  8.420 ( 8.420)	Loss_VinDrCXR_rad14 cls 3.3990e-02 (3.3990e-02)	Loss_VinDrCXR_rad14 mse 5.2216e-02 (5.2216e-02)
Epoch: [54] Train_Loss_cls: 3.1942e-02 Train_Loss_mse: 6.6314e-02
Epoch: [54][ 0/17]	Time  8.395 ( 8.395)	Loss_VinDrCXR_rad15 cls 4.4233e-02 (4.4233e-02)	Loss_VinDrCXR_rad15 mse 7.0947e-02 (7.0947e-02)
Epoch: [54] Train_Loss_cls: 2.7296e-02 Train_Loss_mse: 6.1530e-02
Epoch: [54][ 0/17]	Time  8.960 ( 8.960)	Loss_VinDrCXR_rad16 cls 2.5088e-02 (2.5088e-02)	Loss_VinDrCXR_rad16 mse 5.6973e-02 (5.6973e-02)
Epoch: [54] Train_Loss_cls: 1.7184e-02 Train_Loss_mse: 6.4385e-02
Epoch: [54][0/8]	Time  8.413 ( 8.413)	Loss_VinDrCXR_rad17 cls 6.0754e-02 (6.0754e-02)	Loss_VinDrCXR_rad17 mse 7.3690e-02 (7.3690e-02)
Epoch: [54] Train_Loss_cls: 2.5913e-02 Train_Loss_mse: 4.8372e-02
Val_VinDrCXR_rad1: [ 0/30]	Time  7.181 ( 7.181)	Loss 8.6409e-01 (8.6409e-01)
Epoch 0054: avg_val_loss 0.35105, saving model to ./Models/swin_base_Ark_Finetune_17Rad/Ark_PlusArk_Finetune_17Rad/Ark_Finetune_17Rad/Ark_PlusArk_Finetune_17Rad
Epoch: [55][ 0/20]	Time  9.024 ( 9.024)	Loss_VinDrCXR_rad1 cls 1.7658e-03 (1.7658e-03)	Loss_VinDrCXR_rad1 mse 2.4205e-02 (2.4205e-02)
Epoch: [55] Train_Loss_cls: 1.9610e-03 Train_Loss_mse: 2.9842e-02
Epoch: [55][ 0/32]	Time  8.804 ( 8.804)	Loss_VinDrCXR_rad2 cls 2.9985e-03 (2.9985e-03)	Loss_VinDrCXR_rad2 mse 4.0083e-02 (4.0083e-02)
Epoch: [55] Train_Loss_cls: 4.1092e-03 Train_Loss_mse: 3.2726e-02
Epoch: [55][ 0/23]	Time  8.562 ( 8.562)	Loss_VinDrCXR_rad3 cls 2.1924e-02 (2.1924e-02)	Loss_VinDrCXR_rad3 mse 4.1953e-02 (4.1953e-02)
Epoch: [55] Train_Loss_cls: 1.8846e-03 Train_Loss_mse: 3.1324e-02
Epoch: [55][ 0/16]	Time  8.920 ( 8.920)	Loss_VinDrCXR_rad4 cls 1.6844e-04 (1.6844e-04)	Loss_VinDrCXR_rad4 mse 4.3035e-02 (4.3035e-02)
Epoch: [55] Train_Loss_cls: 2.0778e-03 Train_Loss_mse: 2.5384e-02
Epoch: [55][ 0/28]	Time  8.022 ( 8.022)	Loss_VinDrCXR_rad5 cls 1.7260e-02 (1.7260e-02)	Loss_VinDrCXR_rad5 mse 2.5648e-02 (2.5648e-02)
Epoch: [55] Train_Loss_cls: 2.8106e-03 Train_Loss_mse: 2.4966e-02
Epoch: [55][ 0/21]	Time  8.625 ( 8.625)	Loss_VinDrCXR_rad6 cls 3.6038e-04 (3.6038e-04)	Loss_VinDrCXR_rad6 mse 2.0530e-02 (2.0530e-02)
Epoch: [55] Train_Loss_cls: 3.4457e-04 Train_Loss_mse: 2.6822e-02
Epoch: [55][ 0/18]	Time  8.637 ( 8.637)	Loss_VinDrCXR_rad7 cls 1.5158e-04 (1.5158e-04)	Loss_VinDrCXR_rad7 mse 3.5760e-02 (3.5760e-02)
Epoch: [55] Train_Loss_cls: 1.8705e-03 Train_Loss_mse: 2.7257e-02
Epoch: [55][ 0/66]	Time  8.717 ( 8.717)	Loss_VinDrCXR_rad8 cls 3.9337e-01 (3.9337e-01)	Loss_VinDrCXR_rad8 mse 2.1704e-01 (2.1704e-01)
Epoch: [55][50/66]	Time  0.977 ( 1.187)	Loss_VinDrCXR_rad8 cls 1.2577e-01 (1.0369e-01)	Loss_VinDrCXR_rad8 mse 2.2086e-01 (2.1060e-01)
Epoch: [55] Train_Loss_cls: 1.0324e-01 Train_Loss_mse: 2.0935e-01
Epoch: [55][ 0/62]	Time  9.407 ( 9.407)	Loss_VinDrCXR_rad9 cls 1.2740e-01 (1.2740e-01)	Loss_VinDrCXR_rad9 mse 1.2982e-01 (1.2982e-01)
Epoch: [55][50/62]	Time  0.978 ( 1.197)	Loss_VinDrCXR_rad9 cls 1.6410e-01 (1.5091e-01)	Loss_VinDrCXR_rad9 mse 2.7565e-01 (2.0749e-01)
Epoch: [55] Train_Loss_cls: 1.4922e-01 Train_Loss_mse: 2.0725e-01
Epoch: [55][ 0/65]	Time  8.441 ( 8.441)	Loss_VinDrCXR_rad10 cls 1.2543e-01 (1.2543e-01)	Loss_VinDrCXR_rad10 mse 2.1263e-01 (2.1263e-01)
Epoch: [55][50/65]	Time  0.979 ( 1.206)	Loss_VinDrCXR_rad10 cls 1.2173e-01 (1.1166e-01)	Loss_VinDrCXR_rad10 mse 2.3221e-01 (2.0542e-01)
Epoch: [55] Train_Loss_cls: 1.1220e-01 Train_Loss_mse: 2.0376e-01
Epoch: [55][ 0/16]	Time  9.098 ( 9.098)	Loss_VinDrCXR_rad11 cls 4.8740e-02 (4.8740e-02)	Loss_VinDrCXR_rad11 mse 8.8004e-02 (8.8004e-02)
Epoch: [55] Train_Loss_cls: 2.3951e-02 Train_Loss_mse: 6.9029e-02
Epoch: [55][ 0/17]	Time  8.675 ( 8.675)	Loss_VinDrCXR_rad12 cls 1.6240e-02 (1.6240e-02)	Loss_VinDrCXR_rad12 mse 8.6662e-02 (8.6662e-02)
Epoch: [55] Train_Loss_cls: 2.1235e-02 Train_Loss_mse: 6.8129e-02
Epoch: [55][ 0/17]	Time  8.684 ( 8.684)	Loss_VinDrCXR_rad13 cls 2.8690e-02 (2.8690e-02)	Loss_VinDrCXR_rad13 mse 7.4512e-02 (7.4512e-02)
Epoch: [55] Train_Loss_cls: 2.7259e-02 Train_Loss_mse: 6.9899e-02
Epoch: [55][ 0/15]	Time  9.503 ( 9.503)	Loss_VinDrCXR_rad14 cls 3.3328e-02 (3.3328e-02)	Loss_VinDrCXR_rad14 mse 5.9836e-02 (5.9836e-02)
Epoch: [55] Train_Loss_cls: 3.0843e-02 Train_Loss_mse: 6.9407e-02
Epoch: [55][ 0/17]	Time  8.590 ( 8.590)	Loss_VinDrCXR_rad15 cls 2.1435e-02 (2.1435e-02)	Loss_VinDrCXR_rad15 mse 5.3520e-02 (5.3520e-02)
Epoch: [55] Train_Loss_cls: 2.9348e-02 Train_Loss_mse: 6.0218e-02
Epoch: [55][ 0/17]	Time  8.979 ( 8.979)	Loss_VinDrCXR_rad16 cls 1.3443e-02 (1.3443e-02)	Loss_VinDrCXR_rad16 mse 5.9377e-02 (5.9377e-02)
Epoch: [55] Train_Loss_cls: 1.8935e-02 Train_Loss_mse: 6.5152e-02
Epoch: [55][0/8]	Time  8.737 ( 8.737)	Loss_VinDrCXR_rad17 cls 1.8225e-02 (1.8225e-02)	Loss_VinDrCXR_rad17 mse 2.9996e-02 (2.9996e-02)
Epoch: [55] Train_Loss_cls: 2.6191e-02 Train_Loss_mse: 4.6397e-02
Val_VinDrCXR_rad1: [ 0/30]	Time  7.241 ( 7.241)	Loss 8.2465e-01 (8.2465e-01)
Epoch 0055: avg_val_loss 0.33390, saving model to ./Models/swin_base_Ark_Finetune_17Rad/Ark_PlusArk_Finetune_17Rad/Ark_Finetune_17Rad/Ark_PlusArk_Finetune_17Rad
Epoch: [56][ 0/20]	Time  8.271 ( 8.271)	Loss_VinDrCXR_rad1 cls 2.3242e-03 (2.3242e-03)	Loss_VinDrCXR_rad1 mse 2.8396e-02 (2.8396e-02)
Epoch: [56] Train_Loss_cls: 1.9779e-03 Train_Loss_mse: 2.7979e-02
Epoch: [56][ 0/32]	Time  9.380 ( 9.380)	Loss_VinDrCXR_rad2 cls 4.4147e-04 (4.4147e-04)	Loss_VinDrCXR_rad2 mse 3.2968e-02 (3.2968e-02)
Epoch: [56] Train_Loss_cls: 4.0190e-03 Train_Loss_mse: 2.8756e-02
Epoch: [56][ 0/23]	Time  8.627 ( 8.627)	Loss_VinDrCXR_rad3 cls 5.2408e-04 (5.2408e-04)	Loss_VinDrCXR_rad3 mse 3.0072e-02 (3.0072e-02)
Epoch: [56] Train_Loss_cls: 1.3344e-03 Train_Loss_mse: 2.6485e-02
Epoch: [56][ 0/16]	Time  8.787 ( 8.787)	Loss_VinDrCXR_rad4 cls 1.4389e-02 (1.4389e-02)	Loss_VinDrCXR_rad4 mse 2.3878e-02 (2.3878e-02)
Epoch: [56] Train_Loss_cls: 2.2822e-03 Train_Loss_mse: 2.1727e-02
Epoch: [56][ 0/28]	Time  8.621 ( 8.621)	Loss_VinDrCXR_rad5 cls 1.1824e-02 (1.1824e-02)	Loss_VinDrCXR_rad5 mse 2.2073e-02 (2.2073e-02)
Epoch: [56] Train_Loss_cls: 3.0721e-03 Train_Loss_mse: 2.3237e-02
Epoch: [56][ 0/21]	Time  8.642 ( 8.642)	Loss_VinDrCXR_rad6 cls 5.6075e-04 (5.6075e-04)	Loss_VinDrCXR_rad6 mse 2.2556e-02 (2.2556e-02)
Epoch: [56] Train_Loss_cls: 6.5701e-04 Train_Loss_mse: 2.5779e-02
Epoch: [56][ 0/18]	Time  8.215 ( 8.215)	Loss_VinDrCXR_rad7 cls 1.3644e-02 (1.3644e-02)	Loss_VinDrCXR_rad7 mse 2.0537e-02 (2.0537e-02)
Epoch: [56] Train_Loss_cls: 2.0302e-03 Train_Loss_mse: 2.4387e-02
Epoch: [56][ 0/66]	Time  8.943 ( 8.943)	Loss_VinDrCXR_rad8 cls 3.7420e-01 (3.7420e-01)	Loss_VinDrCXR_rad8 mse 1.7531e-01 (1.7531e-01)
Epoch: [56][50/66]	Time  0.976 ( 1.203)	Loss_VinDrCXR_rad8 cls 8.0887e-02 (1.0600e-01)	Loss_VinDrCXR_rad8 mse 1.5622e-01 (1.8579e-01)
Epoch: [56] Train_Loss_cls: 1.0214e-01 Train_Loss_mse: 1.8146e-01
Epoch: [56][ 0/62]	Time  8.938 ( 8.938)	Loss_VinDrCXR_rad9 cls 1.7883e-01 (1.7883e-01)	Loss_VinDrCXR_rad9 mse 3.9235e-01 (3.9235e-01)
Epoch: [56][50/62]	Time  0.975 ( 1.207)	Loss_VinDrCXR_rad9 cls 1.5969e-01 (1.5235e-01)	Loss_VinDrCXR_rad9 mse 2.5712e-01 (2.1706e-01)
Epoch: [56] Train_Loss_cls: 1.5013e-01 Train_Loss_mse: 2.1265e-01
Epoch: [56][ 0/65]	Time  9.157 ( 9.157)	Loss_VinDrCXR_rad10 cls 1.2599e-01 (1.2599e-01)	Loss_VinDrCXR_rad10 mse 1.5087e-01 (1.5087e-01)
Epoch: [56][50/65]	Time  0.975 ( 1.207)	Loss_VinDrCXR_rad10 cls 8.7918e-02 (1.1061e-01)	Loss_VinDrCXR_rad10 mse 1.7614e-01 (1.9353e-01)
Epoch: [56] Train_Loss_cls: 1.1108e-01 Train_Loss_mse: 1.9293e-01
Epoch: [56][ 0/16]	Time  8.585 ( 8.585)	Loss_VinDrCXR_rad11 cls 3.1989e-02 (3.1989e-02)	Loss_VinDrCXR_rad11 mse 6.1788e-02 (6.1788e-02)
Epoch: [56] Train_Loss_cls: 2.8468e-02 Train_Loss_mse: 6.4005e-02
Epoch: [56][ 0/17]	Time  8.946 ( 8.946)	Loss_VinDrCXR_rad12 cls 1.5582e-02 (1.5582e-02)	Loss_VinDrCXR_rad12 mse 6.2859e-02 (6.2859e-02)
Epoch: [56] Train_Loss_cls: 2.2198e-02 Train_Loss_mse: 5.7764e-02
Epoch: [56][ 0/17]	Time  8.383 ( 8.383)	Loss_VinDrCXR_rad13 cls 1.9585e-02 (1.9585e-02)	Loss_VinDrCXR_rad13 mse 7.3161e-02 (7.3161e-02)
Epoch: [56] Train_Loss_cls: 2.6028e-02 Train_Loss_mse: 6.2625e-02
Epoch: [56][ 0/15]	Time  8.417 ( 8.417)	Loss_VinDrCXR_rad14 cls 2.8577e-02 (2.8577e-02)	Loss_VinDrCXR_rad14 mse 4.7702e-02 (4.7702e-02)
Epoch: [56] Train_Loss_cls: 3.0788e-02 Train_Loss_mse: 6.5157e-02
Epoch: [56][ 0/17]	Time  8.555 ( 8.555)	Loss_VinDrCXR_rad15 cls 4.3515e-02 (4.3515e-02)	Loss_VinDrCXR_rad15 mse 6.0080e-02 (6.0080e-02)
Epoch: [56] Train_Loss_cls: 2.8630e-02 Train_Loss_mse: 5.5511e-02
Epoch: [56][ 0/17]	Time  8.555 ( 8.555)	Loss_VinDrCXR_rad16 cls 2.5896e-02 (2.5896e-02)	Loss_VinDrCXR_rad16 mse 5.0888e-02 (5.0888e-02)
Epoch: [56] Train_Loss_cls: 2.0739e-02 Train_Loss_mse: 7.1160e-02
Epoch: [56][0/8]	Time  8.416 ( 8.416)	Loss_VinDrCXR_rad17 cls 1.5479e-02 (1.5479e-02)	Loss_VinDrCXR_rad17 mse 4.7514e-02 (4.7514e-02)
Epoch: [56] Train_Loss_cls: 2.5055e-02 Train_Loss_mse: 4.9187e-02
Val_VinDrCXR_rad1: [ 0/30]	Time  7.366 ( 7.366)	Loss 8.0686e-01 (8.0686e-01)
Epoch 0056: avg_val_loss 0.32905, saving model to ./Models/swin_base_Ark_Finetune_17Rad/Ark_PlusArk_Finetune_17Rad/Ark_Finetune_17Rad/Ark_PlusArk_Finetune_17Rad
Epoch: [57][ 0/20]	Time  8.467 ( 8.467)	Loss_VinDrCXR_rad1 cls 1.5368e-03 (1.5368e-03)	Loss_VinDrCXR_rad1 mse 1.9838e-02 (1.9838e-02)
Epoch: [57] Train_Loss_cls: 2.8384e-03 Train_Loss_mse: 2.6146e-02
Epoch: [57][ 0/32]	Time  8.573 ( 8.573)	Loss_VinDrCXR_rad2 cls 3.1586e-04 (3.1586e-04)	Loss_VinDrCXR_rad2 mse 3.9167e-02 (3.9167e-02)
Epoch: [57] Train_Loss_cls: 3.8845e-03 Train_Loss_mse: 3.0107e-02
Epoch: [57][ 0/23]	Time  8.595 ( 8.595)	Loss_VinDrCXR_rad3 cls 6.6192e-04 (6.6192e-04)	Loss_VinDrCXR_rad3 mse 2.5085e-02 (2.5085e-02)
Epoch: [57] Train_Loss_cls: 1.2697e-03 Train_Loss_mse: 2.7615e-02
Epoch: [57][ 0/16]	Time  8.800 ( 8.800)	Loss_VinDrCXR_rad4 cls 2.5149e-04 (2.5149e-04)	Loss_VinDrCXR_rad4 mse 2.1225e-02 (2.1225e-02)
Epoch: [57] Train_Loss_cls: 2.3175e-03 Train_Loss_mse: 2.2132e-02
Epoch: [57][ 0/28]	Time  7.824 ( 7.824)	Loss_VinDrCXR_rad5 cls 7.3981e-03 (7.3981e-03)	Loss_VinDrCXR_rad5 mse 2.1032e-02 (2.1032e-02)
Epoch: [57] Train_Loss_cls: 2.5608e-03 Train_Loss_mse: 2.2426e-02
Epoch: [57][ 0/21]	Time  8.324 ( 8.324)	Loss_VinDrCXR_rad6 cls 4.3391e-04 (4.3391e-04)	Loss_VinDrCXR_rad6 mse 2.0695e-02 (2.0695e-02)
Epoch: [57] Train_Loss_cls: 5.1746e-04 Train_Loss_mse: 2.4347e-02
Epoch: [57][ 0/18]	Time  8.629 ( 8.629)	Loss_VinDrCXR_rad7 cls 2.1382e-04 (2.1382e-04)	Loss_VinDrCXR_rad7 mse 2.6005e-02 (2.6005e-02)
Epoch: [57] Train_Loss_cls: 1.9328e-03 Train_Loss_mse: 2.3949e-02
Epoch: [57][ 0/66]	Time  8.871 ( 8.871)	Loss_VinDrCXR_rad8 cls 2.5508e-01 (2.5508e-01)	Loss_VinDrCXR_rad8 mse 1.5419e-01 (1.5419e-01)
Epoch: [57][50/66]	Time  0.980 ( 1.179)	Loss_VinDrCXR_rad8 cls 7.7047e-02 (1.0623e-01)	Loss_VinDrCXR_rad8 mse 1.3674e-01 (2.0694e-01)
Epoch: [57] Train_Loss_cls: 1.0397e-01 Train_Loss_mse: 1.9561e-01
Epoch: [57][ 0/62]	Time  8.538 ( 8.538)	Loss_VinDrCXR_rad9 cls 1.3407e-01 (1.3407e-01)	Loss_VinDrCXR_rad9 mse 1.5799e-01 (1.5799e-01)
Epoch: [57][50/62]	Time  0.978 ( 1.223)	Loss_VinDrCXR_rad9 cls 1.7000e-01 (1.5158e-01)	Loss_VinDrCXR_rad9 mse 1.3831e-01 (2.1274e-01)
Epoch: [57] Train_Loss_cls: 1.5087e-01 Train_Loss_mse: 2.1069e-01
Epoch: [57][ 0/65]	Time  8.723 ( 8.723)	Loss_VinDrCXR_rad10 cls 1.1082e-01 (1.1082e-01)	Loss_VinDrCXR_rad10 mse 1.4468e-01 (1.4468e-01)
Epoch: [57][50/65]	Time  0.975 ( 1.130)	Loss_VinDrCXR_rad10 cls 1.0759e-01 (1.1524e-01)	Loss_VinDrCXR_rad10 mse 1.3170e-01 (1.9565e-01)
Epoch: [57] Train_Loss_cls: 1.1422e-01 Train_Loss_mse: 1.9546e-01
Epoch: [57][ 0/16]	Time  8.652 ( 8.652)	Loss_VinDrCXR_rad11 cls 2.5347e-02 (2.5347e-02)	Loss_VinDrCXR_rad11 mse 5.5093e-02 (5.5093e-02)
Epoch: [57] Train_Loss_cls: 2.3684e-02 Train_Loss_mse: 6.7658e-02
Epoch: [57][ 0/17]	Time  8.750 ( 8.750)	Loss_VinDrCXR_rad12 cls 1.5780e-02 (1.5780e-02)	Loss_VinDrCXR_rad12 mse 6.8036e-02 (6.8036e-02)
Epoch: [57] Train_Loss_cls: 2.0857e-02 Train_Loss_mse: 6.9576e-02
Epoch: [57][ 0/17]	Time  8.427 ( 8.427)	Loss_VinDrCXR_rad13 cls 1.3413e-02 (1.3413e-02)	Loss_VinDrCXR_rad13 mse 5.1422e-02 (5.1422e-02)
Epoch: [57] Train_Loss_cls: 2.9006e-02 Train_Loss_mse: 6.3749e-02
Epoch: [57][ 0/15]	Time  8.442 ( 8.442)	Loss_VinDrCXR_rad14 cls 1.4109e-02 (1.4109e-02)	Loss_VinDrCXR_rad14 mse 4.5664e-02 (4.5664e-02)
Epoch: [57] Train_Loss_cls: 3.0628e-02 Train_Loss_mse: 5.6268e-02
Epoch: [57][ 0/17]	Time  8.798 ( 8.798)	Loss_VinDrCXR_rad15 cls 1.3353e-02 (1.3353e-02)	Loss_VinDrCXR_rad15 mse 6.5904e-02 (6.5904e-02)
Epoch: [57] Train_Loss_cls: 2.6451e-02 Train_Loss_mse: 6.1788e-02
Epoch: [57][ 0/17]	Time  8.705 ( 8.705)	Loss_VinDrCXR_rad16 cls 3.3658e-02 (3.3658e-02)	Loss_VinDrCXR_rad16 mse 6.0769e-02 (6.0769e-02)
Epoch: [57] Train_Loss_cls: 2.2062e-02 Train_Loss_mse: 6.4224e-02
Epoch: [57][0/8]	Time  8.565 ( 8.565)	Loss_VinDrCXR_rad17 cls 2.4621e-02 (2.4621e-02)	Loss_VinDrCXR_rad17 mse 4.5000e-02 (4.5000e-02)
Epoch: [57] Train_Loss_cls: 2.4425e-02 Train_Loss_mse: 4.1205e-02
Val_VinDrCXR_rad1: [ 0/30]	Time  7.250 ( 7.250)	Loss 8.8180e-01 (8.8180e-01)
Epoch 0057: avg_val_loss 0.35371, saving model to ./Models/swin_base_Ark_Finetune_17Rad/Ark_PlusArk_Finetune_17Rad/Ark_Finetune_17Rad/Ark_PlusArk_Finetune_17Rad
Epoch: [58][ 0/20]	Time  8.326 ( 8.326)	Loss_VinDrCXR_rad1 cls 1.4937e-03 (1.4937e-03)	Loss_VinDrCXR_rad1 mse 2.1964e-02 (2.1964e-02)
Epoch: [58] Train_Loss_cls: 1.8969e-03 Train_Loss_mse: 2.4852e-02
Epoch: [58][ 0/32]	Time  9.340 ( 9.340)	Loss_VinDrCXR_rad2 cls 4.5417e-04 (4.5417e-04)	Loss_VinDrCXR_rad2 mse 2.9216e-02 (2.9216e-02)
Epoch: [58] Train_Loss_cls: 3.8372e-03 Train_Loss_mse: 2.6459e-02
Epoch: [58][ 0/23]	Time  9.007 ( 9.007)	Loss_VinDrCXR_rad3 cls 2.6976e-04 (2.6976e-04)	Loss_VinDrCXR_rad3 mse 2.1989e-02 (2.1989e-02)
Epoch: [58] Train_Loss_cls: 1.0272e-03 Train_Loss_mse: 2.3664e-02
Epoch: [58][ 0/16]	Time  8.502 ( 8.502)	Loss_VinDrCXR_rad4 cls 1.5434e-04 (1.5434e-04)	Loss_VinDrCXR_rad4 mse 2.4263e-02 (2.4263e-02)
Epoch: [58] Train_Loss_cls: 2.3155e-03 Train_Loss_mse: 1.9856e-02
Epoch: [58][ 0/28]	Time  9.043 ( 9.043)	Loss_VinDrCXR_rad5 cls 2.5680e-04 (2.5680e-04)	Loss_VinDrCXR_rad5 mse 1.8443e-02 (1.8443e-02)
Epoch: [58] Train_Loss_cls: 2.2816e-03 Train_Loss_mse: 2.1006e-02
Epoch: [58][ 0/21]	Time  8.630 ( 8.630)	Loss_VinDrCXR_rad6 cls 3.1197e-04 (3.1197e-04)	Loss_VinDrCXR_rad6 mse 2.4813e-02 (2.4813e-02)
Epoch: [58] Train_Loss_cls: 6.4851e-04 Train_Loss_mse: 2.3746e-02
Epoch: [58][ 0/18]	Time  8.518 ( 8.518)	Loss_VinDrCXR_rad7 cls 2.5378e-04 (2.5378e-04)	Loss_VinDrCXR_rad7 mse 2.5448e-02 (2.5448e-02)
Epoch: [58] Train_Loss_cls: 1.7373e-03 Train_Loss_mse: 2.3094e-02
Epoch: [58][ 0/66]	Time  8.442 ( 8.442)	Loss_VinDrCXR_rad8 cls 2.7683e-01 (2.7683e-01)	Loss_VinDrCXR_rad8 mse 1.4283e-01 (1.4283e-01)
Epoch: [58][50/66]	Time  0.983 ( 1.182)	Loss_VinDrCXR_rad8 cls 1.1014e-01 (1.0858e-01)	Loss_VinDrCXR_rad8 mse 1.8963e-01 (1.9280e-01)
Epoch: [58] Train_Loss_cls: 1.0340e-01 Train_Loss_mse: 1.8871e-01
Epoch: [58][ 0/62]	Time  8.692 ( 8.692)	Loss_VinDrCXR_rad9 cls 1.9027e-01 (1.9027e-01)	Loss_VinDrCXR_rad9 mse 2.8056e-01 (2.8056e-01)
Epoch: [58][50/62]	Time  0.975 ( 1.260)	Loss_VinDrCXR_rad9 cls 1.5821e-01 (1.5288e-01)	Loss_VinDrCXR_rad9 mse 2.3392e-01 (2.0372e-01)
Epoch: [58] Train_Loss_cls: 1.5090e-01 Train_Loss_mse: 2.0121e-01
Epoch: [58][ 0/65]	Time  8.520 ( 8.520)	Loss_VinDrCXR_rad10 cls 1.2289e-01 (1.2289e-01)	Loss_VinDrCXR_rad10 mse 1.9697e-01 (1.9697e-01)
Epoch: [58][50/65]	Time  2.039 ( 1.199)	Loss_VinDrCXR_rad10 cls 9.5370e-02 (1.1579e-01)	Loss_VinDrCXR_rad10 mse 2.2665e-01 (2.0643e-01)
Epoch: [58] Train_Loss_cls: 1.1228e-01 Train_Loss_mse: 1.9392e-01
Epoch: [58][ 0/16]	Time  8.573 ( 8.573)	Loss_VinDrCXR_rad11 cls 3.0513e-02 (3.0513e-02)	Loss_VinDrCXR_rad11 mse 7.2487e-02 (7.2487e-02)
Epoch: [58] Train_Loss_cls: 2.2328e-02 Train_Loss_mse: 6.0248e-02
Epoch: [58][ 0/17]	Time  8.414 ( 8.414)	Loss_VinDrCXR_rad12 cls 2.4108e-02 (2.4108e-02)	Loss_VinDrCXR_rad12 mse 7.2363e-02 (7.2363e-02)
Epoch: [58] Train_Loss_cls: 2.2790e-02 Train_Loss_mse: 5.7386e-02
Epoch: [58][ 0/17]	Time  8.260 ( 8.260)	Loss_VinDrCXR_rad13 cls 2.2890e-02 (2.2890e-02)	Loss_VinDrCXR_rad13 mse 4.7203e-02 (4.7203e-02)
Epoch: [58] Train_Loss_cls: 2.5588e-02 Train_Loss_mse: 5.3621e-02
Epoch: [58][ 0/15]	Time  8.436 ( 8.436)	Loss_VinDrCXR_rad14 cls 1.9161e-02 (1.9161e-02)	Loss_VinDrCXR_rad14 mse 6.1327e-02 (6.1327e-02)
Epoch: [58] Train_Loss_cls: 3.4639e-02 Train_Loss_mse: 6.2310e-02
Epoch: [58][ 0/17]	Time  8.690 ( 8.690)	Loss_VinDrCXR_rad15 cls 3.8968e-02 (3.8968e-02)	Loss_VinDrCXR_rad15 mse 5.1222e-02 (5.1222e-02)
Epoch: [58] Train_Loss_cls: 3.0759e-02 Train_Loss_mse: 5.3178e-02
Epoch: [58][ 0/17]	Time  8.440 ( 8.440)	Loss_VinDrCXR_rad16 cls 2.9336e-02 (2.9336e-02)	Loss_VinDrCXR_rad16 mse 5.3795e-02 (5.3795e-02)
Epoch: [58] Train_Loss_cls: 1.7235e-02 Train_Loss_mse: 5.9139e-02
Epoch: [58][0/8]	Time  8.651 ( 8.651)	Loss_VinDrCXR_rad17 cls 4.5298e-02 (4.5298e-02)	Loss_VinDrCXR_rad17 mse 3.5080e-02 (3.5080e-02)
Epoch: [58] Train_Loss_cls: 2.1203e-02 Train_Loss_mse: 4.1446e-02
Val_VinDrCXR_rad1: [ 0/30]	Time  7.237 ( 7.237)	Loss 8.7298e-01 (8.7298e-01)
Epoch 0058: avg_val_loss 0.35214, saving model to ./Models/swin_base_Ark_Finetune_17Rad/Ark_PlusArk_Finetune_17Rad/Ark_Finetune_17Rad/Ark_PlusArk_Finetune_17Rad
Epoch: [59][ 0/20]	Time  8.673 ( 8.673)	Loss_VinDrCXR_rad1 cls 4.0028e-03 (4.0028e-03)	Loss_VinDrCXR_rad1 mse 3.3581e-02 (3.3581e-02)
Epoch: [59] Train_Loss_cls: 1.4459e-03 Train_Loss_mse: 2.3481e-02
Epoch: [59][ 0/32]	Time  8.773 ( 8.773)	Loss_VinDrCXR_rad2 cls 2.6026e-04 (2.6026e-04)	Loss_VinDrCXR_rad2 mse 2.2066e-02 (2.2066e-02)
Epoch: [59] Train_Loss_cls: 3.7170e-03 Train_Loss_mse: 2.3864e-02
Epoch: [59][ 0/23]	Time  8.796 ( 8.796)	Loss_VinDrCXR_rad3 cls 9.6551e-04 (9.6551e-04)	Loss_VinDrCXR_rad3 mse 2.3326e-02 (2.3326e-02)
Epoch: [59] Train_Loss_cls: 1.6386e-03 Train_Loss_mse: 2.2931e-02
Epoch: [59][ 0/16]	Time  8.287 ( 8.287)	Loss_VinDrCXR_rad4 cls 2.2121e-04 (2.2121e-04)	Loss_VinDrCXR_rad4 mse 2.2900e-02 (2.2900e-02)
Epoch: [59] Train_Loss_cls: 2.3159e-03 Train_Loss_mse: 1.9522e-02
Epoch: [59][ 0/28]	Time  8.297 ( 8.297)	Loss_VinDrCXR_rad5 cls 3.1364e-04 (3.1364e-04)	Loss_VinDrCXR_rad5 mse 1.3837e-02 (1.3837e-02)
Epoch: [59] Train_Loss_cls: 2.9204e-03 Train_Loss_mse: 1.9703e-02
Epoch: [59][ 0/21]	Time  8.410 ( 8.410)	Loss_VinDrCXR_rad6 cls 4.6619e-04 (4.6619e-04)	Loss_VinDrCXR_rad6 mse 2.2344e-02 (2.2344e-02)
Epoch: [59] Train_Loss_cls: 7.4606e-04 Train_Loss_mse: 2.2294e-02
Epoch: [59][ 0/18]	Time  8.315 ( 8.315)	Loss_VinDrCXR_rad7 cls 1.8496e-04 (1.8496e-04)	Loss_VinDrCXR_rad7 mse 2.2068e-02 (2.2068e-02)
Epoch: [59] Train_Loss_cls: 2.0891e-03 Train_Loss_mse: 2.0648e-02
Epoch: [59][ 0/66]	Time  8.560 ( 8.560)	Loss_VinDrCXR_rad8 cls 3.1909e-01 (3.1909e-01)	Loss_VinDrCXR_rad8 mse 1.4021e-01 (1.4021e-01)
Epoch: [59][50/66]	Time  0.975 ( 1.187)	Loss_VinDrCXR_rad8 cls 9.8378e-02 (1.0305e-01)	Loss_VinDrCXR_rad8 mse 1.9412e-01 (1.9102e-01)
Epoch: [59] Train_Loss_cls: 1.0259e-01 Train_Loss_mse: 1.9180e-01
Epoch: [59][ 0/62]	Time  8.723 ( 8.723)	Loss_VinDrCXR_rad9 cls 1.5711e-01 (1.5711e-01)	Loss_VinDrCXR_rad9 mse 2.0481e-01 (2.0481e-01)
Epoch: [59][50/62]	Time  0.979 ( 1.177)	Loss_VinDrCXR_rad9 cls 1.2053e-01 (1.4519e-01)	Loss_VinDrCXR_rad9 mse 2.9919e-01 (2.0098e-01)
Epoch: [59] Train_Loss_cls: 1.4598e-01 Train_Loss_mse: 1.9778e-01
Epoch: [59][ 0/65]	Time  8.932 ( 8.932)	Loss_VinDrCXR_rad10 cls 1.3891e-01 (1.3891e-01)	Loss_VinDrCXR_rad10 mse 2.2533e-01 (2.2533e-01)
Epoch: [59][50/65]	Time  0.975 ( 1.185)	Loss_VinDrCXR_rad10 cls 1.0574e-01 (1.1192e-01)	Loss_VinDrCXR_rad10 mse 2.2788e-01 (2.0652e-01)
Epoch: [59] Train_Loss_cls: 1.1102e-01 Train_Loss_mse: 2.0630e-01
Epoch: [59][ 0/16]	Time  8.929 ( 8.929)	Loss_VinDrCXR_rad11 cls 1.4549e-02 (1.4549e-02)	Loss_VinDrCXR_rad11 mse 3.8364e-02 (3.8364e-02)
Epoch: [59] Train_Loss_cls: 2.2687e-02 Train_Loss_mse: 5.4475e-02
Epoch: [59][ 0/17]	Time  9.039 ( 9.039)	Loss_VinDrCXR_rad12 cls 5.3111e-02 (5.3111e-02)	Loss_VinDrCXR_rad12 mse 4.4556e-02 (4.4556e-02)
Epoch: [59] Train_Loss_cls: 1.8784e-02 Train_Loss_mse: 5.1759e-02
Epoch: [59][ 0/17]	Time  8.419 ( 8.419)	Loss_VinDrCXR_rad13 cls 2.3916e-02 (2.3916e-02)	Loss_VinDrCXR_rad13 mse 5.5024e-02 (5.5024e-02)
Epoch: [59] Train_Loss_cls: 2.8934e-02 Train_Loss_mse: 5.3441e-02
Epoch: [59][ 0/15]	Time  8.735 ( 8.735)	Loss_VinDrCXR_rad14 cls 2.0240e-02 (2.0240e-02)	Loss_VinDrCXR_rad14 mse 5.3080e-02 (5.3080e-02)
Epoch: [59] Train_Loss_cls: 3.2805e-02 Train_Loss_mse: 6.6755e-02
Epoch: [59][ 0/17]	Time  8.861 ( 8.861)	Loss_VinDrCXR_rad15 cls 4.1153e-02 (4.1153e-02)	Loss_VinDrCXR_rad15 mse 4.1261e-02 (4.1261e-02)
Epoch: [59] Train_Loss_cls: 2.8432e-02 Train_Loss_mse: 5.5965e-02
Epoch: [59][ 0/17]	Time  8.418 ( 8.418)	Loss_VinDrCXR_rad16 cls 1.4215e-02 (1.4215e-02)	Loss_VinDrCXR_rad16 mse 4.9307e-02 (4.9307e-02)
Epoch: [59] Train_Loss_cls: 1.9987e-02 Train_Loss_mse: 5.8596e-02
Epoch: [59][0/8]	Time  8.572 ( 8.572)	Loss_VinDrCXR_rad17 cls 1.6959e-02 (1.6959e-02)	Loss_VinDrCXR_rad17 mse 3.9649e-02 (3.9649e-02)
Epoch: [59] Train_Loss_cls: 2.7200e-02 Train_Loss_mse: 4.4790e-02
Val_VinDrCXR_rad1: [ 0/30]	Time  7.896 ( 7.896)	Loss 8.3777e-01 (8.3777e-01)
Epoch 0059: avg_val_loss 0.33864, saving model to ./Models/swin_base_Ark_Finetune_17Rad/Ark_PlusArk_Finetune_17Rad/Ark_Finetune_17Rad/Ark_PlusArk_Finetune_17Rad
Epoch: [60][ 0/20]	Time  8.908 ( 8.908)	Loss_VinDrCXR_rad1 cls 1.9792e-03 (1.9792e-03)	Loss_VinDrCXR_rad1 mse 2.7957e-02 (2.7957e-02)
Epoch: [60] Train_Loss_cls: 1.5938e-03 Train_Loss_mse: 2.3571e-02
Epoch: [60][ 0/32]	Time  9.049 ( 9.049)	Loss_VinDrCXR_rad2 cls 1.9854e-04 (1.9854e-04)	Loss_VinDrCXR_rad2 mse 1.9640e-02 (1.9640e-02)
Epoch: [60] Train_Loss_cls: 4.0837e-03 Train_Loss_mse: 2.4715e-02
Epoch: [60][ 0/23]	Time  8.525 ( 8.525)	Loss_VinDrCXR_rad3 cls 8.8033e-04 (8.8033e-04)	Loss_VinDrCXR_rad3 mse 1.8743e-02 (1.8743e-02)
Epoch: [60] Train_Loss_cls: 1.6481e-03 Train_Loss_mse: 2.2926e-02
Epoch: [60][ 0/16]	Time  8.867 ( 8.867)	Loss_VinDrCXR_rad4 cls 2.4687e-04 (2.4687e-04)	Loss_VinDrCXR_rad4 mse 1.7432e-02 (1.7432e-02)
Epoch: [60] Train_Loss_cls: 2.4321e-03 Train_Loss_mse: 1.9538e-02
Epoch: [60][ 0/28]	Time  8.609 ( 8.609)	Loss_VinDrCXR_rad5 cls 1.3318e-02 (1.3318e-02)	Loss_VinDrCXR_rad5 mse 1.7504e-02 (1.7504e-02)
Epoch: [60] Train_Loss_cls: 2.6348e-03 Train_Loss_mse: 1.9176e-02
Epoch: [60][ 0/21]	Time  8.700 ( 8.700)	Loss_VinDrCXR_rad6 cls 2.3246e-04 (2.3246e-04)	Loss_VinDrCXR_rad6 mse 2.0161e-02 (2.0161e-02)
Epoch: [60] Train_Loss_cls: 5.3217e-04 Train_Loss_mse: 2.0655e-02
Epoch: [60][ 0/18]	Time  8.710 ( 8.710)	Loss_VinDrCXR_rad7 cls 1.3183e-04 (1.3183e-04)	Loss_VinDrCXR_rad7 mse 1.6533e-02 (1.6533e-02)
Epoch: [60] Train_Loss_cls: 2.2224e-03 Train_Loss_mse: 2.0691e-02
Epoch: [60][ 0/66]	Time  8.756 ( 8.756)	Loss_VinDrCXR_rad8 cls 3.5109e-01 (3.5109e-01)	Loss_VinDrCXR_rad8 mse 1.7957e-01 (1.7957e-01)
Epoch: [60][50/66]	Time  0.975 ( 1.149)	Loss_VinDrCXR_rad8 cls 9.8797e-02 (1.0290e-01)	Loss_VinDrCXR_rad8 mse 1.2474e-01 (1.8200e-01)
Epoch: [60] Train_Loss_cls: 1.0218e-01 Train_Loss_mse: 1.8794e-01
Epoch: [60][ 0/62]	Time  8.837 ( 8.837)	Loss_VinDrCXR_rad9 cls 1.8471e-01 (1.8471e-01)	Loss_VinDrCXR_rad9 mse 1.7824e-01 (1.7824e-01)
Epoch: [60][50/62]	Time  0.976 ( 1.198)	Loss_VinDrCXR_rad9 cls 1.5104e-01 (1.5519e-01)	Loss_VinDrCXR_rad9 mse 2.5812e-01 (2.2092e-01)
Epoch: [60] Train_Loss_cls: 1.5366e-01 Train_Loss_mse: 2.1326e-01
Epoch: [60][ 0/65]	Time  8.758 ( 8.758)	Loss_VinDrCXR_rad10 cls 1.2859e-01 (1.2859e-01)	Loss_VinDrCXR_rad10 mse 1.2892e-01 (1.2892e-01)
Epoch: [60][50/65]	Time  0.975 ( 1.198)	Loss_VinDrCXR_rad10 cls 1.0686e-01 (1.1125e-01)	Loss_VinDrCXR_rad10 mse 1.4821e-01 (1.9359e-01)
Epoch: [60] Train_Loss_cls: 1.1264e-01 Train_Loss_mse: 2.0055e-01
Epoch: [60][ 0/16]	Time  8.801 ( 8.801)	Loss_VinDrCXR_rad11 cls 3.2915e-02 (3.2915e-02)	Loss_VinDrCXR_rad11 mse 5.8732e-02 (5.8732e-02)
Epoch: [60] Train_Loss_cls: 2.5763e-02 Train_Loss_mse: 6.1573e-02
Epoch: [60][ 0/17]	Time  8.523 ( 8.523)	Loss_VinDrCXR_rad12 cls 1.9705e-02 (1.9705e-02)	Loss_VinDrCXR_rad12 mse 6.4740e-02 (6.4740e-02)
Epoch: [60] Train_Loss_cls: 2.2403e-02 Train_Loss_mse: 5.7494e-02
Epoch: [60][ 0/17]	Time 10.290 (10.290)	Loss_VinDrCXR_rad13 cls 1.9533e-02 (1.9533e-02)	Loss_VinDrCXR_rad13 mse 5.5920e-02 (5.5920e-02)
Epoch: [60] Train_Loss_cls: 2.6375e-02 Train_Loss_mse: 5.5188e-02
Epoch: [60][ 0/15]	Time  8.613 ( 8.613)	Loss_VinDrCXR_rad14 cls 5.5346e-02 (5.5346e-02)	Loss_VinDrCXR_rad14 mse 5.1548e-02 (5.1548e-02)
Epoch: [60] Train_Loss_cls: 3.2345e-02 Train_Loss_mse: 5.7419e-02
Epoch: [60][ 0/17]	Time  8.623 ( 8.623)	Loss_VinDrCXR_rad15 cls 2.7785e-02 (2.7785e-02)	Loss_VinDrCXR_rad15 mse 5.7675e-02 (5.7675e-02)
Epoch: [60] Train_Loss_cls: 2.9363e-02 Train_Loss_mse: 5.8044e-02
Epoch: [60][ 0/17]	Time  8.787 ( 8.787)	Loss_VinDrCXR_rad16 cls 1.6273e-02 (1.6273e-02)	Loss_VinDrCXR_rad16 mse 6.3305e-02 (6.3305e-02)
Epoch: [60] Train_Loss_cls: 1.7526e-02 Train_Loss_mse: 5.3807e-02
Epoch: [60][0/8]	Time  8.594 ( 8.594)	Loss_VinDrCXR_rad17 cls 4.2796e-02 (4.2796e-02)	Loss_VinDrCXR_rad17 mse 5.4349e-02 (5.4349e-02)
Epoch: [60] Train_Loss_cls: 2.4470e-02 Train_Loss_mse: 4.3320e-02
Val_VinDrCXR_rad1: [ 0/30]	Time  7.145 ( 7.145)	Loss 8.9329e-01 (8.9329e-01)
Epoch 0060: avg_val_loss 0.35398, saving model to ./Models/swin_base_Ark_Finetune_17Rad/Ark_PlusArk_Finetune_17Rad/Ark_Finetune_17Rad/Ark_PlusArk_Finetune_17Rad
>>VinDrCXR_rad1 Disease = ['PE', 'Lung tumor', 'Pneumonia', 'Tuberculosis', 'Other diseases', 'No finding']
>>VinDrCXR_rad1:Student AUC = [0.9882	0.8946	0.9597	0.9517	0.8466	0.9464], 
Teacher AUC = [0.9881	0.9036	0.9602	0.9559	0.8433	0.9449]

>>VinDrCXR_rad1: Student mAUC = 0.9312, Teacher mAUC = 0.9327
Omni-pretraining stage: 
Student meanAUC = 
[[0.9468759507134883], [0.9454261264448013], [0.9389692516963958], [0.9338567099466557], [0.9322285595158992], [0.9267613086784795], [0.9269031959521569], [0.9311978881171713]] 
Teacher meanAUC = 
[[0.9468759507134883], [0.9460270675389304], [0.9413547485728361], [0.9352525270339678], [0.933640160889925], [0.9253586349249475], [0.9311537710751477], [0.9326593268703175]]

Epoch: [61][ 0/20]	Time  9.717 ( 9.717)	Loss_VinDrCXR_rad1 cls 1.1692e-03 (1.1692e-03)	Loss_VinDrCXR_rad1 mse 2.0202e-02 (2.0202e-02)
Epoch: [61] Train_Loss_cls: 1.2052e-03 Train_Loss_mse: 2.2426e-02
Epoch: [61][ 0/32]	Time  8.953 ( 8.953)	Loss_VinDrCXR_rad2 cls 2.0031e-04 (2.0031e-04)	Loss_VinDrCXR_rad2 mse 1.8822e-02 (1.8822e-02)
Epoch: [61] Train_Loss_cls: 3.8260e-03 Train_Loss_mse: 2.2566e-02
Epoch: [61][ 0/23]	Time  8.713 ( 8.713)	Loss_VinDrCXR_rad3 cls 4.0961e-04 (4.0961e-04)	Loss_VinDrCXR_rad3 mse 1.7332e-02 (1.7332e-02)
Epoch: [61] Train_Loss_cls: 1.2689e-03 Train_Loss_mse: 2.2372e-02
Epoch: [61][ 0/16]	Time  8.822 ( 8.822)	Loss_VinDrCXR_rad4 cls 3.0585e-04 (3.0585e-04)	Loss_VinDrCXR_rad4 mse 2.4110e-02 (2.4110e-02)
Epoch: [61] Train_Loss_cls: 2.0118e-03 Train_Loss_mse: 1.8362e-02
Epoch: [61][ 0/28]	Time  8.239 ( 8.239)	Loss_VinDrCXR_rad5 cls 2.1597e-04 (2.1597e-04)	Loss_VinDrCXR_rad5 mse 1.9872e-02 (1.9872e-02)
Epoch: [61] Train_Loss_cls: 2.3985e-03 Train_Loss_mse: 2.0112e-02
Epoch: [61][ 0/21]	Time  8.768 ( 8.768)	Loss_VinDrCXR_rad6 cls 1.1841e-03 (1.1841e-03)	Loss_VinDrCXR_rad6 mse 2.1930e-02 (2.1930e-02)
Epoch: [61] Train_Loss_cls: 5.4206e-04 Train_Loss_mse: 2.0292e-02
Epoch: [61][ 0/18]	Time  8.750 ( 8.750)	Loss_VinDrCXR_rad7 cls 1.6672e-04 (1.6672e-04)	Loss_VinDrCXR_rad7 mse 2.2137e-02 (2.2137e-02)
Epoch: [61] Train_Loss_cls: 2.1799e-03 Train_Loss_mse: 2.0137e-02
Epoch: [61][ 0/66]	Time  8.653 ( 8.653)	Loss_VinDrCXR_rad8 cls 4.2992e-01 (4.2992e-01)	Loss_VinDrCXR_rad8 mse 2.8287e-01 (2.8287e-01)
Epoch: [61][50/66]	Time  0.977 ( 1.130)	Loss_VinDrCXR_rad8 cls 6.1584e-02 (1.1080e-01)	Loss_VinDrCXR_rad8 mse 1.6698e-01 (1.9294e-01)
Epoch: [61] Train_Loss_cls: 1.0796e-01 Train_Loss_mse: 1.9927e-01
Epoch: [61][ 0/62]	Time  8.810 ( 8.810)	Loss_VinDrCXR_rad9 cls 1.9020e-01 (1.9020e-01)	Loss_VinDrCXR_rad9 mse 1.8741e-01 (1.8741e-01)
Epoch: [61][50/62]	Time  0.975 ( 1.233)	Loss_VinDrCXR_rad9 cls 1.4053e-01 (1.5020e-01)	Loss_VinDrCXR_rad9 mse 1.7501e-01 (2.0540e-01)
Epoch: [61] Train_Loss_cls: 1.4734e-01 Train_Loss_mse: 2.0014e-01
Epoch: [61][ 0/65]	Time  8.808 ( 8.808)	Loss_VinDrCXR_rad10 cls 1.2869e-01 (1.2869e-01)	Loss_VinDrCXR_rad10 mse 1.7170e-01 (1.7170e-01)
Epoch: [61][50/65]	Time  0.976 ( 1.155)	Loss_VinDrCXR_rad10 cls 1.6268e-01 (1.1312e-01)	Loss_VinDrCXR_rad10 mse 1.8721e-01 (2.1371e-01)
Epoch: [61] Train_Loss_cls: 1.1067e-01 Train_Loss_mse: 2.0943e-01
Epoch: [61][ 0/16]	Time  8.653 ( 8.653)	Loss_VinDrCXR_rad11 cls 3.2638e-02 (3.2638e-02)	Loss_VinDrCXR_rad11 mse 5.1020e-02 (5.1020e-02)
Epoch: [61] Train_Loss_cls: 2.2453e-02 Train_Loss_mse: 5.7433e-02
Epoch: [61][ 0/17]	Time  8.614 ( 8.614)	Loss_VinDrCXR_rad12 cls 8.5824e-03 (8.5824e-03)	Loss_VinDrCXR_rad12 mse 4.6109e-02 (4.6109e-02)
Epoch: [61] Train_Loss_cls: 1.9061e-02 Train_Loss_mse: 5.9934e-02
Epoch: [61][ 0/17]	Time  8.572 ( 8.572)	Loss_VinDrCXR_rad13 cls 1.1721e-02 (1.1721e-02)	Loss_VinDrCXR_rad13 mse 5.7451e-02 (5.7451e-02)
Epoch: [61] Train_Loss_cls: 2.4966e-02 Train_Loss_mse: 5.3477e-02
Epoch: [61][ 0/15]	Time  8.836 ( 8.836)	Loss_VinDrCXR_rad14 cls 3.4551e-02 (3.4551e-02)	Loss_VinDrCXR_rad14 mse 5.2747e-02 (5.2747e-02)
Epoch: [61] Train_Loss_cls: 2.9996e-02 Train_Loss_mse: 5.5695e-02
Epoch: [61][ 0/17]	Time  8.785 ( 8.785)	Loss_VinDrCXR_rad15 cls 2.8029e-02 (2.8029e-02)	Loss_VinDrCXR_rad15 mse 5.5612e-02 (5.5612e-02)
Epoch: [61] Train_Loss_cls: 2.9064e-02 Train_Loss_mse: 5.8300e-02
Epoch: [61][ 0/17]	Time  8.588 ( 8.588)	Loss_VinDrCXR_rad16 cls 1.4303e-02 (1.4303e-02)	Loss_VinDrCXR_rad16 mse 5.5456e-02 (5.5456e-02)
Epoch: [61] Train_Loss_cls: 1.8042e-02 Train_Loss_mse: 5.0939e-02
Epoch: [61][0/8]	Time  8.614 ( 8.614)	Loss_VinDrCXR_rad17 cls 2.4015e-02 (2.4015e-02)	Loss_VinDrCXR_rad17 mse 5.6611e-02 (5.6611e-02)
Epoch: [61] Train_Loss_cls: 2.6938e-02 Train_Loss_mse: 4.3644e-02
Val_VinDrCXR_rad1: [ 0/30]	Time  7.123 ( 7.123)	Loss 9.3829e-01 (9.3829e-01)
Epoch 0061: avg_val_loss 0.36604, saving model to ./Models/swin_base_Ark_Finetune_17Rad/Ark_PlusArk_Finetune_17Rad/Ark_Finetune_17Rad/Ark_PlusArk_Finetune_17Rad
Epoch: [62][ 0/20]	Time 10.423 (10.423)	Loss_VinDrCXR_rad1 cls 8.4041e-04 (8.4041e-04)	Loss_VinDrCXR_rad1 mse 1.7941e-02 (1.7941e-02)
Epoch: [62] Train_Loss_cls: 1.3408e-03 Train_Loss_mse: 1.9800e-02
Epoch: [62][ 0/32]	Time  9.010 ( 9.010)	Loss_VinDrCXR_rad2 cls 2.4129e-04 (2.4129e-04)	Loss_VinDrCXR_rad2 mse 2.0400e-02 (2.0400e-02)
Epoch: [62] Train_Loss_cls: 4.4060e-03 Train_Loss_mse: 2.2466e-02
Epoch: [62][ 0/23]	Time  8.525 ( 8.525)	Loss_VinDrCXR_rad3 cls 2.5601e-03 (2.5601e-03)	Loss_VinDrCXR_rad3 mse 2.0408e-02 (2.0408e-02)
Epoch: [62] Train_Loss_cls: 1.8985e-03 Train_Loss_mse: 2.1134e-02
Epoch: [62][ 0/16]	Time  8.420 ( 8.420)	Loss_VinDrCXR_rad4 cls 2.2993e-04 (2.2993e-04)	Loss_VinDrCXR_rad4 mse 1.9391e-02 (1.9391e-02)
Epoch: [62] Train_Loss_cls: 2.0569e-03 Train_Loss_mse: 1.8095e-02
Epoch: [62][ 0/28]	Time  7.941 ( 7.941)	Loss_VinDrCXR_rad5 cls 1.8528e-04 (1.8528e-04)	Loss_VinDrCXR_rad5 mse 1.8944e-02 (1.8944e-02)
Epoch: [62] Train_Loss_cls: 3.1647e-03 Train_Loss_mse: 1.8863e-02
Epoch: [62][ 0/21]	Time  8.428 ( 8.428)	Loss_VinDrCXR_rad6 cls 1.0591e-03 (1.0591e-03)	Loss_VinDrCXR_rad6 mse 1.6358e-02 (1.6358e-02)
Epoch: [62] Train_Loss_cls: 4.3843e-04 Train_Loss_mse: 2.0360e-02
Epoch: [62][ 0/18]	Time  8.966 ( 8.966)	Loss_VinDrCXR_rad7 cls 1.4628e-04 (1.4628e-04)	Loss_VinDrCXR_rad7 mse 2.1937e-02 (2.1937e-02)
Epoch: [62] Train_Loss_cls: 2.0408e-03 Train_Loss_mse: 1.9309e-02
Epoch: [62][ 0/66]	Time  8.565 ( 8.565)	Loss_VinDrCXR_rad8 cls 3.6097e-01 (3.6097e-01)	Loss_VinDrCXR_rad8 mse 1.4820e-01 (1.4820e-01)
Epoch: [62][50/66]	Time  1.005 ( 1.178)	Loss_VinDrCXR_rad8 cls 8.3583e-02 (1.0786e-01)	Loss_VinDrCXR_rad8 mse 3.1966e-01 (1.9086e-01)
Epoch: [62] Train_Loss_cls: 1.0540e-01 Train_Loss_mse: 1.9562e-01
Epoch: [62][ 0/62]	Time  9.015 ( 9.015)	Loss_VinDrCXR_rad9 cls 2.0287e-01 (2.0287e-01)	Loss_VinDrCXR_rad9 mse 2.0827e-01 (2.0827e-01)
Epoch: [62][50/62]	Time  0.975 ( 1.201)	Loss_VinDrCXR_rad9 cls 1.7423e-01 (1.4814e-01)	Loss_VinDrCXR_rad9 mse 1.7741e-01 (2.0631e-01)
Epoch: [62] Train_Loss_cls: 1.4896e-01 Train_Loss_mse: 2.0235e-01
Epoch: [62][ 0/65]	Time  8.535 ( 8.535)	Loss_VinDrCXR_rad10 cls 1.0365e-01 (1.0365e-01)	Loss_VinDrCXR_rad10 mse 1.7357e-01 (1.7357e-01)
Epoch: [62][50/65]	Time  0.976 ( 1.128)	Loss_VinDrCXR_rad10 cls 9.6860e-02 (1.1201e-01)	Loss_VinDrCXR_rad10 mse 2.0606e-01 (1.8453e-01)
Epoch: [62] Train_Loss_cls: 1.1167e-01 Train_Loss_mse: 1.8391e-01
Epoch: [62][ 0/16]	Time  8.244 ( 8.244)	Loss_VinDrCXR_rad11 cls 3.5824e-02 (3.5824e-02)	Loss_VinDrCXR_rad11 mse 6.6155e-02 (6.6155e-02)
Epoch: [62] Train_Loss_cls: 2.1097e-02 Train_Loss_mse: 5.1415e-02
Epoch: [62][ 0/17]	Time  8.798 ( 8.798)	Loss_VinDrCXR_rad12 cls 1.4513e-02 (1.4513e-02)	Loss_VinDrCXR_rad12 mse 4.4244e-02 (4.4244e-02)
Epoch: [62] Train_Loss_cls: 1.9844e-02 Train_Loss_mse: 5.4390e-02
Epoch: [62][ 0/17]	Time  9.382 ( 9.382)	Loss_VinDrCXR_rad13 cls 2.1565e-02 (2.1565e-02)	Loss_VinDrCXR_rad13 mse 6.6331e-02 (6.6331e-02)
Epoch: [62] Train_Loss_cls: 2.4605e-02 Train_Loss_mse: 5.8550e-02
Epoch: [62][ 0/15]	Time  8.804 ( 8.804)	Loss_VinDrCXR_rad14 cls 2.8162e-02 (2.8162e-02)	Loss_VinDrCXR_rad14 mse 3.8090e-02 (3.8090e-02)
Epoch: [62] Train_Loss_cls: 2.9277e-02 Train_Loss_mse: 5.7651e-02
Epoch: [62][ 0/17]	Time  8.394 ( 8.394)	Loss_VinDrCXR_rad15 cls 1.8748e-02 (1.8748e-02)	Loss_VinDrCXR_rad15 mse 4.5414e-02 (4.5414e-02)
Epoch: [62] Train_Loss_cls: 2.9355e-02 Train_Loss_mse: 6.0914e-02
Epoch: [62][ 0/17]	Time  8.529 ( 8.529)	Loss_VinDrCXR_rad16 cls 1.5623e-02 (1.5623e-02)	Loss_VinDrCXR_rad16 mse 6.9602e-02 (6.9602e-02)
Epoch: [62] Train_Loss_cls: 1.8676e-02 Train_Loss_mse: 5.4124e-02
Epoch: [62][0/8]	Time  8.464 ( 8.464)	Loss_VinDrCXR_rad17 cls 1.2627e-02 (1.2627e-02)	Loss_VinDrCXR_rad17 mse 2.7529e-02 (2.7529e-02)
Epoch: [62] Train_Loss_cls: 2.3259e-02 Train_Loss_mse: 3.5456e-02
Val_VinDrCXR_rad1: [ 0/30]	Time  7.071 ( 7.071)	Loss 8.9153e-01 (8.9153e-01)
Epoch 0062: avg_val_loss 0.35578, saving model to ./Models/swin_base_Ark_Finetune_17Rad/Ark_PlusArk_Finetune_17Rad/Ark_Finetune_17Rad/Ark_PlusArk_Finetune_17Rad
Epoch: [63][ 0/20]	Time  8.716 ( 8.716)	Loss_VinDrCXR_rad1 cls 1.5599e-02 (1.5599e-02)	Loss_VinDrCXR_rad1 mse 1.5442e-02 (1.5442e-02)
Epoch: [63] Train_Loss_cls: 1.6279e-03 Train_Loss_mse: 1.9106e-02
Epoch: [63][ 0/32]	Time  9.066 ( 9.066)	Loss_VinDrCXR_rad2 cls 3.1461e-04 (3.1461e-04)	Loss_VinDrCXR_rad2 mse 2.2753e-02 (2.2753e-02)
Epoch: [63] Train_Loss_cls: 3.7957e-03 Train_Loss_mse: 2.1054e-02
Epoch: [63][ 0/23]	Time  8.451 ( 8.451)	Loss_VinDrCXR_rad3 cls 6.0409e-04 (6.0409e-04)	Loss_VinDrCXR_rad3 mse 2.7088e-02 (2.7088e-02)
Epoch: [63] Train_Loss_cls: 2.1443e-03 Train_Loss_mse: 2.0280e-02
Epoch: [63][ 0/16]	Time  8.835 ( 8.835)	Loss_VinDrCXR_rad4 cls 1.9324e-04 (1.9324e-04)	Loss_VinDrCXR_rad4 mse 1.5606e-02 (1.5606e-02)
Epoch: [63] Train_Loss_cls: 2.1858e-03 Train_Loss_mse: 1.6015e-02
Epoch: [63][ 0/28]	Time  8.874 ( 8.874)	Loss_VinDrCXR_rad5 cls 1.0286e-03 (1.0286e-03)	Loss_VinDrCXR_rad5 mse 1.9117e-02 (1.9117e-02)
Epoch: [63] Train_Loss_cls: 2.4680e-03 Train_Loss_mse: 1.6877e-02
Epoch: [63][ 0/21]	Time  8.203 ( 8.203)	Loss_VinDrCXR_rad6 cls 3.3255e-04 (3.3255e-04)	Loss_VinDrCXR_rad6 mse 1.7722e-02 (1.7722e-02)
Epoch: [63] Train_Loss_cls: 5.3469e-04 Train_Loss_mse: 1.8169e-02
Epoch: [63][ 0/18]	Time  9.027 ( 9.027)	Loss_VinDrCXR_rad7 cls 1.4463e-04 (1.4463e-04)	Loss_VinDrCXR_rad7 mse 2.0546e-02 (2.0546e-02)
Epoch: [63] Train_Loss_cls: 1.8345e-03 Train_Loss_mse: 1.7483e-02
Epoch: [63][ 0/66]	Time  8.732 ( 8.732)	Loss_VinDrCXR_rad8 cls 3.3731e-01 (3.3731e-01)	Loss_VinDrCXR_rad8 mse 1.1118e-01 (1.1118e-01)
Epoch: [63][50/66]	Time  0.985 ( 1.160)	Loss_VinDrCXR_rad8 cls 7.9493e-02 (1.0498e-01)	Loss_VinDrCXR_rad8 mse 1.0844e-01 (1.8638e-01)
Epoch: [63] Train_Loss_cls: 1.0164e-01 Train_Loss_mse: 1.8646e-01
Epoch: [63][ 0/62]	Time  8.499 ( 8.499)	Loss_VinDrCXR_rad9 cls 2.1706e-01 (2.1706e-01)	Loss_VinDrCXR_rad9 mse 1.4737e-01 (1.4737e-01)
Epoch: [63][50/62]	Time  0.979 ( 1.172)	Loss_VinDrCXR_rad9 cls 1.3694e-01 (1.5024e-01)	Loss_VinDrCXR_rad9 mse 3.0950e-01 (2.2976e-01)
Epoch: [63] Train_Loss_cls: 1.5064e-01 Train_Loss_mse: 2.2170e-01
Epoch: [63][ 0/65]	Time  8.884 ( 8.884)	Loss_VinDrCXR_rad10 cls 1.4969e-01 (1.4969e-01)	Loss_VinDrCXR_rad10 mse 1.7984e-01 (1.7984e-01)
Epoch: [63][50/65]	Time  0.975 ( 1.137)	Loss_VinDrCXR_rad10 cls 1.0786e-01 (1.1112e-01)	Loss_VinDrCXR_rad10 mse 1.5759e-01 (1.8499e-01)
Epoch: [63] Train_Loss_cls: 1.1127e-01 Train_Loss_mse: 1.8439e-01
Epoch: [63][ 0/16]	Time  8.660 ( 8.660)	Loss_VinDrCXR_rad11 cls 5.3127e-02 (5.3127e-02)	Loss_VinDrCXR_rad11 mse 8.7173e-02 (8.7173e-02)
Epoch: [63] Train_Loss_cls: 2.1264e-02 Train_Loss_mse: 5.7389e-02
Epoch: [63][ 0/17]	Time  8.812 ( 8.812)	Loss_VinDrCXR_rad12 cls 2.1750e-02 (2.1750e-02)	Loss_VinDrCXR_rad12 mse 5.1115e-02 (5.1115e-02)
Epoch: [63] Train_Loss_cls: 2.2995e-02 Train_Loss_mse: 5.8817e-02
Epoch: [63][ 0/17]	Time  8.807 ( 8.807)	Loss_VinDrCXR_rad13 cls 5.5180e-02 (5.5180e-02)	Loss_VinDrCXR_rad13 mse 8.2227e-02 (8.2227e-02)
Epoch: [63] Train_Loss_cls: 2.6222e-02 Train_Loss_mse: 5.6458e-02
Epoch: [63][ 0/15]	Time  8.671 ( 8.671)	Loss_VinDrCXR_rad14 cls 2.7537e-02 (2.7537e-02)	Loss_VinDrCXR_rad14 mse 6.2431e-02 (6.2431e-02)
Epoch: [63] Train_Loss_cls: 3.2546e-02 Train_Loss_mse: 5.4888e-02
Epoch: [63][ 0/17]	Time  8.729 ( 8.729)	Loss_VinDrCXR_rad15 cls 2.8443e-02 (2.8443e-02)	Loss_VinDrCXR_rad15 mse 6.6037e-02 (6.6037e-02)
Epoch: [63] Train_Loss_cls: 2.9275e-02 Train_Loss_mse: 5.5549e-02
Epoch: [63][ 0/17]	Time  8.293 ( 8.293)	Loss_VinDrCXR_rad16 cls 3.0354e-02 (3.0354e-02)	Loss_VinDrCXR_rad16 mse 6.9881e-02 (6.9881e-02)
Epoch: [63] Train_Loss_cls: 1.9491e-02 Train_Loss_mse: 5.3020e-02
Epoch: [63][0/8]	Time  8.997 ( 8.997)	Loss_VinDrCXR_rad17 cls 1.1645e-02 (1.1645e-02)	Loss_VinDrCXR_rad17 mse 4.2071e-02 (4.2071e-02)
Epoch: [63] Train_Loss_cls: 2.1484e-02 Train_Loss_mse: 4.2422e-02
Val_VinDrCXR_rad1: [ 0/30]	Time  7.589 ( 7.589)	Loss 7.7818e-01 (7.7818e-01)
Epoch 0063: avg_val_loss 0.31867, saving model to ./Models/swin_base_Ark_Finetune_17Rad/Ark_PlusArk_Finetune_17Rad/Ark_Finetune_17Rad/Ark_PlusArk_Finetune_17Rad
Epoch: [64][ 0/20]	Time  8.578 ( 8.578)	Loss_VinDrCXR_rad1 cls 5.6606e-03 (5.6606e-03)	Loss_VinDrCXR_rad1 mse 2.0185e-02 (2.0185e-02)
Epoch: [64] Train_Loss_cls: 2.2636e-03 Train_Loss_mse: 2.3460e-02
Epoch: [64][ 0/32]	Time  8.880 ( 8.880)	Loss_VinDrCXR_rad2 cls 1.9368e-02 (1.9368e-02)	Loss_VinDrCXR_rad2 mse 2.8505e-02 (2.8505e-02)
Epoch: [64] Train_Loss_cls: 3.8889e-03 Train_Loss_mse: 2.2147e-02
Epoch: [64][ 0/23]	Time  8.548 ( 8.548)	Loss_VinDrCXR_rad3 cls 3.5244e-04 (3.5244e-04)	Loss_VinDrCXR_rad3 mse 2.5609e-02 (2.5609e-02)
Epoch: [64] Train_Loss_cls: 2.3663e-03 Train_Loss_mse: 2.1200e-02
Epoch: [64][ 0/16]	Time  8.501 ( 8.501)	Loss_VinDrCXR_rad4 cls 1.7330e-04 (1.7330e-04)	Loss_VinDrCXR_rad4 mse 1.5462e-02 (1.5462e-02)
Epoch: [64] Train_Loss_cls: 2.2279e-03 Train_Loss_mse: 1.7711e-02
Epoch: [64][ 0/28]	Time  8.408 ( 8.408)	Loss_VinDrCXR_rad5 cls 3.2326e-04 (3.2326e-04)	Loss_VinDrCXR_rad5 mse 1.9336e-02 (1.9336e-02)
Epoch: [64] Train_Loss_cls: 3.2995e-03 Train_Loss_mse: 1.7771e-02
Epoch: [64][ 0/21]	Time  8.666 ( 8.666)	Loss_VinDrCXR_rad6 cls 3.7749e-04 (3.7749e-04)	Loss_VinDrCXR_rad6 mse 1.8574e-02 (1.8574e-02)
Epoch: [64] Train_Loss_cls: 3.4006e-04 Train_Loss_mse: 2.0406e-02
Epoch: [64][ 0/18]	Time  8.593 ( 8.593)	Loss_VinDrCXR_rad7 cls 1.0586e-04 (1.0586e-04)	Loss_VinDrCXR_rad7 mse 1.5519e-02 (1.5519e-02)
Epoch: [64] Train_Loss_cls: 1.9458e-03 Train_Loss_mse: 2.0048e-02
Epoch: [64][ 0/66]	Time  8.789 ( 8.789)	Loss_VinDrCXR_rad8 cls 4.4856e-01 (4.4856e-01)	Loss_VinDrCXR_rad8 mse 1.9866e-01 (1.9866e-01)
Epoch: [64][50/66]	Time  0.977 ( 1.194)	Loss_VinDrCXR_rad8 cls 1.0345e-01 (1.1273e-01)	Loss_VinDrCXR_rad8 mse 2.0049e-01 (1.9535e-01)
Epoch: [64] Train_Loss_cls: 1.1024e-01 Train_Loss_mse: 1.8905e-01
Epoch: [64][ 0/62]	Time  8.678 ( 8.678)	Loss_VinDrCXR_rad9 cls 1.9318e-01 (1.9318e-01)	Loss_VinDrCXR_rad9 mse 1.7871e-01 (1.7871e-01)
Epoch: [64][50/62]	Time  0.976 ( 1.157)	Loss_VinDrCXR_rad9 cls 1.1818e-01 (1.4644e-01)	Loss_VinDrCXR_rad9 mse 1.5778e-01 (2.0589e-01)
Epoch: [64] Train_Loss_cls: 1.4708e-01 Train_Loss_mse: 2.0917e-01
Epoch: [64][ 0/65]	Time  8.758 ( 8.758)	Loss_VinDrCXR_rad10 cls 1.3843e-01 (1.3843e-01)	Loss_VinDrCXR_rad10 mse 2.7725e-01 (2.7725e-01)
Epoch: [64][50/65]	Time  0.975 ( 1.192)	Loss_VinDrCXR_rad10 cls 1.2167e-01 (1.0524e-01)	Loss_VinDrCXR_rad10 mse 2.0471e-01 (1.8266e-01)
Epoch: [64] Train_Loss_cls: 1.0713e-01 Train_Loss_mse: 1.7988e-01
Epoch: [64][ 0/16]	Time  9.240 ( 9.240)	Loss_VinDrCXR_rad11 cls 4.2886e-02 (4.2886e-02)	Loss_VinDrCXR_rad11 mse 4.6645e-02 (4.6645e-02)
Epoch: [64] Train_Loss_cls: 2.4457e-02 Train_Loss_mse: 5.5293e-02
Epoch: [64][ 0/17]	Time  8.356 ( 8.356)	Loss_VinDrCXR_rad12 cls 3.7610e-02 (3.7610e-02)	Loss_VinDrCXR_rad12 mse 6.9192e-02 (6.9192e-02)
Epoch: [64] Train_Loss_cls: 2.0936e-02 Train_Loss_mse: 5.3651e-02
Epoch: [64][ 0/17]	Time  8.626 ( 8.626)	Loss_VinDrCXR_rad13 cls 1.4730e-02 (1.4730e-02)	Loss_VinDrCXR_rad13 mse 4.2133e-02 (4.2133e-02)
Epoch: [64] Train_Loss_cls: 2.6132e-02 Train_Loss_mse: 6.3229e-02
Epoch: [64][ 0/15]	Time  8.554 ( 8.554)	Loss_VinDrCXR_rad14 cls 1.8106e-02 (1.8106e-02)	Loss_VinDrCXR_rad14 mse 3.8502e-02 (3.8502e-02)
Epoch: [64] Train_Loss_cls: 2.7209e-02 Train_Loss_mse: 5.2149e-02
Epoch: [64][ 0/17]	Time  8.291 ( 8.291)	Loss_VinDrCXR_rad15 cls 1.3067e-02 (1.3067e-02)	Loss_VinDrCXR_rad15 mse 5.2366e-02 (5.2366e-02)
Epoch: [64] Train_Loss_cls: 3.0617e-02 Train_Loss_mse: 6.0169e-02
Epoch: [64][ 0/17]	Time  8.704 ( 8.704)	Loss_VinDrCXR_rad16 cls 1.9768e-02 (1.9768e-02)	Loss_VinDrCXR_rad16 mse 4.5522e-02 (4.5522e-02)
Epoch: [64] Train_Loss_cls: 2.2625e-02 Train_Loss_mse: 5.5387e-02
Epoch: [64][0/8]	Time  8.693 ( 8.693)	Loss_VinDrCXR_rad17 cls 1.6895e-02 (1.6895e-02)	Loss_VinDrCXR_rad17 mse 2.4089e-02 (2.4089e-02)
Epoch: [64] Train_Loss_cls: 2.8849e-02 Train_Loss_mse: 3.8329e-02
Val_VinDrCXR_rad1: [ 0/30]	Time  7.136 ( 7.136)	Loss 9.5235e-01 (9.5235e-01)
Epoch 0064: avg_val_loss 0.37637, saving model to ./Models/swin_base_Ark_Finetune_17Rad/Ark_PlusArk_Finetune_17Rad/Ark_Finetune_17Rad/Ark_PlusArk_Finetune_17Rad
Epoch: [65][ 0/20]	Time  8.207 ( 8.207)	Loss_VinDrCXR_rad1 cls 6.0057e-03 (6.0057e-03)	Loss_VinDrCXR_rad1 mse 2.1085e-02 (2.1085e-02)
Epoch: [65] Train_Loss_cls: 1.4866e-03 Train_Loss_mse: 1.8550e-02
Epoch: [65][ 0/32]	Time  8.841 ( 8.841)	Loss_VinDrCXR_rad2 cls 2.3271e-04 (2.3271e-04)	Loss_VinDrCXR_rad2 mse 1.8346e-02 (1.8346e-02)
Epoch: [65] Train_Loss_cls: 3.8346e-03 Train_Loss_mse: 1.9844e-02
Epoch: [65][ 0/23]	Time  8.620 ( 8.620)	Loss_VinDrCXR_rad3 cls 1.1260e-03 (1.1260e-03)	Loss_VinDrCXR_rad3 mse 2.2835e-02 (2.2835e-02)
Epoch: [65] Train_Loss_cls: 1.2993e-03 Train_Loss_mse: 1.7980e-02
Epoch: [65][ 0/16]	Time  8.888 ( 8.888)	Loss_VinDrCXR_rad4 cls 2.3636e-04 (2.3636e-04)	Loss_VinDrCXR_rad4 mse 1.9689e-02 (1.9689e-02)
Epoch: [65] Train_Loss_cls: 2.2697e-03 Train_Loss_mse: 1.5877e-02
Epoch: [65][ 0/28]	Time  9.035 ( 9.035)	Loss_VinDrCXR_rad5 cls 4.9533e-03 (4.9533e-03)	Loss_VinDrCXR_rad5 mse 1.7379e-02 (1.7379e-02)
Epoch: [65] Train_Loss_cls: 2.0998e-03 Train_Loss_mse: 1.6630e-02
Epoch: [65][ 0/21]	Time  8.281 ( 8.281)	Loss_VinDrCXR_rad6 cls 3.5701e-04 (3.5701e-04)	Loss_VinDrCXR_rad6 mse 1.4384e-02 (1.4384e-02)
Epoch: [65] Train_Loss_cls: 4.3853e-04 Train_Loss_mse: 1.9116e-02
Epoch: [65][ 0/18]	Time  8.289 ( 8.289)	Loss_VinDrCXR_rad7 cls 1.0426e-04 (1.0426e-04)	Loss_VinDrCXR_rad7 mse 1.1974e-02 (1.1974e-02)
Epoch: [65] Train_Loss_cls: 1.7919e-03 Train_Loss_mse: 1.7692e-02
Epoch: [65][ 0/66]	Time  8.660 ( 8.660)	Loss_VinDrCXR_rad8 cls 2.6446e-01 (2.6446e-01)	Loss_VinDrCXR_rad8 mse 1.2853e-01 (1.2853e-01)
Epoch: [65][50/66]	Time  0.978 ( 1.140)	Loss_VinDrCXR_rad8 cls 1.0959e-01 (1.0074e-01)	Loss_VinDrCXR_rad8 mse 1.8266e-01 (1.9525e-01)
Epoch: [65] Train_Loss_cls: 9.9468e-02 Train_Loss_mse: 1.9028e-01
Epoch: [65][ 0/62]	Time  8.599 ( 8.599)	Loss_VinDrCXR_rad9 cls 1.6466e-01 (1.6466e-01)	Loss_VinDrCXR_rad9 mse 2.9443e-01 (2.9443e-01)
Epoch: [65][50/62]	Time  0.975 ( 1.160)	Loss_VinDrCXR_rad9 cls 1.5393e-01 (1.4695e-01)	Loss_VinDrCXR_rad9 mse 2.7188e-01 (2.0443e-01)
Epoch: [65] Train_Loss_cls: 1.4648e-01 Train_Loss_mse: 1.9929e-01
Epoch: [65][ 0/65]	Time  8.427 ( 8.427)	Loss_VinDrCXR_rad10 cls 1.0771e-01 (1.0771e-01)	Loss_VinDrCXR_rad10 mse 1.8009e-01 (1.8009e-01)
Epoch: [65][50/65]	Time  0.975 ( 1.138)	Loss_VinDrCXR_rad10 cls 1.4971e-01 (1.0917e-01)	Loss_VinDrCXR_rad10 mse 1.9074e-01 (1.8672e-01)
Epoch: [65] Train_Loss_cls: 1.0962e-01 Train_Loss_mse: 1.9437e-01
Epoch: [65][ 0/16]	Time  8.672 ( 8.672)	Loss_VinDrCXR_rad11 cls 4.6209e-02 (4.6209e-02)	Loss_VinDrCXR_rad11 mse 6.8279e-02 (6.8279e-02)
Epoch: [65] Train_Loss_cls: 2.5891e-02 Train_Loss_mse: 5.4477e-02
Epoch: [65][ 0/17]	Time  8.539 ( 8.539)	Loss_VinDrCXR_rad12 cls 1.2858e-02 (1.2858e-02)	Loss_VinDrCXR_rad12 mse 3.2158e-02 (3.2158e-02)
Epoch: [65] Train_Loss_cls: 2.3556e-02 Train_Loss_mse: 5.4142e-02
Epoch: [65][ 0/17]	Time  9.073 ( 9.073)	Loss_VinDrCXR_rad13 cls 2.1966e-02 (2.1966e-02)	Loss_VinDrCXR_rad13 mse 5.0601e-02 (5.0601e-02)
Epoch: [65] Train_Loss_cls: 2.5227e-02 Train_Loss_mse: 5.2621e-02
Epoch: [65][ 0/15]	Time  9.249 ( 9.249)	Loss_VinDrCXR_rad14 cls 4.0255e-02 (4.0255e-02)	Loss_VinDrCXR_rad14 mse 6.2422e-02 (6.2422e-02)
Epoch: [65] Train_Loss_cls: 3.2010e-02 Train_Loss_mse: 5.0206e-02
Epoch: [65][ 0/17]	Time  8.833 ( 8.833)	Loss_VinDrCXR_rad15 cls 1.6616e-02 (1.6616e-02)	Loss_VinDrCXR_rad15 mse 3.5073e-02 (3.5073e-02)
Epoch: [65] Train_Loss_cls: 3.1097e-02 Train_Loss_mse: 5.6547e-02
Epoch: [65][ 0/17]	Time  9.150 ( 9.150)	Loss_VinDrCXR_rad16 cls 1.8873e-02 (1.8873e-02)	Loss_VinDrCXR_rad16 mse 3.8128e-02 (3.8128e-02)
Epoch: [65] Train_Loss_cls: 2.1572e-02 Train_Loss_mse: 4.8620e-02
Epoch: [65][0/8]	Time  8.563 ( 8.563)	Loss_VinDrCXR_rad17 cls 3.8991e-02 (3.8991e-02)	Loss_VinDrCXR_rad17 mse 3.7220e-02 (3.7220e-02)
Epoch: [65] Train_Loss_cls: 2.5533e-02 Train_Loss_mse: 3.4808e-02
Val_VinDrCXR_rad1: [ 0/30]	Time  7.591 ( 7.591)	Loss 8.0217e-01 (8.0217e-01)
Epoch 0065: avg_val_loss 0.31847, saving model to ./Models/swin_base_Ark_Finetune_17Rad/Ark_PlusArk_Finetune_17Rad/Ark_Finetune_17Rad/Ark_PlusArk_Finetune_17Rad
Epoch: [66][ 0/20]	Time  8.061 ( 8.061)	Loss_VinDrCXR_rad1 cls 2.8118e-03 (2.8118e-03)	Loss_VinDrCXR_rad1 mse 1.6567e-02 (1.6567e-02)
Epoch: [66] Train_Loss_cls: 2.5387e-03 Train_Loss_mse: 1.8850e-02
Epoch: [66][ 0/32]	Time  8.736 ( 8.736)	Loss_VinDrCXR_rad2 cls 1.6827e-02 (1.6827e-02)	Loss_VinDrCXR_rad2 mse 1.7337e-02 (1.7337e-02)
Epoch: [66] Train_Loss_cls: 4.3289e-03 Train_Loss_mse: 2.0535e-02
Epoch: [66][ 0/23]	Time  8.283 ( 8.283)	Loss_VinDrCXR_rad3 cls 3.7856e-04 (3.7856e-04)	Loss_VinDrCXR_rad3 mse 1.5726e-02 (1.5726e-02)
Epoch: [66] Train_Loss_cls: 1.9625e-03 Train_Loss_mse: 1.8918e-02
Epoch: [66][ 0/16]	Time  8.780 ( 8.780)	Loss_VinDrCXR_rad4 cls 2.2631e-04 (2.2631e-04)	Loss_VinDrCXR_rad4 mse 1.5766e-02 (1.5766e-02)
Epoch: [66] Train_Loss_cls: 2.1902e-03 Train_Loss_mse: 1.6352e-02
Epoch: [66][ 0/28]	Time  8.613 ( 8.613)	Loss_VinDrCXR_rad5 cls 2.1546e-04 (2.1546e-04)	Loss_VinDrCXR_rad5 mse 1.5391e-02 (1.5391e-02)
Epoch: [66] Train_Loss_cls: 2.5051e-03 Train_Loss_mse: 1.6640e-02
Epoch: [66][ 0/21]	Time  8.329 ( 8.329)	Loss_VinDrCXR_rad6 cls 3.5222e-04 (3.5222e-04)	Loss_VinDrCXR_rad6 mse 1.8035e-02 (1.8035e-02)
Epoch: [66] Train_Loss_cls: 5.5287e-04 Train_Loss_mse: 1.7968e-02
Epoch: [66][ 0/18]	Time  8.542 ( 8.542)	Loss_VinDrCXR_rad7 cls 1.3152e-04 (1.3152e-04)	Loss_VinDrCXR_rad7 mse 1.4949e-02 (1.4949e-02)
Epoch: [66] Train_Loss_cls: 1.9601e-03 Train_Loss_mse: 1.6329e-02
Epoch: [66][ 0/66]	Time  8.446 ( 8.446)	Loss_VinDrCXR_rad8 cls 3.6003e-01 (3.6003e-01)	Loss_VinDrCXR_rad8 mse 1.5404e-01 (1.5404e-01)
Epoch: [66][50/66]	Time  0.977 ( 1.177)	Loss_VinDrCXR_rad8 cls 9.1859e-02 (1.0673e-01)	Loss_VinDrCXR_rad8 mse 1.4718e-01 (1.8351e-01)
Epoch: [66] Train_Loss_cls: 1.0473e-01 Train_Loss_mse: 1.8701e-01
Epoch: [66][ 0/62]	Time  8.762 ( 8.762)	Loss_VinDrCXR_rad9 cls 2.4079e-01 (2.4079e-01)	Loss_VinDrCXR_rad9 mse 1.7762e-01 (1.7762e-01)
Epoch: [66][50/62]	Time  0.976 ( 1.159)	Loss_VinDrCXR_rad9 cls 1.8529e-01 (1.4614e-01)	Loss_VinDrCXR_rad9 mse 3.1643e-01 (1.9758e-01)
Epoch: [66] Train_Loss_cls: 1.4746e-01 Train_Loss_mse: 2.0199e-01
Epoch: [66][ 0/65]	Time  8.845 ( 8.845)	Loss_VinDrCXR_rad10 cls 1.4170e-01 (1.4170e-01)	Loss_VinDrCXR_rad10 mse 1.7164e-01 (1.7164e-01)
Epoch: [66][50/65]	Time  0.976 ( 1.171)	Loss_VinDrCXR_rad10 cls 1.0338e-01 (1.0845e-01)	Loss_VinDrCXR_rad10 mse 1.3272e-01 (1.6559e-01)
Epoch: [66] Train_Loss_cls: 1.1097e-01 Train_Loss_mse: 1.7877e-01
Epoch: [66][ 0/16]	Time  8.486 ( 8.486)	Loss_VinDrCXR_rad11 cls 4.7821e-02 (4.7821e-02)	Loss_VinDrCXR_rad11 mse 1.3448e-01 (1.3448e-01)
Epoch: [66] Train_Loss_cls: 2.4573e-02 Train_Loss_mse: 5.6385e-02
Epoch: [66][ 0/17]	Time  8.838 ( 8.838)	Loss_VinDrCXR_rad12 cls 1.3455e-02 (1.3455e-02)	Loss_VinDrCXR_rad12 mse 3.8245e-02 (3.8245e-02)
Epoch: [66] Train_Loss_cls: 1.8735e-02 Train_Loss_mse: 4.5052e-02
Epoch: [66][ 0/17]	Time  8.653 ( 8.653)	Loss_VinDrCXR_rad13 cls 2.9568e-02 (2.9568e-02)	Loss_VinDrCXR_rad13 mse 3.7407e-02 (3.7407e-02)
Epoch: [66] Train_Loss_cls: 2.6267e-02 Train_Loss_mse: 5.2831e-02
Epoch: [66][ 0/15]	Time  8.655 ( 8.655)	Loss_VinDrCXR_rad14 cls 1.6904e-02 (1.6904e-02)	Loss_VinDrCXR_rad14 mse 3.8615e-02 (3.8615e-02)
Epoch: [66] Train_Loss_cls: 3.2742e-02 Train_Loss_mse: 5.6182e-02
Epoch: [66][ 0/17]	Time  8.865 ( 8.865)	Loss_VinDrCXR_rad15 cls 2.2294e-02 (2.2294e-02)	Loss_VinDrCXR_rad15 mse 2.6483e-02 (2.6483e-02)
Epoch: [66] Train_Loss_cls: 2.9498e-02 Train_Loss_mse: 4.3830e-02
Epoch: [66][ 0/17]	Time  9.189 ( 9.189)	Loss_VinDrCXR_rad16 cls 1.8398e-02 (1.8398e-02)	Loss_VinDrCXR_rad16 mse 3.4909e-02 (3.4909e-02)
Epoch: [66] Train_Loss_cls: 1.7079e-02 Train_Loss_mse: 4.4189e-02
Epoch: [66][0/8]	Time  8.453 ( 8.453)	Loss_VinDrCXR_rad17 cls 3.4014e-02 (3.4014e-02)	Loss_VinDrCXR_rad17 mse 3.0237e-02 (3.0237e-02)
Epoch: [66] Train_Loss_cls: 2.9160e-02 Train_Loss_mse: 4.1880e-02
Val_VinDrCXR_rad1: [ 0/30]	Time  7.611 ( 7.611)	Loss 9.2639e-01 (9.2639e-01)
Epoch 0066: avg_val_loss 0.35926, saving model to ./Models/swin_base_Ark_Finetune_17Rad/Ark_PlusArk_Finetune_17Rad/Ark_Finetune_17Rad/Ark_PlusArk_Finetune_17Rad
Epoch: [67][ 0/20]	Time  8.774 ( 8.774)	Loss_VinDrCXR_rad1 cls 4.9978e-03 (4.9978e-03)	Loss_VinDrCXR_rad1 mse 2.2512e-02 (2.2512e-02)
Epoch: [67] Train_Loss_cls: 1.9763e-03 Train_Loss_mse: 1.8376e-02
Epoch: [67][ 0/32]	Time  8.830 ( 8.830)	Loss_VinDrCXR_rad2 cls 3.4178e-04 (3.4178e-04)	Loss_VinDrCXR_rad2 mse 1.6220e-02 (1.6220e-02)
Epoch: [67] Train_Loss_cls: 4.5638e-03 Train_Loss_mse: 1.8987e-02
Epoch: [67][ 0/23]	Time  8.946 ( 8.946)	Loss_VinDrCXR_rad3 cls 8.7930e-04 (8.7930e-04)	Loss_VinDrCXR_rad3 mse 1.5685e-02 (1.5685e-02)
Epoch: [67] Train_Loss_cls: 1.4512e-03 Train_Loss_mse: 1.7705e-02
Epoch: [67][ 0/16]	Time  7.965 ( 7.965)	Loss_VinDrCXR_rad4 cls 7.9975e-04 (7.9975e-04)	Loss_VinDrCXR_rad4 mse 1.4770e-02 (1.4770e-02)
Epoch: [67] Train_Loss_cls: 2.1357e-03 Train_Loss_mse: 1.5139e-02
Epoch: [67][ 0/28]	Time  7.883 ( 7.883)	Loss_VinDrCXR_rad5 cls 3.5498e-04 (3.5498e-04)	Loss_VinDrCXR_rad5 mse 1.5364e-02 (1.5364e-02)
Epoch: [67] Train_Loss_cls: 2.3118e-03 Train_Loss_mse: 1.5950e-02
Epoch: [67][ 0/21]	Time  8.728 ( 8.728)	Loss_VinDrCXR_rad6 cls 5.1735e-04 (5.1735e-04)	Loss_VinDrCXR_rad6 mse 1.5333e-02 (1.5333e-02)
Epoch: [67] Train_Loss_cls: 5.5620e-04 Train_Loss_mse: 1.7722e-02
Epoch: [67][ 0/18]	Time  8.326 ( 8.326)	Loss_VinDrCXR_rad7 cls 1.0834e-04 (1.0834e-04)	Loss_VinDrCXR_rad7 mse 1.5858e-02 (1.5858e-02)
Epoch: [67] Train_Loss_cls: 2.0787e-03 Train_Loss_mse: 1.6383e-02
Epoch: [67][ 0/66]	Time  8.781 ( 8.781)	Loss_VinDrCXR_rad8 cls 4.5159e-01 (4.5159e-01)	Loss_VinDrCXR_rad8 mse 2.0163e-01 (2.0163e-01)
Epoch: [67][50/66]	Time  0.988 ( 1.144)	Loss_VinDrCXR_rad8 cls 8.4185e-02 (1.0548e-01)	Loss_VinDrCXR_rad8 mse 1.7523e-01 (2.0169e-01)
Epoch: [67] Train_Loss_cls: 1.0384e-01 Train_Loss_mse: 1.9463e-01
Epoch: [67][ 0/62]	Time  8.823 ( 8.823)	Loss_VinDrCXR_rad9 cls 2.6400e-01 (2.6400e-01)	Loss_VinDrCXR_rad9 mse 3.3078e-01 (3.3078e-01)
Epoch: [67][50/62]	Time  0.977 ( 1.173)	Loss_VinDrCXR_rad9 cls 1.2804e-01 (1.4989e-01)	Loss_VinDrCXR_rad9 mse 2.3152e-01 (2.1387e-01)
Epoch: [67] Train_Loss_cls: 1.5094e-01 Train_Loss_mse: 2.0954e-01
Epoch: [67][ 0/65]	Time  8.592 ( 8.592)	Loss_VinDrCXR_rad10 cls 1.5546e-01 (1.5546e-01)	Loss_VinDrCXR_rad10 mse 1.6077e-01 (1.6077e-01)
Epoch: [67][50/65]	Time  0.976 ( 1.174)	Loss_VinDrCXR_rad10 cls 9.7680e-02 (1.1254e-01)	Loss_VinDrCXR_rad10 mse 1.6978e-01 (1.9521e-01)
Epoch: [67] Train_Loss_cls: 1.1394e-01 Train_Loss_mse: 2.0414e-01
Epoch: [67][ 0/16]	Time  8.909 ( 8.909)	Loss_VinDrCXR_rad11 cls 2.7433e-02 (2.7433e-02)	Loss_VinDrCXR_rad11 mse 4.7277e-02 (4.7277e-02)
Epoch: [67] Train_Loss_cls: 2.0978e-02 Train_Loss_mse: 4.5862e-02
Epoch: [67][ 0/17]	Time  8.873 ( 8.873)	Loss_VinDrCXR_rad12 cls 3.8459e-03 (3.8459e-03)	Loss_VinDrCXR_rad12 mse 3.9097e-02 (3.9097e-02)
Epoch: [67] Train_Loss_cls: 1.9807e-02 Train_Loss_mse: 5.2667e-02
Epoch: [67][ 0/17]	Time  8.373 ( 8.373)	Loss_VinDrCXR_rad13 cls 6.0542e-03 (6.0542e-03)	Loss_VinDrCXR_rad13 mse 3.0841e-02 (3.0841e-02)
Epoch: [67] Train_Loss_cls: 2.7374e-02 Train_Loss_mse: 5.6426e-02
Epoch: [67][ 0/15]	Time  8.525 ( 8.525)	Loss_VinDrCXR_rad14 cls 3.5485e-02 (3.5485e-02)	Loss_VinDrCXR_rad14 mse 6.2835e-02 (6.2835e-02)
Epoch: [67] Train_Loss_cls: 2.7859e-02 Train_Loss_mse: 5.2705e-02
Epoch: [67][ 0/17]	Time  8.656 ( 8.656)	Loss_VinDrCXR_rad15 cls 2.9442e-02 (2.9442e-02)	Loss_VinDrCXR_rad15 mse 4.5849e-02 (4.5849e-02)
Epoch: [67] Train_Loss_cls: 2.7346e-02 Train_Loss_mse: 5.1448e-02
Epoch: [67][ 0/17]	Time  8.774 ( 8.774)	Loss_VinDrCXR_rad16 cls 8.7883e-03 (8.7883e-03)	Loss_VinDrCXR_rad16 mse 3.4359e-02 (3.4359e-02)
Epoch: [67] Train_Loss_cls: 1.9400e-02 Train_Loss_mse: 5.2776e-02
Epoch: [67][0/8]	Time  8.486 ( 8.486)	Loss_VinDrCXR_rad17 cls 1.2735e-02 (1.2735e-02)	Loss_VinDrCXR_rad17 mse 3.5665e-02 (3.5665e-02)
Epoch: [67] Train_Loss_cls: 2.3648e-02 Train_Loss_mse: 3.0391e-02
Val_VinDrCXR_rad1: [ 0/30]	Time  7.278 ( 7.278)	Loss 9.4005e-01 (9.4005e-01)
Epoch 0067: avg_val_loss 0.36309, saving model to ./Models/swin_base_Ark_Finetune_17Rad/Ark_PlusArk_Finetune_17Rad/Ark_Finetune_17Rad/Ark_PlusArk_Finetune_17Rad
Epoch: [68][ 0/20]	Time  8.387 ( 8.387)	Loss_VinDrCXR_rad1 cls 2.0483e-03 (2.0483e-03)	Loss_VinDrCXR_rad1 mse 1.7429e-02 (1.7429e-02)
Epoch: [68] Train_Loss_cls: 1.8652e-03 Train_Loss_mse: 1.8021e-02
Epoch: [68][ 0/32]	Time  9.447 ( 9.447)	Loss_VinDrCXR_rad2 cls 4.2921e-04 (4.2921e-04)	Loss_VinDrCXR_rad2 mse 1.6927e-02 (1.6927e-02)
Epoch: [68] Train_Loss_cls: 3.9746e-03 Train_Loss_mse: 1.7648e-02
Epoch: [68][ 0/23]	Time  8.505 ( 8.505)	Loss_VinDrCXR_rad3 cls 5.5240e-04 (5.5240e-04)	Loss_VinDrCXR_rad3 mse 1.8718e-02 (1.8718e-02)
Epoch: [68] Train_Loss_cls: 1.3321e-03 Train_Loss_mse: 1.7512e-02
Epoch: [68][ 0/16]	Time  7.990 ( 7.990)	Loss_VinDrCXR_rad4 cls 2.4222e-04 (2.4222e-04)	Loss_VinDrCXR_rad4 mse 1.3778e-02 (1.3778e-02)
Epoch: [68] Train_Loss_cls: 1.9652e-03 Train_Loss_mse: 1.4868e-02
Epoch: [68][ 0/28]	Time  8.546 ( 8.546)	Loss_VinDrCXR_rad5 cls 1.2291e-02 (1.2291e-02)	Loss_VinDrCXR_rad5 mse 1.4502e-02 (1.4502e-02)
Epoch: [68] Train_Loss_cls: 2.4032e-03 Train_Loss_mse: 1.5482e-02
Epoch: [68][ 0/21]	Time  8.424 ( 8.424)	Loss_VinDrCXR_rad6 cls 3.9839e-04 (3.9839e-04)	Loss_VinDrCXR_rad6 mse 1.5388e-02 (1.5388e-02)
Epoch: [68] Train_Loss_cls: 3.6412e-04 Train_Loss_mse: 1.7466e-02
Epoch: [68][ 0/18]	Time  8.462 ( 8.462)	Loss_VinDrCXR_rad7 cls 1.0500e-04 (1.0500e-04)	Loss_VinDrCXR_rad7 mse 1.1155e-02 (1.1155e-02)
Epoch: [68] Train_Loss_cls: 2.1991e-03 Train_Loss_mse: 1.5834e-02
Epoch: [68][ 0/66]	Time  8.337 ( 8.337)	Loss_VinDrCXR_rad8 cls 2.7974e-01 (2.7974e-01)	Loss_VinDrCXR_rad8 mse 1.6465e-01 (1.6465e-01)
Epoch: [68][50/66]	Time  1.630 ( 1.171)	Loss_VinDrCXR_rad8 cls 1.0523e-01 (1.0706e-01)	Loss_VinDrCXR_rad8 mse 1.6478e-01 (1.9390e-01)
Epoch: [68] Train_Loss_cls: 1.0236e-01 Train_Loss_mse: 1.8085e-01
Epoch: [68][ 0/62]	Time  8.758 ( 8.758)	Loss_VinDrCXR_rad9 cls 1.4482e-01 (1.4482e-01)	Loss_VinDrCXR_rad9 mse 1.8359e-01 (1.8359e-01)
Epoch: [68][50/62]	Time  0.975 ( 1.167)	Loss_VinDrCXR_rad9 cls 1.5467e-01 (1.4615e-01)	Loss_VinDrCXR_rad9 mse 1.1308e-01 (1.8485e-01)
Epoch: [68] Train_Loss_cls: 1.4419e-01 Train_Loss_mse: 1.8020e-01
Epoch: [68][ 0/65]	Time  8.980 ( 8.980)	Loss_VinDrCXR_rad10 cls 1.2465e-01 (1.2465e-01)	Loss_VinDrCXR_rad10 mse 1.9893e-01 (1.9893e-01)
Epoch: [68][50/65]	Time  0.975 ( 1.205)	Loss_VinDrCXR_rad10 cls 1.2487e-01 (1.0788e-01)	Loss_VinDrCXR_rad10 mse 2.4764e-01 (1.6662e-01)
Epoch: [68] Train_Loss_cls: 1.0892e-01 Train_Loss_mse: 1.7256e-01
Epoch: [68][ 0/16]	Time  9.177 ( 9.177)	Loss_VinDrCXR_rad11 cls 5.5873e-02 (5.5873e-02)	Loss_VinDrCXR_rad11 mse 5.6381e-02 (5.6381e-02)
Epoch: [68] Train_Loss_cls: 2.5232e-02 Train_Loss_mse: 4.5865e-02
Epoch: [68][ 0/17]	Time  8.480 ( 8.480)	Loss_VinDrCXR_rad12 cls 7.3209e-03 (7.3209e-03)	Loss_VinDrCXR_rad12 mse 3.5212e-02 (3.5212e-02)
Epoch: [68] Train_Loss_cls: 2.0274e-02 Train_Loss_mse: 4.8700e-02
Epoch: [68][ 0/17]	Time  9.475 ( 9.475)	Loss_VinDrCXR_rad13 cls 3.5150e-02 (3.5150e-02)	Loss_VinDrCXR_rad13 mse 4.0168e-02 (4.0168e-02)
Epoch: [68] Train_Loss_cls: 2.4715e-02 Train_Loss_mse: 5.3349e-02
Epoch: [68][ 0/15]	Time  8.770 ( 8.770)	Loss_VinDrCXR_rad14 cls 6.2505e-03 (6.2505e-03)	Loss_VinDrCXR_rad14 mse 3.0253e-02 (3.0253e-02)
Epoch: [68] Train_Loss_cls: 3.2181e-02 Train_Loss_mse: 4.4608e-02
Epoch: [68][ 0/17]	Time  8.225 ( 8.225)	Loss_VinDrCXR_rad15 cls 3.1685e-02 (3.1685e-02)	Loss_VinDrCXR_rad15 mse 4.8395e-02 (4.8395e-02)
Epoch: [68] Train_Loss_cls: 2.8473e-02 Train_Loss_mse: 4.3621e-02
Epoch: [68][ 0/17]	Time  8.349 ( 8.349)	Loss_VinDrCXR_rad16 cls 1.4205e-02 (1.4205e-02)	Loss_VinDrCXR_rad16 mse 3.1517e-02 (3.1517e-02)
Epoch: [68] Train_Loss_cls: 1.9442e-02 Train_Loss_mse: 4.2862e-02
Epoch: [68][0/8]	Time  8.576 ( 8.576)	Loss_VinDrCXR_rad17 cls 2.7660e-02 (2.7660e-02)	Loss_VinDrCXR_rad17 mse 2.8251e-02 (2.8251e-02)
Epoch: [68] Train_Loss_cls: 2.3323e-02 Train_Loss_mse: 2.8006e-02
Val_VinDrCXR_rad1: [ 0/30]	Time  7.443 ( 7.443)	Loss 8.8100e-01 (8.8100e-01)
Epoch 0068: avg_val_loss 0.34105, saving model to ./Models/swin_base_Ark_Finetune_17Rad/Ark_PlusArk_Finetune_17Rad/Ark_Finetune_17Rad/Ark_PlusArk_Finetune_17Rad
Epoch: [69][ 0/20]	Time  8.534 ( 8.534)	Loss_VinDrCXR_rad1 cls 1.9470e-03 (1.9470e-03)	Loss_VinDrCXR_rad1 mse 1.7723e-02 (1.7723e-02)
Epoch: [69] Train_Loss_cls: 2.3111e-03 Train_Loss_mse: 1.6070e-02
Epoch: [69][ 0/32]	Time  8.723 ( 8.723)	Loss_VinDrCXR_rad2 cls 3.0758e-02 (3.0758e-02)	Loss_VinDrCXR_rad2 mse 1.5172e-02 (1.5172e-02)
Epoch: [69] Train_Loss_cls: 3.8125e-03 Train_Loss_mse: 1.7237e-02
Epoch: [69][ 0/23]	Time  8.288 ( 8.288)	Loss_VinDrCXR_rad3 cls 3.9712e-04 (3.9712e-04)	Loss_VinDrCXR_rad3 mse 1.9966e-02 (1.9966e-02)
Epoch: [69] Train_Loss_cls: 1.6808e-03 Train_Loss_mse: 1.7205e-02
Epoch: [69][ 0/16]	Time  8.864 ( 8.864)	Loss_VinDrCXR_rad4 cls 1.3887e-02 (1.3887e-02)	Loss_VinDrCXR_rad4 mse 1.4482e-02 (1.4482e-02)
Epoch: [69] Train_Loss_cls: 2.0059e-03 Train_Loss_mse: 1.3775e-02
Epoch: [69][ 0/28]	Time  8.088 ( 8.088)	Loss_VinDrCXR_rad5 cls 2.3410e-04 (2.3410e-04)	Loss_VinDrCXR_rad5 mse 1.6820e-02 (1.6820e-02)
Epoch: [69] Train_Loss_cls: 2.3475e-03 Train_Loss_mse: 1.4906e-02
Epoch: [69][ 0/21]	Time  8.426 ( 8.426)	Loss_VinDrCXR_rad6 cls 5.3629e-03 (5.3629e-03)	Loss_VinDrCXR_rad6 mse 1.3934e-02 (1.3934e-02)
Epoch: [69] Train_Loss_cls: 5.8334e-04 Train_Loss_mse: 1.5460e-02
Epoch: [69][ 0/18]	Time  8.879 ( 8.879)	Loss_VinDrCXR_rad7 cls 1.6028e-02 (1.6028e-02)	Loss_VinDrCXR_rad7 mse 1.5421e-02 (1.5421e-02)
Epoch: [69] Train_Loss_cls: 1.9984e-03 Train_Loss_mse: 1.5944e-02
Epoch: [69][ 0/66]	Time  8.367 ( 8.367)	Loss_VinDrCXR_rad8 cls 3.8936e-01 (3.8936e-01)	Loss_VinDrCXR_rad8 mse 1.6454e-01 (1.6454e-01)
Epoch: [69][50/66]	Time  1.185 ( 1.152)	Loss_VinDrCXR_rad8 cls 1.1006e-01 (1.0798e-01)	Loss_VinDrCXR_rad8 mse 2.5330e-01 (1.7028e-01)
Epoch: [69] Train_Loss_cls: 1.0440e-01 Train_Loss_mse: 1.7941e-01
Epoch: [69][ 0/62]	Time  9.292 ( 9.292)	Loss_VinDrCXR_rad9 cls 1.7640e-01 (1.7640e-01)	Loss_VinDrCXR_rad9 mse 2.7246e-01 (2.7246e-01)
Epoch: [69][50/62]	Time  0.975 ( 1.142)	Loss_VinDrCXR_rad9 cls 1.4506e-01 (1.4385e-01)	Loss_VinDrCXR_rad9 mse 1.1667e-01 (1.9000e-01)
Epoch: [69] Train_Loss_cls: 1.4353e-01 Train_Loss_mse: 1.8748e-01
Epoch: [69][ 0/65]	Time  8.813 ( 8.813)	Loss_VinDrCXR_rad10 cls 1.0175e-01 (1.0175e-01)	Loss_VinDrCXR_rad10 mse 2.1916e-01 (2.1916e-01)
Epoch: [69][50/65]	Time  0.975 ( 1.145)	Loss_VinDrCXR_rad10 cls 1.0520e-01 (1.0796e-01)	Loss_VinDrCXR_rad10 mse 1.4583e-01 (1.8711e-01)
Epoch: [69] Train_Loss_cls: 1.0746e-01 Train_Loss_mse: 1.8287e-01
Epoch: [69][ 0/16]	Time  9.203 ( 9.203)	Loss_VinDrCXR_rad11 cls 3.7403e-02 (3.7403e-02)	Loss_VinDrCXR_rad11 mse 3.1307e-02 (3.1307e-02)
Epoch: [69] Train_Loss_cls: 2.3731e-02 Train_Loss_mse: 5.3079e-02
Epoch: [69][ 0/17]	Time  8.985 ( 8.985)	Loss_VinDrCXR_rad12 cls 1.9522e-02 (1.9522e-02)	Loss_VinDrCXR_rad12 mse 4.7288e-02 (4.7288e-02)
Epoch: [69] Train_Loss_cls: 1.9385e-02 Train_Loss_mse: 4.0944e-02
Epoch: [69][ 0/17]	Time  8.287 ( 8.287)	Loss_VinDrCXR_rad13 cls 2.3249e-02 (2.3249e-02)	Loss_VinDrCXR_rad13 mse 5.6196e-02 (5.6196e-02)
Epoch: [69] Train_Loss_cls: 2.6037e-02 Train_Loss_mse: 4.6028e-02
Epoch: [69][ 0/15]	Time  8.573 ( 8.573)	Loss_VinDrCXR_rad14 cls 3.5307e-02 (3.5307e-02)	Loss_VinDrCXR_rad14 mse 5.3629e-02 (5.3629e-02)
Epoch: [69] Train_Loss_cls: 3.0262e-02 Train_Loss_mse: 4.5689e-02
Epoch: [69][ 0/17]	Time  8.342 ( 8.342)	Loss_VinDrCXR_rad15 cls 2.2588e-02 (2.2588e-02)	Loss_VinDrCXR_rad15 mse 6.3328e-02 (6.3328e-02)
Epoch: [69] Train_Loss_cls: 2.6828e-02 Train_Loss_mse: 3.8510e-02
Epoch: [69][ 0/17]	Time  8.848 ( 8.848)	Loss_VinDrCXR_rad16 cls 1.5527e-02 (1.5527e-02)	Loss_VinDrCXR_rad16 mse 3.4098e-02 (3.4098e-02)
Epoch: [69] Train_Loss_cls: 1.8475e-02 Train_Loss_mse: 4.0986e-02
Epoch: [69][0/8]	Time  8.592 ( 8.592)	Loss_VinDrCXR_rad17 cls 1.2563e-02 (1.2563e-02)	Loss_VinDrCXR_rad17 mse 2.3678e-02 (2.3678e-02)
Epoch: [69] Train_Loss_cls: 2.3982e-02 Train_Loss_mse: 2.8673e-02
Val_VinDrCXR_rad1: [ 0/30]	Time  7.292 ( 7.292)	Loss 8.4973e-01 (8.4973e-01)
Epoch 0069: avg_val_loss 0.33237, saving model to ./Models/swin_base_Ark_Finetune_17Rad/Ark_PlusArk_Finetune_17Rad/Ark_Finetune_17Rad/Ark_PlusArk_Finetune_17Rad
Epoch: [70][ 0/20]	Time  8.471 ( 8.471)	Loss_VinDrCXR_rad1 cls 2.8595e-03 (2.8595e-03)	Loss_VinDrCXR_rad1 mse 1.3422e-02 (1.3422e-02)
Epoch: [70] Train_Loss_cls: 2.0142e-03 Train_Loss_mse: 1.5900e-02
Epoch: [70][ 0/32]	Time  8.877 ( 8.877)	Loss_VinDrCXR_rad2 cls 5.2878e-04 (5.2878e-04)	Loss_VinDrCXR_rad2 mse 1.9226e-02 (1.9226e-02)
Epoch: [70] Train_Loss_cls: 3.8176e-03 Train_Loss_mse: 1.7581e-02
Epoch: [70][ 0/23]	Time  8.171 ( 8.171)	Loss_VinDrCXR_rad3 cls 1.2875e-02 (1.2875e-02)	Loss_VinDrCXR_rad3 mse 5.1191e-02 (5.1191e-02)
Epoch: [70] Train_Loss_cls: 1.0925e-03 Train_Loss_mse: 1.8189e-02
Epoch: [70][ 0/16]	Time  8.760 ( 8.760)	Loss_VinDrCXR_rad4 cls 1.4856e-04 (1.4856e-04)	Loss_VinDrCXR_rad4 mse 1.4780e-02 (1.4780e-02)
Epoch: [70] Train_Loss_cls: 2.3208e-03 Train_Loss_mse: 1.5478e-02
Epoch: [70][ 0/28]	Time  8.330 ( 8.330)	Loss_VinDrCXR_rad5 cls 2.3672e-04 (2.3672e-04)	Loss_VinDrCXR_rad5 mse 1.7100e-02 (1.7100e-02)
Epoch: [70] Train_Loss_cls: 1.8652e-03 Train_Loss_mse: 1.4476e-02
Epoch: [70][ 0/21]	Time  8.253 ( 8.253)	Loss_VinDrCXR_rad6 cls 2.8581e-04 (2.8581e-04)	Loss_VinDrCXR_rad6 mse 1.5508e-02 (1.5508e-02)
Epoch: [70] Train_Loss_cls: 4.1255e-04 Train_Loss_mse: 1.5331e-02
Epoch: [70][ 0/18]	Time  8.628 ( 8.628)	Loss_VinDrCXR_rad7 cls 1.7163e-04 (1.7163e-04)	Loss_VinDrCXR_rad7 mse 1.4596e-02 (1.4596e-02)
Epoch: [70] Train_Loss_cls: 1.9274e-03 Train_Loss_mse: 1.4203e-02
Epoch: [70][ 0/66]	Time  8.922 ( 8.922)	Loss_VinDrCXR_rad8 cls 2.9057e-01 (2.9057e-01)	Loss_VinDrCXR_rad8 mse 1.3473e-01 (1.3473e-01)
Epoch: [70][50/66]	Time  0.975 ( 1.190)	Loss_VinDrCXR_rad8 cls 1.2636e-01 (1.0309e-01)	Loss_VinDrCXR_rad8 mse 3.9348e-01 (1.9448e-01)
Epoch: [70] Train_Loss_cls: 9.8499e-02 Train_Loss_mse: 1.8593e-01
Epoch: [70][ 0/62]	Time  8.748 ( 8.748)	Loss_VinDrCXR_rad9 cls 1.4383e-01 (1.4383e-01)	Loss_VinDrCXR_rad9 mse 1.6983e-01 (1.6983e-01)
Epoch: [70][50/62]	Time  0.975 ( 1.202)	Loss_VinDrCXR_rad9 cls 1.6100e-01 (1.4254e-01)	Loss_VinDrCXR_rad9 mse 1.6352e-01 (1.9482e-01)
Epoch: [70] Train_Loss_cls: 1.4399e-01 Train_Loss_mse: 1.8957e-01
Epoch: [70][ 0/65]	Time  8.190 ( 8.190)	Loss_VinDrCXR_rad10 cls 1.1209e-01 (1.1209e-01)	Loss_VinDrCXR_rad10 mse 3.2165e-01 (3.2165e-01)
Epoch: [70][50/65]	Time  0.975 ( 1.182)	Loss_VinDrCXR_rad10 cls 1.0527e-01 (1.0868e-01)	Loss_VinDrCXR_rad10 mse 1.1080e-01 (1.7699e-01)
Epoch: [70] Train_Loss_cls: 1.0899e-01 Train_Loss_mse: 1.7452e-01
Epoch: [70][ 0/16]	Time  8.652 ( 8.652)	Loss_VinDrCXR_rad11 cls 4.5903e-02 (4.5903e-02)	Loss_VinDrCXR_rad11 mse 4.1982e-02 (4.1982e-02)
Epoch: [70] Train_Loss_cls: 2.3290e-02 Train_Loss_mse: 4.8122e-02
Epoch: [70][ 0/17]	Time  9.715 ( 9.715)	Loss_VinDrCXR_rad12 cls 2.1659e-02 (2.1659e-02)	Loss_VinDrCXR_rad12 mse 5.1311e-02 (5.1311e-02)
Epoch: [70] Train_Loss_cls: 2.0510e-02 Train_Loss_mse: 4.0659e-02
Epoch: [70][ 0/17]	Time  8.942 ( 8.942)	Loss_VinDrCXR_rad13 cls 2.8358e-02 (2.8358e-02)	Loss_VinDrCXR_rad13 mse 4.2032e-02 (4.2032e-02)
Epoch: [70] Train_Loss_cls: 2.3980e-02 Train_Loss_mse: 4.4613e-02
Epoch: [70][ 0/15]	Time  8.432 ( 8.432)	Loss_VinDrCXR_rad14 cls 4.1869e-02 (4.1869e-02)	Loss_VinDrCXR_rad14 mse 4.5295e-02 (4.5295e-02)
Epoch: [70] Train_Loss_cls: 3.1756e-02 Train_Loss_mse: 5.2154e-02
Epoch: [70][ 0/17]	Time  8.319 ( 8.319)	Loss_VinDrCXR_rad15 cls 2.2264e-02 (2.2264e-02)	Loss_VinDrCXR_rad15 mse 4.3106e-02 (4.3106e-02)
Epoch: [70] Train_Loss_cls: 2.9165e-02 Train_Loss_mse: 5.3817e-02
Epoch: [70][ 0/17]	Time  8.846 ( 8.846)	Loss_VinDrCXR_rad16 cls 2.9210e-02 (2.9210e-02)	Loss_VinDrCXR_rad16 mse 8.0952e-02 (8.0952e-02)
Epoch: [70] Train_Loss_cls: 2.0242e-02 Train_Loss_mse: 4.5568e-02
Epoch: [70][0/8]	Time  8.227 ( 8.227)	Loss_VinDrCXR_rad17 cls 2.1851e-02 (2.1851e-02)	Loss_VinDrCXR_rad17 mse 4.0609e-02 (4.0609e-02)
Epoch: [70] Train_Loss_cls: 2.2679e-02 Train_Loss_mse: 2.8360e-02
Val_VinDrCXR_rad1: [ 0/30]	Time  7.253 ( 7.253)	Loss 8.7461e-01 (8.7461e-01)
Epoch 0070: avg_val_loss 0.33857, saving model to ./Models/swin_base_Ark_Finetune_17Rad/Ark_PlusArk_Finetune_17Rad/Ark_Finetune_17Rad/Ark_PlusArk_Finetune_17Rad
>>VinDrCXR_rad1 Disease = ['PE', 'Lung tumor', 'Pneumonia', 'Tuberculosis', 'Other diseases', 'No finding']
>>VinDrCXR_rad1:Student AUC = [0.987 	0.8996	0.9589	0.9558	0.8445	0.9477], 
Teacher AUC = [0.9856	0.9066	0.959 	0.9566	0.8361	0.943 ]

>>VinDrCXR_rad1: Student mAUC = 0.9323, Teacher mAUC = 0.9311
Omni-pretraining stage: 
Student meanAUC = 
[[0.9468759507134883], [0.9454261264448013], [0.9389692516963958], [0.9338567099466557], [0.9322285595158992], [0.9267613086784795], [0.9269031959521569], [0.9311978881171713], [0.9322738966995839]] 
Teacher meanAUC = 
[[0.9468759507134883], [0.9460270675389304], [0.9413547485728361], [0.9352525270339678], [0.933640160889925], [0.9253586349249475], [0.9311537710751477], [0.9326593268703175], [0.9311490937056109]]

Epoch: [71][ 0/20]	Time  8.281 ( 8.281)	Loss_VinDrCXR_rad1 cls 1.9763e-03 (1.9763e-03)	Loss_VinDrCXR_rad1 mse 1.4063e-02 (1.4063e-02)
Epoch: [71] Train_Loss_cls: 2.0473e-03 Train_Loss_mse: 1.6464e-02
Epoch: [71][ 0/32]	Time  8.857 ( 8.857)	Loss_VinDrCXR_rad2 cls 7.6057e-04 (7.6057e-04)	Loss_VinDrCXR_rad2 mse 1.8546e-02 (1.8546e-02)
Epoch: [71] Train_Loss_cls: 4.3188e-03 Train_Loss_mse: 1.8118e-02
Epoch: [71][ 0/23]	Time  9.072 ( 9.072)	Loss_VinDrCXR_rad3 cls 3.0202e-04 (3.0202e-04)	Loss_VinDrCXR_rad3 mse 1.4241e-02 (1.4241e-02)
Epoch: [71] Train_Loss_cls: 1.5675e-03 Train_Loss_mse: 1.5356e-02
Epoch: [71][ 0/16]	Time  8.568 ( 8.568)	Loss_VinDrCXR_rad4 cls 1.6869e-04 (1.6869e-04)	Loss_VinDrCXR_rad4 mse 1.1138e-02 (1.1138e-02)
Epoch: [71] Train_Loss_cls: 2.1694e-03 Train_Loss_mse: 1.3223e-02
Epoch: [71][ 0/28]	Time  8.631 ( 8.631)	Loss_VinDrCXR_rad5 cls 2.3575e-03 (2.3575e-03)	Loss_VinDrCXR_rad5 mse 1.2213e-02 (1.2213e-02)
Epoch: [71] Train_Loss_cls: 2.7281e-03 Train_Loss_mse: 1.3594e-02
Epoch: [71][ 0/21]	Time  8.366 ( 8.366)	Loss_VinDrCXR_rad6 cls 1.8233e-03 (1.8233e-03)	Loss_VinDrCXR_rad6 mse 1.4008e-02 (1.4008e-02)
Epoch: [71] Train_Loss_cls: 6.3705e-04 Train_Loss_mse: 1.4682e-02
Epoch: [71][ 0/18]	Time  8.520 ( 8.520)	Loss_VinDrCXR_rad7 cls 6.1628e-04 (6.1628e-04)	Loss_VinDrCXR_rad7 mse 1.4696e-02 (1.4696e-02)
Epoch: [71] Train_Loss_cls: 1.8298e-03 Train_Loss_mse: 1.5124e-02
Epoch: [71][ 0/66]	Time  8.474 ( 8.474)	Loss_VinDrCXR_rad8 cls 2.5828e-01 (2.5828e-01)	Loss_VinDrCXR_rad8 mse 1.7859e-01 (1.7859e-01)
Epoch: [71][50/66]	Time  0.975 ( 1.185)	Loss_VinDrCXR_rad8 cls 8.9497e-02 (1.0688e-01)	Loss_VinDrCXR_rad8 mse 1.6952e-01 (2.1077e-01)
Epoch: [71] Train_Loss_cls: 1.0150e-01 Train_Loss_mse: 2.0289e-01
Epoch: [71][ 0/62]	Time  8.506 ( 8.506)	Loss_VinDrCXR_rad9 cls 1.2611e-01 (1.2611e-01)	Loss_VinDrCXR_rad9 mse 1.6914e-01 (1.6914e-01)
Epoch: [71][50/62]	Time  0.977 ( 1.162)	Loss_VinDrCXR_rad9 cls 1.1446e-01 (1.4256e-01)	Loss_VinDrCXR_rad9 mse 1.6832e-01 (1.8151e-01)
Epoch: [71] Train_Loss_cls: 1.4476e-01 Train_Loss_mse: 1.8699e-01
Epoch: [71][ 0/65]	Time  8.811 ( 8.811)	Loss_VinDrCXR_rad10 cls 1.5486e-01 (1.5486e-01)	Loss_VinDrCXR_rad10 mse 1.5678e-01 (1.5678e-01)
Epoch: [71][50/65]	Time  0.976 ( 1.184)	Loss_VinDrCXR_rad10 cls 8.3068e-02 (1.0729e-01)	Loss_VinDrCXR_rad10 mse 1.1709e-01 (1.8938e-01)
Epoch: [71] Train_Loss_cls: 1.0918e-01 Train_Loss_mse: 1.9094e-01
Epoch: [71][ 0/16]	Time  8.454 ( 8.454)	Loss_VinDrCXR_rad11 cls 4.5517e-02 (4.5517e-02)	Loss_VinDrCXR_rad11 mse 6.2705e-02 (6.2705e-02)
Epoch: [71] Train_Loss_cls: 2.1900e-02 Train_Loss_mse: 3.9127e-02
Epoch: [71][ 0/17]	Time  8.465 ( 8.465)	Loss_VinDrCXR_rad12 cls 1.9048e-02 (1.9048e-02)	Loss_VinDrCXR_rad12 mse 4.8136e-02 (4.8136e-02)
Epoch: [71] Train_Loss_cls: 2.1423e-02 Train_Loss_mse: 4.0760e-02
Epoch: [71][ 0/17]	Time  8.306 ( 8.306)	Loss_VinDrCXR_rad13 cls 6.9068e-03 (6.9068e-03)	Loss_VinDrCXR_rad13 mse 3.6123e-02 (3.6123e-02)
Epoch: [71] Train_Loss_cls: 2.5228e-02 Train_Loss_mse: 3.9366e-02
Epoch: [71][ 0/15]	Time  8.759 ( 8.759)	Loss_VinDrCXR_rad14 cls 3.4131e-02 (3.4131e-02)	Loss_VinDrCXR_rad14 mse 3.1028e-02 (3.1028e-02)
Epoch: [71] Train_Loss_cls: 3.0554e-02 Train_Loss_mse: 4.7191e-02
Epoch: [71][ 0/17]	Time  8.719 ( 8.719)	Loss_VinDrCXR_rad15 cls 4.5642e-02 (4.5642e-02)	Loss_VinDrCXR_rad15 mse 1.2100e-01 (1.2100e-01)
Epoch: [71] Train_Loss_cls: 2.6522e-02 Train_Loss_mse: 4.1322e-02
Epoch: [71][ 0/17]	Time  8.521 ( 8.521)	Loss_VinDrCXR_rad16 cls 3.7567e-02 (3.7567e-02)	Loss_VinDrCXR_rad16 mse 4.9089e-02 (4.9089e-02)
Epoch: [71] Train_Loss_cls: 1.9058e-02 Train_Loss_mse: 4.8007e-02
Epoch: [71][0/8]	Time  8.613 ( 8.613)	Loss_VinDrCXR_rad17 cls 1.6720e-02 (1.6720e-02)	Loss_VinDrCXR_rad17 mse 1.7546e-02 (1.7546e-02)
Epoch: [71] Train_Loss_cls: 2.0495e-02 Train_Loss_mse: 2.3117e-02
Val_VinDrCXR_rad1: [ 0/30]	Time  7.193 ( 7.193)	Loss 9.4329e-01 (9.4329e-01)
Epoch 0071: avg_val_loss 0.36645, saving model to ./Models/swin_base_Ark_Finetune_17Rad/Ark_PlusArk_Finetune_17Rad/Ark_Finetune_17Rad/Ark_PlusArk_Finetune_17Rad
Epoch: [72][ 0/20]	Time  8.572 ( 8.572)	Loss_VinDrCXR_rad1 cls 3.9280e-03 (3.9280e-03)	Loss_VinDrCXR_rad1 mse 1.7173e-02 (1.7173e-02)
Epoch: [72] Train_Loss_cls: 1.4869e-03 Train_Loss_mse: 1.7092e-02
Epoch: [72][ 0/32]	Time  8.848 ( 8.848)	Loss_VinDrCXR_rad2 cls 1.7314e-03 (1.7314e-03)	Loss_VinDrCXR_rad2 mse 2.7290e-02 (2.7290e-02)
Epoch: [72] Train_Loss_cls: 4.2493e-03 Train_Loss_mse: 1.9099e-02
Epoch: [72][ 0/23]	Time  8.823 ( 8.823)	Loss_VinDrCXR_rad3 cls 6.2700e-04 (6.2700e-04)	Loss_VinDrCXR_rad3 mse 1.4530e-02 (1.4530e-02)
Epoch: [72] Train_Loss_cls: 1.2815e-03 Train_Loss_mse: 1.5287e-02
Epoch: [72][ 0/16]	Time  8.483 ( 8.483)	Loss_VinDrCXR_rad4 cls 2.6172e-04 (2.6172e-04)	Loss_VinDrCXR_rad4 mse 1.3168e-02 (1.3168e-02)
Epoch: [72] Train_Loss_cls: 2.0720e-03 Train_Loss_mse: 1.2073e-02
Epoch: [72][ 0/28]	Time  8.355 ( 8.355)	Loss_VinDrCXR_rad5 cls 3.0614e-04 (3.0614e-04)	Loss_VinDrCXR_rad5 mse 1.8299e-02 (1.8299e-02)
Epoch: [72] Train_Loss_cls: 3.3513e-03 Train_Loss_mse: 1.4393e-02
Epoch: [72][ 0/21]	Time  8.212 ( 8.212)	Loss_VinDrCXR_rad6 cls 5.0355e-04 (5.0355e-04)	Loss_VinDrCXR_rad6 mse 1.0055e-02 (1.0055e-02)
Epoch: [72] Train_Loss_cls: 6.2013e-04 Train_Loss_mse: 1.5336e-02
Epoch: [72][ 0/18]	Time  8.615 ( 8.615)	Loss_VinDrCXR_rad7 cls 5.2115e-04 (5.2115e-04)	Loss_VinDrCXR_rad7 mse 1.5539e-02 (1.5539e-02)
Epoch: [72] Train_Loss_cls: 2.0350e-03 Train_Loss_mse: 1.5037e-02
Epoch: [72][ 0/66]	Time  8.141 ( 8.141)	Loss_VinDrCXR_rad8 cls 2.7102e-01 (2.7102e-01)	Loss_VinDrCXR_rad8 mse 1.8688e-01 (1.8688e-01)
Epoch: [72][50/66]	Time  0.976 ( 1.140)	Loss_VinDrCXR_rad8 cls 8.1471e-02 (1.0371e-01)	Loss_VinDrCXR_rad8 mse 2.4422e-01 (1.8587e-01)
Epoch: [72] Train_Loss_cls: 1.0067e-01 Train_Loss_mse: 1.8846e-01
Epoch: [72][ 0/62]	Time  8.585 ( 8.585)	Loss_VinDrCXR_rad9 cls 2.1125e-01 (2.1125e-01)	Loss_VinDrCXR_rad9 mse 1.4239e-01 (1.4239e-01)
Epoch: [72][50/62]	Time  0.975 ( 1.188)	Loss_VinDrCXR_rad9 cls 1.4204e-01 (1.4560e-01)	Loss_VinDrCXR_rad9 mse 1.5912e-01 (1.9292e-01)
Epoch: [72] Train_Loss_cls: 1.4493e-01 Train_Loss_mse: 1.9055e-01
Epoch: [72][ 0/65]	Time  8.515 ( 8.515)	Loss_VinDrCXR_rad10 cls 9.4006e-02 (9.4006e-02)	Loss_VinDrCXR_rad10 mse 1.0124e-01 (1.0124e-01)
Epoch: [72][50/65]	Time  0.975 ( 1.172)	Loss_VinDrCXR_rad10 cls 1.3459e-01 (1.1204e-01)	Loss_VinDrCXR_rad10 mse 1.6629e-01 (1.7986e-01)
Epoch: [72] Train_Loss_cls: 1.0827e-01 Train_Loss_mse: 1.7481e-01
Epoch: [72][ 0/16]	Time  8.639 ( 8.639)	Loss_VinDrCXR_rad11 cls 1.8090e-02 (1.8090e-02)	Loss_VinDrCXR_rad11 mse 2.9483e-02 (2.9483e-02)
Epoch: [72] Train_Loss_cls: 2.0753e-02 Train_Loss_mse: 4.1818e-02
Epoch: [72][ 0/17]	Time  8.866 ( 8.866)	Loss_VinDrCXR_rad12 cls 4.8687e-02 (4.8687e-02)	Loss_VinDrCXR_rad12 mse 5.6794e-02 (5.6794e-02)
Epoch: [72] Train_Loss_cls: 2.0791e-02 Train_Loss_mse: 4.4309e-02
Epoch: [72][ 0/17]	Time  8.544 ( 8.544)	Loss_VinDrCXR_rad13 cls 1.9566e-02 (1.9566e-02)	Loss_VinDrCXR_rad13 mse 3.4694e-02 (3.4694e-02)
Epoch: [72] Train_Loss_cls: 2.2537e-02 Train_Loss_mse: 4.5561e-02
Epoch: [72][ 0/15]	Time  8.813 ( 8.813)	Loss_VinDrCXR_rad14 cls 4.4903e-02 (4.4903e-02)	Loss_VinDrCXR_rad14 mse 5.1167e-02 (5.1167e-02)
Epoch: [72] Train_Loss_cls: 3.3168e-02 Train_Loss_mse: 5.3418e-02
Epoch: [72][ 0/17]	Time  8.451 ( 8.451)	Loss_VinDrCXR_rad15 cls 3.9695e-02 (3.9695e-02)	Loss_VinDrCXR_rad15 mse 4.7621e-02 (4.7621e-02)
Epoch: [72] Train_Loss_cls: 2.7617e-02 Train_Loss_mse: 5.0196e-02
Epoch: [72][ 0/17]	Time  8.808 ( 8.808)	Loss_VinDrCXR_rad16 cls 1.3750e-02 (1.3750e-02)	Loss_VinDrCXR_rad16 mse 2.3964e-02 (2.3964e-02)
Epoch: [72] Train_Loss_cls: 1.6746e-02 Train_Loss_mse: 4.1868e-02
Epoch: [72][0/8]	Time  8.727 ( 8.727)	Loss_VinDrCXR_rad17 cls 1.8874e-02 (1.8874e-02)	Loss_VinDrCXR_rad17 mse 2.8009e-02 (2.8009e-02)
Epoch: [72] Train_Loss_cls: 2.3296e-02 Train_Loss_mse: 3.0010e-02
Val_VinDrCXR_rad1: [ 0/30]	Time  7.969 ( 7.969)	Loss 8.1110e-01 (8.1110e-01)
Epoch 0072: avg_val_loss 0.32190, saving model to ./Models/swin_base_Ark_Finetune_17Rad/Ark_PlusArk_Finetune_17Rad/Ark_Finetune_17Rad/Ark_PlusArk_Finetune_17Rad
Epoch: [73][ 0/20]	Time  8.035 ( 8.035)	Loss_VinDrCXR_rad1 cls 4.0725e-03 (4.0725e-03)	Loss_VinDrCXR_rad1 mse 1.9902e-02 (1.9902e-02)
Epoch: [73] Train_Loss_cls: 2.2682e-03 Train_Loss_mse: 1.6092e-02
Epoch: [73][ 0/32]	Time  8.620 ( 8.620)	Loss_VinDrCXR_rad2 cls 1.4085e-02 (1.4085e-02)	Loss_VinDrCXR_rad2 mse 1.5114e-02 (1.5114e-02)
Epoch: [73] Train_Loss_cls: 4.2643e-03 Train_Loss_mse: 1.5878e-02
Epoch: [73][ 0/23]	Time  8.342 ( 8.342)	Loss_VinDrCXR_rad3 cls 6.5741e-04 (6.5741e-04)	Loss_VinDrCXR_rad3 mse 1.6468e-02 (1.6468e-02)
Epoch: [73] Train_Loss_cls: 1.3180e-03 Train_Loss_mse: 1.5158e-02
Epoch: [73][ 0/16]	Time  8.588 ( 8.588)	Loss_VinDrCXR_rad4 cls 1.3985e-04 (1.3985e-04)	Loss_VinDrCXR_rad4 mse 1.0911e-02 (1.0911e-02)
Epoch: [73] Train_Loss_cls: 2.2505e-03 Train_Loss_mse: 1.1659e-02
Epoch: [73][ 0/28]	Time  8.421 ( 8.421)	Loss_VinDrCXR_rad5 cls 1.3223e-02 (1.3223e-02)	Loss_VinDrCXR_rad5 mse 1.6970e-02 (1.6970e-02)
Epoch: [73] Train_Loss_cls: 2.5050e-03 Train_Loss_mse: 1.4213e-02
Epoch: [73][ 0/21]	Time  8.741 ( 8.741)	Loss_VinDrCXR_rad6 cls 5.0893e-04 (5.0893e-04)	Loss_VinDrCXR_rad6 mse 1.4194e-02 (1.4194e-02)
Epoch: [73] Train_Loss_cls: 5.0207e-04 Train_Loss_mse: 1.5041e-02
Epoch: [73][ 0/18]	Time  8.200 ( 8.200)	Loss_VinDrCXR_rad7 cls 1.9114e-04 (1.9114e-04)	Loss_VinDrCXR_rad7 mse 1.3786e-02 (1.3786e-02)
Epoch: [73] Train_Loss_cls: 1.9500e-03 Train_Loss_mse: 1.3710e-02
Epoch: [73][ 0/66]	Time  8.979 ( 8.979)	Loss_VinDrCXR_rad8 cls 2.7966e-01 (2.7966e-01)	Loss_VinDrCXR_rad8 mse 1.2158e-01 (1.2158e-01)
Epoch: [73][50/66]	Time  0.978 ( 1.181)	Loss_VinDrCXR_rad8 cls 7.7262e-02 (1.0154e-01)	Loss_VinDrCXR_rad8 mse 1.7800e-01 (1.7750e-01)
Epoch: [73] Train_Loss_cls: 1.0138e-01 Train_Loss_mse: 1.8435e-01
Epoch: [73][ 0/62]	Time  8.862 ( 8.862)	Loss_VinDrCXR_rad9 cls 1.3380e-01 (1.3380e-01)	Loss_VinDrCXR_rad9 mse 1.5496e-01 (1.5496e-01)
Epoch: [73][50/62]	Time  0.975 ( 1.152)	Loss_VinDrCXR_rad9 cls 1.4524e-01 (1.4414e-01)	Loss_VinDrCXR_rad9 mse 1.8260e-01 (1.9200e-01)
Epoch: [73] Train_Loss_cls: 1.4515e-01 Train_Loss_mse: 1.9565e-01
Epoch: [73][ 0/65]	Time  8.955 ( 8.955)	Loss_VinDrCXR_rad10 cls 1.0457e-01 (1.0457e-01)	Loss_VinDrCXR_rad10 mse 1.8757e-01 (1.8757e-01)
Epoch: [73][50/65]	Time  0.975 ( 1.166)	Loss_VinDrCXR_rad10 cls 8.3911e-02 (1.0938e-01)	Loss_VinDrCXR_rad10 mse 1.4864e-01 (1.8227e-01)
Epoch: [73] Train_Loss_cls: 1.0882e-01 Train_Loss_mse: 1.8877e-01
Epoch: [73][ 0/16]	Time  9.060 ( 9.060)	Loss_VinDrCXR_rad11 cls 4.0484e-02 (4.0484e-02)	Loss_VinDrCXR_rad11 mse 3.8011e-02 (3.8011e-02)
Epoch: [73] Train_Loss_cls: 2.4909e-02 Train_Loss_mse: 4.2017e-02
Epoch: [73][ 0/17]	Time  8.811 ( 8.811)	Loss_VinDrCXR_rad12 cls 2.0330e-02 (2.0330e-02)	Loss_VinDrCXR_rad12 mse 2.4936e-02 (2.4936e-02)
Epoch: [73] Train_Loss_cls: 2.2631e-02 Train_Loss_mse: 4.0688e-02
Epoch: [73][ 0/17]	Time  8.457 ( 8.457)	Loss_VinDrCXR_rad13 cls 1.2099e-02 (1.2099e-02)	Loss_VinDrCXR_rad13 mse 2.4311e-02 (2.4311e-02)
Epoch: [73] Train_Loss_cls: 2.3202e-02 Train_Loss_mse: 3.9900e-02
Epoch: [73][ 0/15]	Time  8.760 ( 8.760)	Loss_VinDrCXR_rad14 cls 1.9320e-02 (1.9320e-02)	Loss_VinDrCXR_rad14 mse 2.4791e-02 (2.4791e-02)
Epoch: [73] Train_Loss_cls: 3.0890e-02 Train_Loss_mse: 4.4431e-02
Epoch: [73][ 0/17]	Time  8.665 ( 8.665)	Loss_VinDrCXR_rad15 cls 3.1078e-02 (3.1078e-02)	Loss_VinDrCXR_rad15 mse 4.1369e-02 (4.1369e-02)
Epoch: [73] Train_Loss_cls: 2.8716e-02 Train_Loss_mse: 3.9105e-02
Epoch: [73][ 0/17]	Time  8.220 ( 8.220)	Loss_VinDrCXR_rad16 cls 2.1087e-02 (2.1087e-02)	Loss_VinDrCXR_rad16 mse 2.8529e-02 (2.8529e-02)
Epoch: [73] Train_Loss_cls: 2.1398e-02 Train_Loss_mse: 4.2502e-02
Epoch: [73][0/8]	Time  8.475 ( 8.475)	Loss_VinDrCXR_rad17 cls 5.1041e-02 (5.1041e-02)	Loss_VinDrCXR_rad17 mse 4.3403e-02 (4.3403e-02)
Epoch: [73] Train_Loss_cls: 2.1963e-02 Train_Loss_mse: 2.9968e-02
Val_VinDrCXR_rad1: [ 0/30]	Time  7.571 ( 7.571)	Loss 9.3534e-01 (9.3534e-01)
Epoch 0073: avg_val_loss 0.36986, saving model to ./Models/swin_base_Ark_Finetune_17Rad/Ark_PlusArk_Finetune_17Rad/Ark_Finetune_17Rad/Ark_PlusArk_Finetune_17Rad
Epoch: [74][ 0/20]	Time  8.503 ( 8.503)	Loss_VinDrCXR_rad1 cls 6.3653e-04 (6.3653e-04)	Loss_VinDrCXR_rad1 mse 1.2254e-02 (1.2254e-02)
Epoch: [74] Train_Loss_cls: 1.2550e-03 Train_Loss_mse: 1.4743e-02
Epoch: [74][ 0/32]	Time  8.874 ( 8.874)	Loss_VinDrCXR_rad2 cls 7.8689e-03 (7.8689e-03)	Loss_VinDrCXR_rad2 mse 1.8737e-02 (1.8737e-02)
Epoch: [74] Train_Loss_cls: 3.9544e-03 Train_Loss_mse: 1.5164e-02
Epoch: [74][ 0/23]	Time  8.311 ( 8.311)	Loss_VinDrCXR_rad3 cls 8.6799e-04 (8.6799e-04)	Loss_VinDrCXR_rad3 mse 1.0332e-02 (1.0332e-02)
Epoch: [74] Train_Loss_cls: 1.6635e-03 Train_Loss_mse: 1.5017e-02
Epoch: [74][ 0/16]	Time  8.373 ( 8.373)	Loss_VinDrCXR_rad4 cls 3.9480e-04 (3.9480e-04)	Loss_VinDrCXR_rad4 mse 1.1689e-02 (1.1689e-02)
Epoch: [74] Train_Loss_cls: 2.1735e-03 Train_Loss_mse: 1.3323e-02
Epoch: [74][ 0/28]	Time  8.158 ( 8.158)	Loss_VinDrCXR_rad5 cls 1.7547e-04 (1.7547e-04)	Loss_VinDrCXR_rad5 mse 1.1966e-02 (1.1966e-02)
Epoch: [74] Train_Loss_cls: 2.6473e-03 Train_Loss_mse: 1.3686e-02
Epoch: [74][ 0/21]	Time  8.456 ( 8.456)	Loss_VinDrCXR_rad6 cls 5.4159e-04 (5.4159e-04)	Loss_VinDrCXR_rad6 mse 1.2324e-02 (1.2324e-02)
Epoch: [74] Train_Loss_cls: 3.6903e-04 Train_Loss_mse: 1.2462e-02
Epoch: [74][ 0/18]	Time  8.571 ( 8.571)	Loss_VinDrCXR_rad7 cls 1.2652e-04 (1.2652e-04)	Loss_VinDrCXR_rad7 mse 1.3809e-02 (1.3809e-02)
Epoch: [74] Train_Loss_cls: 2.0131e-03 Train_Loss_mse: 1.3809e-02
Epoch: [74][ 0/66]	Time  8.292 ( 8.292)	Loss_VinDrCXR_rad8 cls 4.0160e-01 (4.0160e-01)	Loss_VinDrCXR_rad8 mse 1.7781e-01 (1.7781e-01)
Epoch: [74][50/66]	Time  0.980 ( 1.155)	Loss_VinDrCXR_rad8 cls 1.0175e-01 (1.0356e-01)	Loss_VinDrCXR_rad8 mse 1.2783e-01 (1.7336e-01)
Epoch: [74] Train_Loss_cls: 9.9651e-02 Train_Loss_mse: 1.7855e-01
Epoch: [74][ 0/62]	Time  9.125 ( 9.125)	Loss_VinDrCXR_rad9 cls 2.2810e-01 (2.2810e-01)	Loss_VinDrCXR_rad9 mse 1.6108e-01 (1.6108e-01)
Epoch: [74][50/62]	Time  0.978 ( 1.203)	Loss_VinDrCXR_rad9 cls 1.3159e-01 (1.4607e-01)	Loss_VinDrCXR_rad9 mse 1.6701e-01 (2.0483e-01)
Epoch: [74] Train_Loss_cls: 1.4267e-01 Train_Loss_mse: 1.9778e-01
Epoch: [74][ 0/65]	Time  8.627 ( 8.627)	Loss_VinDrCXR_rad10 cls 1.4866e-01 (1.4866e-01)	Loss_VinDrCXR_rad10 mse 3.0393e-01 (3.0393e-01)
Epoch: [74][50/65]	Time  1.618 ( 1.192)	Loss_VinDrCXR_rad10 cls 9.8473e-02 (1.0859e-01)	Loss_VinDrCXR_rad10 mse 1.7003e-01 (2.0428e-01)
Epoch: [74] Train_Loss_cls: 1.0795e-01 Train_Loss_mse: 2.0955e-01
Epoch: [74][ 0/16]	Time  8.346 ( 8.346)	Loss_VinDrCXR_rad11 cls 5.1371e-02 (5.1371e-02)	Loss_VinDrCXR_rad11 mse 4.2633e-02 (4.2633e-02)
Epoch: [74] Train_Loss_cls: 2.4698e-02 Train_Loss_mse: 4.9249e-02
Epoch: [74][ 0/17]	Time  8.417 ( 8.417)	Loss_VinDrCXR_rad12 cls 1.4774e-02 (1.4774e-02)	Loss_VinDrCXR_rad12 mse 3.5270e-02 (3.5270e-02)
Epoch: [74] Train_Loss_cls: 1.8726e-02 Train_Loss_mse: 3.8215e-02
Epoch: [74][ 0/17]	Time  8.757 ( 8.757)	Loss_VinDrCXR_rad13 cls 9.9805e-03 (9.9805e-03)	Loss_VinDrCXR_rad13 mse 3.1225e-02 (3.1225e-02)
Epoch: [74] Train_Loss_cls: 2.7225e-02 Train_Loss_mse: 4.6759e-02
Epoch: [74][ 0/15]	Time  8.551 ( 8.551)	Loss_VinDrCXR_rad14 cls 2.5015e-02 (2.5015e-02)	Loss_VinDrCXR_rad14 mse 2.5010e-02 (2.5010e-02)
Epoch: [74] Train_Loss_cls: 3.0602e-02 Train_Loss_mse: 3.8022e-02
Epoch: [74][ 0/17]	Time  8.299 ( 8.299)	Loss_VinDrCXR_rad15 cls 3.0395e-02 (3.0395e-02)	Loss_VinDrCXR_rad15 mse 2.4089e-02 (2.4089e-02)
Epoch: [74] Train_Loss_cls: 2.8497e-02 Train_Loss_mse: 4.2805e-02
Epoch: [74][ 0/17]	Time  8.521 ( 8.521)	Loss_VinDrCXR_rad16 cls 1.8710e-02 (1.8710e-02)	Loss_VinDrCXR_rad16 mse 5.3429e-02 (5.3429e-02)
Epoch: [74] Train_Loss_cls: 2.0037e-02 Train_Loss_mse: 4.0854e-02
Epoch: [74][0/8]	Time  8.188 ( 8.188)	Loss_VinDrCXR_rad17 cls 1.3312e-02 (1.3312e-02)	Loss_VinDrCXR_rad17 mse 1.8912e-02 (1.8912e-02)
Epoch: [74] Train_Loss_cls: 1.9528e-02 Train_Loss_mse: 2.5593e-02
Val_VinDrCXR_rad1: [ 0/30]	Time  7.270 ( 7.270)	Loss 9.5220e-01 (9.5220e-01)
Epoch 0074: avg_val_loss 0.37624, saving model to ./Models/swin_base_Ark_Finetune_17Rad/Ark_PlusArk_Finetune_17Rad/Ark_Finetune_17Rad/Ark_PlusArk_Finetune_17Rad
Epoch: [75][ 0/20]	Time  8.567 ( 8.567)	Loss_VinDrCXR_rad1 cls 6.6995e-04 (6.6995e-04)	Loss_VinDrCXR_rad1 mse 1.7622e-02 (1.7622e-02)
Epoch: [75] Train_Loss_cls: 1.2900e-03 Train_Loss_mse: 1.8706e-02
Epoch: [75][ 0/32]	Time  8.841 ( 8.841)	Loss_VinDrCXR_rad2 cls 2.7513e-04 (2.7513e-04)	Loss_VinDrCXR_rad2 mse 1.3671e-02 (1.3671e-02)
Epoch: [75] Train_Loss_cls: 3.8942e-03 Train_Loss_mse: 1.4786e-02
Epoch: [75][ 0/23]	Time  8.848 ( 8.848)	Loss_VinDrCXR_rad3 cls 6.1375e-04 (6.1375e-04)	Loss_VinDrCXR_rad3 mse 1.4002e-02 (1.4002e-02)
Epoch: [75] Train_Loss_cls: 1.1144e-03 Train_Loss_mse: 1.4112e-02
Epoch: [75][ 0/16]	Time  8.789 ( 8.789)	Loss_VinDrCXR_rad4 cls 1.2199e-02 (1.2199e-02)	Loss_VinDrCXR_rad4 mse 1.0270e-02 (1.0270e-02)
Epoch: [75] Train_Loss_cls: 1.9104e-03 Train_Loss_mse: 1.1257e-02
Epoch: [75][ 0/28]	Time  8.065 ( 8.065)	Loss_VinDrCXR_rad5 cls 2.3070e-04 (2.3070e-04)	Loss_VinDrCXR_rad5 mse 1.3185e-02 (1.3185e-02)
Epoch: [75] Train_Loss_cls: 2.5971e-03 Train_Loss_mse: 1.3230e-02
Epoch: [75][ 0/21]	Time  8.415 ( 8.415)	Loss_VinDrCXR_rad6 cls 3.2463e-04 (3.2463e-04)	Loss_VinDrCXR_rad6 mse 9.4035e-03 (9.4035e-03)
Epoch: [75] Train_Loss_cls: 5.1114e-04 Train_Loss_mse: 1.2635e-02
Epoch: [75][ 0/18]	Time  8.913 ( 8.913)	Loss_VinDrCXR_rad7 cls 1.1753e-04 (1.1753e-04)	Loss_VinDrCXR_rad7 mse 1.4056e-02 (1.4056e-02)
Epoch: [75] Train_Loss_cls: 2.1599e-03 Train_Loss_mse: 1.2576e-02
Epoch: [75][ 0/66]	Time  8.818 ( 8.818)	Loss_VinDrCXR_rad8 cls 4.4777e-01 (4.4777e-01)	Loss_VinDrCXR_rad8 mse 1.0397e-01 (1.0397e-01)
Epoch: [75][50/66]	Time  0.977 ( 1.148)	Loss_VinDrCXR_rad8 cls 8.6342e-02 (1.0452e-01)	Loss_VinDrCXR_rad8 mse 1.3493e-01 (2.0489e-01)
Epoch: [75] Train_Loss_cls: 1.0054e-01 Train_Loss_mse: 2.0763e-01
Epoch: [75][ 0/62]	Time  8.634 ( 8.634)	Loss_VinDrCXR_rad9 cls 2.0021e-01 (2.0021e-01)	Loss_VinDrCXR_rad9 mse 2.2368e-01 (2.2368e-01)
Epoch: [75][50/62]	Time  0.979 ( 1.155)	Loss_VinDrCXR_rad9 cls 1.5281e-01 (1.4640e-01)	Loss_VinDrCXR_rad9 mse 1.9932e-01 (2.1923e-01)
Epoch: [75] Train_Loss_cls: 1.4587e-01 Train_Loss_mse: 2.1407e-01
Epoch: [75][ 0/65]	Time  8.488 ( 8.488)	Loss_VinDrCXR_rad10 cls 1.1527e-01 (1.1527e-01)	Loss_VinDrCXR_rad10 mse 1.6693e-01 (1.6693e-01)
Epoch: [75][50/65]	Time  0.975 ( 1.180)	Loss_VinDrCXR_rad10 cls 1.3125e-01 (1.1072e-01)	Loss_VinDrCXR_rad10 mse 2.2666e-01 (1.9815e-01)
Epoch: [75] Train_Loss_cls: 1.0780e-01 Train_Loss_mse: 2.0531e-01
Epoch: [75][ 0/16]	Time  9.114 ( 9.114)	Loss_VinDrCXR_rad11 cls 3.3618e-02 (3.3618e-02)	Loss_VinDrCXR_rad11 mse 3.2172e-02 (3.2172e-02)
Epoch: [75] Train_Loss_cls: 2.2269e-02 Train_Loss_mse: 5.4835e-02
Epoch: [75][ 0/17]	Time  8.882 ( 8.882)	Loss_VinDrCXR_rad12 cls 1.6989e-02 (1.6989e-02)	Loss_VinDrCXR_rad12 mse 4.2121e-02 (4.2121e-02)
Epoch: [75] Train_Loss_cls: 1.9602e-02 Train_Loss_mse: 3.8455e-02
Epoch: [75][ 0/17]	Time  8.710 ( 8.710)	Loss_VinDrCXR_rad13 cls 7.4063e-03 (7.4063e-03)	Loss_VinDrCXR_rad13 mse 2.5746e-02 (2.5746e-02)
Epoch: [75] Train_Loss_cls: 2.9140e-02 Train_Loss_mse: 4.5667e-02
Epoch: [75][ 0/15]	Time  8.726 ( 8.726)	Loss_VinDrCXR_rad14 cls 2.6440e-02 (2.6440e-02)	Loss_VinDrCXR_rad14 mse 6.0462e-02 (6.0462e-02)
Epoch: [75] Train_Loss_cls: 2.8012e-02 Train_Loss_mse: 4.8674e-02
Epoch: [75][ 0/17]	Time  8.373 ( 8.373)	Loss_VinDrCXR_rad15 cls 2.5292e-02 (2.5292e-02)	Loss_VinDrCXR_rad15 mse 3.6058e-02 (3.6058e-02)
Epoch: [75] Train_Loss_cls: 2.9539e-02 Train_Loss_mse: 5.8944e-02
Epoch: [75][ 0/17]	Time  8.233 ( 8.233)	Loss_VinDrCXR_rad16 cls 1.0601e-02 (1.0601e-02)	Loss_VinDrCXR_rad16 mse 4.1242e-02 (4.1242e-02)
Epoch: [75] Train_Loss_cls: 1.9782e-02 Train_Loss_mse: 5.0110e-02
Epoch: [75][0/8]	Time  9.283 ( 9.283)	Loss_VinDrCXR_rad17 cls 1.4462e-02 (1.4462e-02)	Loss_VinDrCXR_rad17 mse 2.1263e-02 (2.1263e-02)
Epoch: [75] Train_Loss_cls: 3.0276e-02 Train_Loss_mse: 3.1847e-02
Val_VinDrCXR_rad1: [ 0/30]	Time  7.150 ( 7.150)	Loss 8.7445e-01 (8.7445e-01)
Epoch 0075: avg_val_loss 0.34639, saving model to ./Models/swin_base_Ark_Finetune_17Rad/Ark_PlusArk_Finetune_17Rad/Ark_Finetune_17Rad/Ark_PlusArk_Finetune_17Rad
Epoch: [76][ 0/20]	Time  8.563 ( 8.563)	Loss_VinDrCXR_rad1 cls 8.9577e-04 (8.9577e-04)	Loss_VinDrCXR_rad1 mse 8.2707e-03 (8.2707e-03)
Epoch: [76] Train_Loss_cls: 1.6892e-03 Train_Loss_mse: 1.3005e-02
Epoch: [76][ 0/32]	Time  9.376 ( 9.376)	Loss_VinDrCXR_rad2 cls 9.2070e-04 (9.2070e-04)	Loss_VinDrCXR_rad2 mse 1.6813e-02 (1.6813e-02)
Epoch: [76] Train_Loss_cls: 3.9783e-03 Train_Loss_mse: 1.4505e-02
Epoch: [76][ 0/23]	Time  8.758 ( 8.758)	Loss_VinDrCXR_rad3 cls 3.9777e-03 (3.9777e-03)	Loss_VinDrCXR_rad3 mse 1.6708e-02 (1.6708e-02)
Epoch: [76] Train_Loss_cls: 6.0945e-04 Train_Loss_mse: 1.3305e-02
Epoch: [76][ 0/16]	Time  8.713 ( 8.713)	Loss_VinDrCXR_rad4 cls 1.7842e-04 (1.7842e-04)	Loss_VinDrCXR_rad4 mse 8.7562e-03 (8.7562e-03)
Epoch: [76] Train_Loss_cls: 2.0922e-03 Train_Loss_mse: 1.0925e-02
Epoch: [76][ 0/28]	Time  8.542 ( 8.542)	Loss_VinDrCXR_rad5 cls 1.9602e-04 (1.9602e-04)	Loss_VinDrCXR_rad5 mse 1.3076e-02 (1.3076e-02)
Epoch: [76] Train_Loss_cls: 2.6659e-03 Train_Loss_mse: 1.2344e-02
Epoch: [76][ 0/21]	Time  8.586 ( 8.586)	Loss_VinDrCXR_rad6 cls 5.3018e-04 (5.3018e-04)	Loss_VinDrCXR_rad6 mse 1.6582e-02 (1.6582e-02)
Epoch: [76] Train_Loss_cls: 8.6010e-04 Train_Loss_mse: 1.3948e-02
Epoch: [76][ 0/18]	Time  8.167 ( 8.167)	Loss_VinDrCXR_rad7 cls 2.3109e-04 (2.3109e-04)	Loss_VinDrCXR_rad7 mse 1.2318e-02 (1.2318e-02)
Epoch: [76] Train_Loss_cls: 2.1766e-03 Train_Loss_mse: 1.2623e-02
Epoch: [76][ 0/66]	Time  8.272 ( 8.272)	Loss_VinDrCXR_rad8 cls 4.2086e-01 (4.2086e-01)	Loss_VinDrCXR_rad8 mse 2.3330e-01 (2.3330e-01)
Epoch: [76][50/66]	Time  0.975 ( 1.141)	Loss_VinDrCXR_rad8 cls 7.9339e-02 (1.0497e-01)	Loss_VinDrCXR_rad8 mse 1.1661e-01 (2.0966e-01)
Epoch: [76] Train_Loss_cls: 1.0284e-01 Train_Loss_mse: 2.0851e-01
Epoch: [76][ 0/62]	Time  8.802 ( 8.802)	Loss_VinDrCXR_rad9 cls 1.7670e-01 (1.7670e-01)	Loss_VinDrCXR_rad9 mse 1.3698e-01 (1.3698e-01)
Epoch: [76][50/62]	Time  0.978 ( 1.151)	Loss_VinDrCXR_rad9 cls 1.3094e-01 (1.3976e-01)	Loss_VinDrCXR_rad9 mse 1.2089e-01 (1.9228e-01)
Epoch: [76] Train_Loss_cls: 1.3924e-01 Train_Loss_mse: 1.9267e-01
Epoch: [76][ 0/65]	Time  8.953 ( 8.953)	Loss_VinDrCXR_rad10 cls 1.5856e-01 (1.5856e-01)	Loss_VinDrCXR_rad10 mse 5.2121e-01 (5.2121e-01)
Epoch: [76][50/65]	Time  0.974 ( 1.174)	Loss_VinDrCXR_rad10 cls 1.0435e-01 (1.0938e-01)	Loss_VinDrCXR_rad10 mse 4.4179e-01 (2.1821e-01)
Epoch: [76] Train_Loss_cls: 1.0979e-01 Train_Loss_mse: 2.0910e-01
Epoch: [76][ 0/16]	Time  8.867 ( 8.867)	Loss_VinDrCXR_rad11 cls 1.8596e-02 (1.8596e-02)	Loss_VinDrCXR_rad11 mse 3.0927e-02 (3.0927e-02)
Epoch: [76] Train_Loss_cls: 2.2266e-02 Train_Loss_mse: 3.9116e-02
Epoch: [76][ 0/17]	Time  8.589 ( 8.589)	Loss_VinDrCXR_rad12 cls 2.6914e-02 (2.6914e-02)	Loss_VinDrCXR_rad12 mse 3.9865e-02 (3.9865e-02)
Epoch: [76] Train_Loss_cls: 1.7181e-02 Train_Loss_mse: 3.5177e-02
Epoch: [76][ 0/17]	Time  8.642 ( 8.642)	Loss_VinDrCXR_rad13 cls 4.2483e-02 (4.2483e-02)	Loss_VinDrCXR_rad13 mse 8.4907e-02 (8.4907e-02)
Epoch: [76] Train_Loss_cls: 2.5738e-02 Train_Loss_mse: 4.2334e-02
Epoch: [76][ 0/15]	Time  8.499 ( 8.499)	Loss_VinDrCXR_rad14 cls 4.2252e-02 (4.2252e-02)	Loss_VinDrCXR_rad14 mse 5.1432e-02 (5.1432e-02)
Epoch: [76] Train_Loss_cls: 2.9575e-02 Train_Loss_mse: 5.3148e-02
Epoch: [76][ 0/17]	Time  8.860 ( 8.860)	Loss_VinDrCXR_rad15 cls 1.9074e-02 (1.9074e-02)	Loss_VinDrCXR_rad15 mse 2.4389e-02 (2.4389e-02)
Epoch: [76] Train_Loss_cls: 3.0280e-02 Train_Loss_mse: 4.0880e-02
Epoch: [76][ 0/17]	Time  8.874 ( 8.874)	Loss_VinDrCXR_rad16 cls 2.2111e-02 (2.2111e-02)	Loss_VinDrCXR_rad16 mse 3.7892e-02 (3.7892e-02)
Epoch: [76] Train_Loss_cls: 1.9108e-02 Train_Loss_mse: 3.9558e-02
Epoch: [76][0/8]	Time  8.257 ( 8.257)	Loss_VinDrCXR_rad17 cls 2.1815e-02 (2.1815e-02)	Loss_VinDrCXR_rad17 mse 2.7372e-02 (2.7372e-02)
Epoch: [76] Train_Loss_cls: 2.4090e-02 Train_Loss_mse: 2.7349e-02
Val_VinDrCXR_rad1: [ 0/30]	Time  7.634 ( 7.634)	Loss 8.3134e-01 (8.3134e-01)
Epoch 0076: avg_val_loss 0.32616, saving model to ./Models/swin_base_Ark_Finetune_17Rad/Ark_PlusArk_Finetune_17Rad/Ark_Finetune_17Rad/Ark_PlusArk_Finetune_17Rad
Epoch: [77][ 0/20]	Time  8.485 ( 8.485)	Loss_VinDrCXR_rad1 cls 3.0055e-03 (3.0055e-03)	Loss_VinDrCXR_rad1 mse 1.1448e-02 (1.1448e-02)
Epoch: [77] Train_Loss_cls: 1.8982e-03 Train_Loss_mse: 1.4217e-02
Epoch: [77][ 0/32]	Time  8.738 ( 8.738)	Loss_VinDrCXR_rad2 cls 2.6401e-03 (2.6401e-03)	Loss_VinDrCXR_rad2 mse 1.3783e-02 (1.3783e-02)
Epoch: [77] Train_Loss_cls: 3.3395e-03 Train_Loss_mse: 1.3816e-02
Epoch: [77][ 0/23]	Time  8.505 ( 8.505)	Loss_VinDrCXR_rad3 cls 9.6368e-04 (9.6368e-04)	Loss_VinDrCXR_rad3 mse 1.2681e-02 (1.2681e-02)
Epoch: [77] Train_Loss_cls: 9.4041e-04 Train_Loss_mse: 1.2955e-02
Epoch: [77][ 0/16]	Time  8.260 ( 8.260)	Loss_VinDrCXR_rad4 cls 4.3115e-04 (4.3115e-04)	Loss_VinDrCXR_rad4 mse 1.1290e-02 (1.1290e-02)
Epoch: [77] Train_Loss_cls: 2.0217e-03 Train_Loss_mse: 1.2192e-02
Epoch: [77][ 0/28]	Time  8.129 ( 8.129)	Loss_VinDrCXR_rad5 cls 2.3149e-04 (2.3149e-04)	Loss_VinDrCXR_rad5 mse 1.7161e-02 (1.7161e-02)
Epoch: [77] Train_Loss_cls: 2.1615e-03 Train_Loss_mse: 1.2335e-02
Epoch: [77][ 0/21]	Time  8.099 ( 8.099)	Loss_VinDrCXR_rad6 cls 3.8812e-04 (3.8812e-04)	Loss_VinDrCXR_rad6 mse 1.1253e-02 (1.1253e-02)
Epoch: [77] Train_Loss_cls: 5.1934e-04 Train_Loss_mse: 1.2979e-02
Epoch: [77][ 0/18]	Time  9.058 ( 9.058)	Loss_VinDrCXR_rad7 cls 1.5068e-02 (1.5068e-02)	Loss_VinDrCXR_rad7 mse 1.2023e-02 (1.2023e-02)
Epoch: [77] Train_Loss_cls: 2.3621e-03 Train_Loss_mse: 1.2372e-02
Epoch: [77][ 0/66]	Time  8.410 ( 8.410)	Loss_VinDrCXR_rad8 cls 3.3448e-01 (3.3448e-01)	Loss_VinDrCXR_rad8 mse 1.2475e-01 (1.2475e-01)
Epoch: [77][50/66]	Time  0.976 ( 1.163)	Loss_VinDrCXR_rad8 cls 5.8332e-02 (1.0256e-01)	Loss_VinDrCXR_rad8 mse 1.0569e-01 (2.0400e-01)
Epoch: [77] Train_Loss_cls: 1.0278e-01 Train_Loss_mse: 1.9912e-01
Epoch: [77][ 0/62]	Time  8.486 ( 8.486)	Loss_VinDrCXR_rad9 cls 1.9174e-01 (1.9174e-01)	Loss_VinDrCXR_rad9 mse 1.6009e-01 (1.6009e-01)
Epoch: [77][50/62]	Time  0.976 ( 1.167)	Loss_VinDrCXR_rad9 cls 1.4492e-01 (1.4297e-01)	Loss_VinDrCXR_rad9 mse 2.9704e-01 (2.0963e-01)
Epoch: [77] Train_Loss_cls: 1.4351e-01 Train_Loss_mse: 2.1046e-01
Epoch: [77][ 0/65]	Time 10.415 (10.415)	Loss_VinDrCXR_rad10 cls 1.3691e-01 (1.3691e-01)	Loss_VinDrCXR_rad10 mse 1.9539e-01 (1.9539e-01)
Epoch: [77][50/65]	Time  0.976 ( 1.186)	Loss_VinDrCXR_rad10 cls 1.0337e-01 (1.0659e-01)	Loss_VinDrCXR_rad10 mse 2.6707e-01 (1.9088e-01)
Epoch: [77] Train_Loss_cls: 1.0547e-01 Train_Loss_mse: 1.9256e-01
Epoch: [77][ 0/16]	Time  9.080 ( 9.080)	Loss_VinDrCXR_rad11 cls 3.6157e-02 (3.6157e-02)	Loss_VinDrCXR_rad11 mse 3.1472e-02 (3.1472e-02)
Epoch: [77] Train_Loss_cls: 2.8135e-02 Train_Loss_mse: 5.0985e-02
Epoch: [77][ 0/17]	Time 10.437 (10.437)	Loss_VinDrCXR_rad12 cls 5.2847e-02 (5.2847e-02)	Loss_VinDrCXR_rad12 mse 5.3671e-02 (5.3671e-02)
Epoch: [77] Train_Loss_cls: 2.1281e-02 Train_Loss_mse: 3.6666e-02
Epoch: [77][ 0/17]	Time  8.889 ( 8.889)	Loss_VinDrCXR_rad13 cls 1.2549e-02 (1.2549e-02)	Loss_VinDrCXR_rad13 mse 3.9472e-02 (3.9472e-02)
Epoch: [77] Train_Loss_cls: 2.4064e-02 Train_Loss_mse: 3.9071e-02
Epoch: [77][ 0/15]	Time  8.743 ( 8.743)	Loss_VinDrCXR_rad14 cls 5.3065e-02 (5.3065e-02)	Loss_VinDrCXR_rad14 mse 9.0494e-02 (9.0494e-02)
Epoch: [77] Train_Loss_cls: 3.2682e-02 Train_Loss_mse: 4.5495e-02
Epoch: [77][ 0/17]	Time  8.624 ( 8.624)	Loss_VinDrCXR_rad15 cls 3.3389e-02 (3.3389e-02)	Loss_VinDrCXR_rad15 mse 5.0686e-02 (5.0686e-02)
Epoch: [77] Train_Loss_cls: 2.8318e-02 Train_Loss_mse: 3.9947e-02
Epoch: [77][ 0/17]	Time  8.466 ( 8.466)	Loss_VinDrCXR_rad16 cls 2.4024e-02 (2.4024e-02)	Loss_VinDrCXR_rad16 mse 2.7741e-02 (2.7741e-02)
Epoch: [77] Train_Loss_cls: 1.9789e-02 Train_Loss_mse: 4.9423e-02
Epoch: [77][0/8]	Time  8.520 ( 8.520)	Loss_VinDrCXR_rad17 cls 2.8478e-02 (2.8478e-02)	Loss_VinDrCXR_rad17 mse 2.3360e-02 (2.3360e-02)
Epoch: [77] Train_Loss_cls: 2.2776e-02 Train_Loss_mse: 3.0694e-02
Val_VinDrCXR_rad1: [ 0/30]	Time  7.195 ( 7.195)	Loss 8.8620e-01 (8.8620e-01)
Epoch 0077: avg_val_loss 0.34818, saving model to ./Models/swin_base_Ark_Finetune_17Rad/Ark_PlusArk_Finetune_17Rad/Ark_Finetune_17Rad/Ark_PlusArk_Finetune_17Rad
Epoch: [78][ 0/20]	Time  8.829 ( 8.829)	Loss_VinDrCXR_rad1 cls 7.5068e-04 (7.5068e-04)	Loss_VinDrCXR_rad1 mse 1.1510e-02 (1.1510e-02)
Epoch: [78] Train_Loss_cls: 1.4209e-03 Train_Loss_mse: 1.2779e-02
Epoch: [78][ 0/32]	Time  8.916 ( 8.916)	Loss_VinDrCXR_rad2 cls 3.0003e-02 (3.0003e-02)	Loss_VinDrCXR_rad2 mse 1.2734e-02 (1.2734e-02)
Epoch: [78] Train_Loss_cls: 3.9111e-03 Train_Loss_mse: 1.3599e-02
Epoch: [78][ 0/23]	Time  8.894 ( 8.894)	Loss_VinDrCXR_rad3 cls 3.1408e-04 (3.1408e-04)	Loss_VinDrCXR_rad3 mse 1.4256e-02 (1.4256e-02)
Epoch: [78] Train_Loss_cls: 1.0689e-03 Train_Loss_mse: 1.2475e-02
Epoch: [78][ 0/16]	Time  8.327 ( 8.327)	Loss_VinDrCXR_rad4 cls 2.0125e-04 (2.0125e-04)	Loss_VinDrCXR_rad4 mse 9.9805e-03 (9.9805e-03)
Epoch: [78] Train_Loss_cls: 2.1031e-03 Train_Loss_mse: 1.1524e-02
Epoch: [78][ 0/28]	Time  8.220 ( 8.220)	Loss_VinDrCXR_rad5 cls 7.7507e-03 (7.7507e-03)	Loss_VinDrCXR_rad5 mse 1.4914e-02 (1.4914e-02)
Epoch: [78] Train_Loss_cls: 3.3102e-03 Train_Loss_mse: 1.1814e-02
Epoch: [78][ 0/21]	Time  8.170 ( 8.170)	Loss_VinDrCXR_rad6 cls 4.1747e-04 (4.1747e-04)	Loss_VinDrCXR_rad6 mse 1.5758e-02 (1.5758e-02)
Epoch: [78] Train_Loss_cls: 6.1965e-04 Train_Loss_mse: 1.3522e-02
Epoch: [78][ 0/18]	Time  8.979 ( 8.979)	Loss_VinDrCXR_rad7 cls 4.0118e-03 (4.0118e-03)	Loss_VinDrCXR_rad7 mse 1.2808e-02 (1.2808e-02)
Epoch: [78] Train_Loss_cls: 2.1031e-03 Train_Loss_mse: 1.1820e-02
Epoch: [78][ 0/66]	Time  8.560 ( 8.560)	Loss_VinDrCXR_rad8 cls 3.2009e-01 (3.2009e-01)	Loss_VinDrCXR_rad8 mse 1.2222e-01 (1.2222e-01)
Epoch: [78][50/66]	Time  0.975 ( 1.126)	Loss_VinDrCXR_rad8 cls 9.4356e-02 (1.0129e-01)	Loss_VinDrCXR_rad8 mse 2.5685e-01 (2.1603e-01)
Epoch: [78] Train_Loss_cls: 9.9352e-02 Train_Loss_mse: 2.0915e-01
Epoch: [78][ 0/62]	Time  8.897 ( 8.897)	Loss_VinDrCXR_rad9 cls 1.8064e-01 (1.8064e-01)	Loss_VinDrCXR_rad9 mse 2.0576e-01 (2.0576e-01)
Epoch: [78][50/62]	Time  0.978 ( 1.199)	Loss_VinDrCXR_rad9 cls 1.3442e-01 (1.4326e-01)	Loss_VinDrCXR_rad9 mse 1.2245e-01 (2.1876e-01)
Epoch: [78] Train_Loss_cls: 1.4413e-01 Train_Loss_mse: 2.1707e-01
Epoch: [78][ 0/65]	Time  8.729 ( 8.729)	Loss_VinDrCXR_rad10 cls 1.4054e-01 (1.4054e-01)	Loss_VinDrCXR_rad10 mse 1.5075e-01 (1.5075e-01)
Epoch: [78][50/65]	Time  0.976 ( 1.143)	Loss_VinDrCXR_rad10 cls 1.1043e-01 (1.1026e-01)	Loss_VinDrCXR_rad10 mse 1.3748e-01 (2.2174e-01)
Epoch: [78] Train_Loss_cls: 1.1035e-01 Train_Loss_mse: 2.1617e-01
Epoch: [78][ 0/16]	Time  8.447 ( 8.447)	Loss_VinDrCXR_rad11 cls 3.4108e-02 (3.4108e-02)	Loss_VinDrCXR_rad11 mse 7.4688e-02 (7.4688e-02)
Epoch: [78] Train_Loss_cls: 2.3768e-02 Train_Loss_mse: 4.9038e-02
Epoch: [78][ 0/17]	Time  8.678 ( 8.678)	Loss_VinDrCXR_rad12 cls 6.2214e-02 (6.2214e-02)	Loss_VinDrCXR_rad12 mse 6.2773e-02 (6.2773e-02)
Epoch: [78] Train_Loss_cls: 2.3619e-02 Train_Loss_mse: 3.9628e-02
Epoch: [78][ 0/17]	Time  8.909 ( 8.909)	Loss_VinDrCXR_rad13 cls 2.6377e-02 (2.6377e-02)	Loss_VinDrCXR_rad13 mse 5.4629e-02 (5.4629e-02)
Epoch: [78] Train_Loss_cls: 2.3581e-02 Train_Loss_mse: 3.9481e-02
Epoch: [78][ 0/15]	Time  8.587 ( 8.587)	Loss_VinDrCXR_rad14 cls 2.7194e-02 (2.7194e-02)	Loss_VinDrCXR_rad14 mse 3.4786e-02 (3.4786e-02)
Epoch: [78] Train_Loss_cls: 3.2360e-02 Train_Loss_mse: 4.8091e-02
Epoch: [78][ 0/17]	Time  8.262 ( 8.262)	Loss_VinDrCXR_rad15 cls 7.5659e-03 (7.5659e-03)	Loss_VinDrCXR_rad15 mse 3.0647e-02 (3.0647e-02)
Epoch: [78] Train_Loss_cls: 3.1381e-02 Train_Loss_mse: 3.9754e-02
Epoch: [78][ 0/17]	Time  8.381 ( 8.381)	Loss_VinDrCXR_rad16 cls 1.3995e-02 (1.3995e-02)	Loss_VinDrCXR_rad16 mse 3.5573e-02 (3.5573e-02)
Epoch: [78] Train_Loss_cls: 2.0456e-02 Train_Loss_mse: 4.4680e-02
Epoch: [78][0/8]	Time  8.564 ( 8.564)	Loss_VinDrCXR_rad17 cls 4.9328e-03 (4.9328e-03)	Loss_VinDrCXR_rad17 mse 2.0926e-02 (2.0926e-02)
Epoch: [78] Train_Loss_cls: 2.7690e-02 Train_Loss_mse: 3.2481e-02
Val_VinDrCXR_rad1: [ 0/30]	Time  7.150 ( 7.150)	Loss 8.0392e-01 (8.0392e-01)
Epoch 0078: avg_val_loss 0.31822, saving model to ./Models/swin_base_Ark_Finetune_17Rad/Ark_PlusArk_Finetune_17Rad/Ark_Finetune_17Rad/Ark_PlusArk_Finetune_17Rad
Epoch: [79][ 0/20]	Time  8.403 ( 8.403)	Loss_VinDrCXR_rad1 cls 1.8117e-03 (1.8117e-03)	Loss_VinDrCXR_rad1 mse 1.1360e-02 (1.1360e-02)
Epoch: [79] Train_Loss_cls: 2.2725e-03 Train_Loss_mse: 1.3850e-02
Epoch: [79][ 0/32]	Time  9.096 ( 9.096)	Loss_VinDrCXR_rad2 cls 2.9421e-02 (2.9421e-02)	Loss_VinDrCXR_rad2 mse 1.4186e-02 (1.4186e-02)
Epoch: [79] Train_Loss_cls: 3.6538e-03 Train_Loss_mse: 1.3671e-02
Epoch: [79][ 0/23]	Time  8.166 ( 8.166)	Loss_VinDrCXR_rad3 cls 5.6620e-04 (5.6620e-04)	Loss_VinDrCXR_rad3 mse 1.1827e-02 (1.1827e-02)
Epoch: [79] Train_Loss_cls: 1.0175e-03 Train_Loss_mse: 1.2887e-02
Epoch: [79][ 0/16]	Time  8.796 ( 8.796)	Loss_VinDrCXR_rad4 cls 1.5535e-03 (1.5535e-03)	Loss_VinDrCXR_rad4 mse 1.2453e-02 (1.2453e-02)
Epoch: [79] Train_Loss_cls: 2.3391e-03 Train_Loss_mse: 1.4715e-02
Epoch: [79][ 0/28]	Time  8.481 ( 8.481)	Loss_VinDrCXR_rad5 cls 3.2714e-04 (3.2714e-04)	Loss_VinDrCXR_rad5 mse 1.1808e-02 (1.1808e-02)
Epoch: [79] Train_Loss_cls: 3.1535e-03 Train_Loss_mse: 1.3474e-02
Epoch: [79][ 0/21]	Time  8.684 ( 8.684)	Loss_VinDrCXR_rad6 cls 1.1220e-03 (1.1220e-03)	Loss_VinDrCXR_rad6 mse 1.2852e-02 (1.2852e-02)
Epoch: [79] Train_Loss_cls: 3.7417e-04 Train_Loss_mse: 1.3136e-02
Epoch: [79][ 0/18]	Time  8.905 ( 8.905)	Loss_VinDrCXR_rad7 cls 1.1185e-04 (1.1185e-04)	Loss_VinDrCXR_rad7 mse 1.1583e-02 (1.1583e-02)
Epoch: [79] Train_Loss_cls: 1.9990e-03 Train_Loss_mse: 1.3379e-02
Epoch: [79][ 0/66]	Time  8.068 ( 8.068)	Loss_VinDrCXR_rad8 cls 3.0308e-01 (3.0308e-01)	Loss_VinDrCXR_rad8 mse 3.8605e-01 (3.8605e-01)
Epoch: [79][50/66]	Time  0.975 ( 1.179)	Loss_VinDrCXR_rad8 cls 9.4397e-02 (1.0307e-01)	Loss_VinDrCXR_rad8 mse 1.4747e-01 (2.1235e-01)
Epoch: [79] Train_Loss_cls: 1.0136e-01 Train_Loss_mse: 2.0854e-01
Epoch: [79][ 0/62]	Time  8.675 ( 8.675)	Loss_VinDrCXR_rad9 cls 1.6321e-01 (1.6321e-01)	Loss_VinDrCXR_rad9 mse 2.0295e-01 (2.0295e-01)
Epoch: [79][50/62]	Time  0.977 ( 1.160)	Loss_VinDrCXR_rad9 cls 1.3128e-01 (1.4362e-01)	Loss_VinDrCXR_rad9 mse 1.8030e-01 (1.9764e-01)
Epoch: [79] Train_Loss_cls: 1.4345e-01 Train_Loss_mse: 1.9744e-01
Epoch: [79][ 0/65]	Time  8.691 ( 8.691)	Loss_VinDrCXR_rad10 cls 1.1559e-01 (1.1559e-01)	Loss_VinDrCXR_rad10 mse 1.4542e-01 (1.4542e-01)
Epoch: [79][50/65]	Time  0.976 ( 1.191)	Loss_VinDrCXR_rad10 cls 1.0018e-01 (1.0346e-01)	Loss_VinDrCXR_rad10 mse 1.6424e-01 (1.9870e-01)
Epoch: [79] Train_Loss_cls: 1.0361e-01 Train_Loss_mse: 2.0044e-01
Epoch: [79][ 0/16]	Time  8.635 ( 8.635)	Loss_VinDrCXR_rad11 cls 4.7126e-02 (4.7126e-02)	Loss_VinDrCXR_rad11 mse 8.1818e-02 (8.1818e-02)
Epoch: [79] Train_Loss_cls: 2.2770e-02 Train_Loss_mse: 4.0218e-02
Epoch: [79][ 0/17]	Time  8.471 ( 8.471)	Loss_VinDrCXR_rad12 cls 2.7923e-02 (2.7923e-02)	Loss_VinDrCXR_rad12 mse 5.0193e-02 (5.0193e-02)
Epoch: [79] Train_Loss_cls: 1.8055e-02 Train_Loss_mse: 3.4933e-02
Epoch: [79][ 0/17]	Time  8.646 ( 8.646)	Loss_VinDrCXR_rad13 cls 3.2847e-02 (3.2847e-02)	Loss_VinDrCXR_rad13 mse 3.0591e-02 (3.0591e-02)
Epoch: [79] Train_Loss_cls: 2.7305e-02 Train_Loss_mse: 4.4797e-02
Epoch: [79][ 0/15]	Time  8.304 ( 8.304)	Loss_VinDrCXR_rad14 cls 1.4061e-02 (1.4061e-02)	Loss_VinDrCXR_rad14 mse 2.6941e-02 (2.6941e-02)
Epoch: [79] Train_Loss_cls: 3.4908e-02 Train_Loss_mse: 4.8330e-02
Epoch: [79][ 0/17]	Time  8.910 ( 8.910)	Loss_VinDrCXR_rad15 cls 2.4571e-02 (2.4571e-02)	Loss_VinDrCXR_rad15 mse 3.5781e-02 (3.5781e-02)
Epoch: [79] Train_Loss_cls: 3.0386e-02 Train_Loss_mse: 5.3057e-02
Epoch: [79][ 0/17]	Time  9.248 ( 9.248)	Loss_VinDrCXR_rad16 cls 1.3010e-02 (1.3010e-02)	Loss_VinDrCXR_rad16 mse 2.9886e-02 (2.9886e-02)
Epoch: [79] Train_Loss_cls: 2.3556e-02 Train_Loss_mse: 5.4091e-02
Epoch: [79][0/8]	Time  8.433 ( 8.433)	Loss_VinDrCXR_rad17 cls 1.5307e-02 (1.5307e-02)	Loss_VinDrCXR_rad17 mse 2.5206e-02 (2.5206e-02)
Epoch: [79] Train_Loss_cls: 1.9891e-02 Train_Loss_mse: 2.6077e-02
Val_VinDrCXR_rad1: [ 0/30]	Time  7.118 ( 7.118)	Loss 8.7959e-01 (8.7959e-01)
Epoch 0079: avg_val_loss 0.35066, saving model to ./Models/swin_base_Ark_Finetune_17Rad/Ark_PlusArk_Finetune_17Rad/Ark_Finetune_17Rad/Ark_PlusArk_Finetune_17Rad
Epoch: [80][ 0/20]	Time  8.120 ( 8.120)	Loss_VinDrCXR_rad1 cls 5.5447e-04 (5.5447e-04)	Loss_VinDrCXR_rad1 mse 1.3355e-02 (1.3355e-02)
Epoch: [80] Train_Loss_cls: 1.7947e-03 Train_Loss_mse: 1.4453e-02
Epoch: [80][ 0/32]	Time  8.840 ( 8.840)	Loss_VinDrCXR_rad2 cls 2.6448e-04 (2.6448e-04)	Loss_VinDrCXR_rad2 mse 1.2730e-02 (1.2730e-02)
Epoch: [80] Train_Loss_cls: 4.0993e-03 Train_Loss_mse: 1.3391e-02
Epoch: [80][ 0/23]	Time  8.901 ( 8.901)	Loss_VinDrCXR_rad3 cls 5.0236e-04 (5.0236e-04)	Loss_VinDrCXR_rad3 mse 1.1368e-02 (1.1368e-02)
Epoch: [80] Train_Loss_cls: 9.9755e-04 Train_Loss_mse: 1.2742e-02
Epoch: [80][ 0/16]	Time  8.603 ( 8.603)	Loss_VinDrCXR_rad4 cls 2.4592e-04 (2.4592e-04)	Loss_VinDrCXR_rad4 mse 1.0335e-02 (1.0335e-02)
Epoch: [80] Train_Loss_cls: 1.8201e-03 Train_Loss_mse: 1.1955e-02
Epoch: [80][ 0/28]	Time  8.489 ( 8.489)	Loss_VinDrCXR_rad5 cls 2.5378e-04 (2.5378e-04)	Loss_VinDrCXR_rad5 mse 1.2448e-02 (1.2448e-02)
Epoch: [80] Train_Loss_cls: 2.0816e-03 Train_Loss_mse: 1.1989e-02
Epoch: [80][ 0/21]	Time  8.949 ( 8.949)	Loss_VinDrCXR_rad6 cls 2.9510e-04 (2.9510e-04)	Loss_VinDrCXR_rad6 mse 1.1257e-02 (1.1257e-02)
Epoch: [80] Train_Loss_cls: 6.2059e-04 Train_Loss_mse: 1.3821e-02
Epoch: [80][ 0/18]	Time  8.251 ( 8.251)	Loss_VinDrCXR_rad7 cls 1.5415e-04 (1.5415e-04)	Loss_VinDrCXR_rad7 mse 1.1129e-02 (1.1129e-02)
Epoch: [80] Train_Loss_cls: 2.1179e-03 Train_Loss_mse: 1.1038e-02
Epoch: [80][ 0/66]	Time  9.216 ( 9.216)	Loss_VinDrCXR_rad8 cls 2.9355e-01 (2.9355e-01)	Loss_VinDrCXR_rad8 mse 1.4650e-01 (1.4650e-01)
Epoch: [80][50/66]	Time  1.230 ( 1.164)	Loss_VinDrCXR_rad8 cls 7.9422e-02 (1.0468e-01)	Loss_VinDrCXR_rad8 mse 8.8382e-02 (1.9031e-01)
Epoch: [80] Train_Loss_cls: 1.0425e-01 Train_Loss_mse: 1.8868e-01
Epoch: [80][ 0/62]	Time  8.850 ( 8.850)	Loss_VinDrCXR_rad9 cls 2.1977e-01 (2.1977e-01)	Loss_VinDrCXR_rad9 mse 1.5915e-01 (1.5915e-01)
Epoch: [80][50/62]	Time  0.975 ( 1.203)	Loss_VinDrCXR_rad9 cls 1.3062e-01 (1.4972e-01)	Loss_VinDrCXR_rad9 mse 1.3254e-01 (2.3060e-01)
Epoch: [80] Train_Loss_cls: 1.4944e-01 Train_Loss_mse: 2.2703e-01
Epoch: [80][ 0/65]	Time  8.415 ( 8.415)	Loss_VinDrCXR_rad10 cls 1.3717e-01 (1.3717e-01)	Loss_VinDrCXR_rad10 mse 3.5623e-01 (3.5623e-01)
Epoch: [80][50/65]	Time  0.983 ( 1.152)	Loss_VinDrCXR_rad10 cls 1.1431e-01 (1.0918e-01)	Loss_VinDrCXR_rad10 mse 1.4492e-01 (2.1713e-01)
Epoch: [80] Train_Loss_cls: 1.0944e-01 Train_Loss_mse: 2.2148e-01
Epoch: [80][ 0/16]	Time  8.587 ( 8.587)	Loss_VinDrCXR_rad11 cls 5.8447e-02 (5.8447e-02)	Loss_VinDrCXR_rad11 mse 4.2800e-02 (4.2800e-02)
Epoch: [80] Train_Loss_cls: 2.6021e-02 Train_Loss_mse: 4.2729e-02
Epoch: [80][ 0/17]	Time  8.575 ( 8.575)	Loss_VinDrCXR_rad12 cls 4.2276e-02 (4.2276e-02)	Loss_VinDrCXR_rad12 mse 4.7079e-02 (4.7079e-02)
Epoch: [80] Train_Loss_cls: 2.1227e-02 Train_Loss_mse: 3.8070e-02
Epoch: [80][ 0/17]	Time  8.406 ( 8.406)	Loss_VinDrCXR_rad13 cls 6.5027e-02 (6.5027e-02)	Loss_VinDrCXR_rad13 mse 6.2956e-02 (6.2956e-02)
Epoch: [80] Train_Loss_cls: 2.3660e-02 Train_Loss_mse: 3.8960e-02
Epoch: [80][ 0/15]	Time  8.312 ( 8.312)	Loss_VinDrCXR_rad14 cls 4.7634e-02 (4.7634e-02)	Loss_VinDrCXR_rad14 mse 4.0780e-02 (4.0780e-02)
Epoch: [80] Train_Loss_cls: 3.3509e-02 Train_Loss_mse: 5.8402e-02
Epoch: [80][ 0/17]	Time  8.349 ( 8.349)	Loss_VinDrCXR_rad15 cls 4.0229e-02 (4.0229e-02)	Loss_VinDrCXR_rad15 mse 4.7020e-02 (4.7020e-02)
Epoch: [80] Train_Loss_cls: 2.9508e-02 Train_Loss_mse: 5.3742e-02
Epoch: [80][ 0/17]	Time  8.344 ( 8.344)	Loss_VinDrCXR_rad16 cls 1.2449e-02 (1.2449e-02)	Loss_VinDrCXR_rad16 mse 3.3489e-02 (3.3489e-02)
Epoch: [80] Train_Loss_cls: 2.1483e-02 Train_Loss_mse: 6.1659e-02
Epoch: [80][0/8]	Time  8.579 ( 8.579)	Loss_VinDrCXR_rad17 cls 5.3959e-02 (5.3959e-02)	Loss_VinDrCXR_rad17 mse 5.0047e-02 (5.0047e-02)
Epoch: [80] Train_Loss_cls: 3.1373e-02 Train_Loss_mse: 3.2782e-02
Val_VinDrCXR_rad1: [ 0/30]	Time  7.692 ( 7.692)	Loss 8.8328e-01 (8.8328e-01)
Epoch 0080: avg_val_loss 0.34615, saving model to ./Models/swin_base_Ark_Finetune_17Rad/Ark_PlusArk_Finetune_17Rad/Ark_Finetune_17Rad/Ark_PlusArk_Finetune_17Rad
>>VinDrCXR_rad1 Disease = ['PE', 'Lung tumor', 'Pneumonia', 'Tuberculosis', 'Other diseases', 'No finding']
>>VinDrCXR_rad1:Student AUC = [0.9867	0.9001	0.9515	0.952 	0.8376	0.9418], 
Teacher AUC = [0.9856	0.9148	0.9564	0.9565	0.8463	0.9446]

>>VinDrCXR_rad1: Student mAUC = 0.9283, Teacher mAUC = 0.9340
Omni-pretraining stage: 
Student meanAUC = 
[[0.9468759507134883], [0.9454261264448013], [0.9389692516963958], [0.9338567099466557], [0.9322285595158992], [0.9267613086784795], [0.9269031959521569], [0.9311978881171713], [0.9322738966995839], [0.9282953834234174]] 
Teacher meanAUC = 
[[0.9468759507134883], [0.9460270675389304], [0.9413547485728361], [0.9352525270339678], [0.933640160889925], [0.9253586349249475], [0.9311537710751477], [0.9326593268703175], [0.9311490937056109], [0.9340407878121827]]

Epoch: [81][ 0/20]	Time  8.255 ( 8.255)	Loss_VinDrCXR_rad1 cls 2.7124e-03 (2.7124e-03)	Loss_VinDrCXR_rad1 mse 1.5541e-02 (1.5541e-02)
Epoch: [81] Train_Loss_cls: 1.7404e-03 Train_Loss_mse: 1.3305e-02
Epoch: [81][ 0/32]	Time  8.657 ( 8.657)	Loss_VinDrCXR_rad2 cls 2.8154e-04 (2.8154e-04)	Loss_VinDrCXR_rad2 mse 1.1351e-02 (1.1351e-02)
Epoch: [81] Train_Loss_cls: 4.1722e-03 Train_Loss_mse: 1.3715e-02
Epoch: [81][ 0/23]	Time  8.414 ( 8.414)	Loss_VinDrCXR_rad3 cls 1.8791e-03 (1.8791e-03)	Loss_VinDrCXR_rad3 mse 1.3988e-02 (1.3988e-02)
Epoch: [81] Train_Loss_cls: 1.6682e-03 Train_Loss_mse: 1.2673e-02
Epoch: [81][ 0/16]	Time  8.735 ( 8.735)	Loss_VinDrCXR_rad4 cls 1.9971e-04 (1.9971e-04)	Loss_VinDrCXR_rad4 mse 9.0922e-03 (9.0922e-03)
Epoch: [81] Train_Loss_cls: 2.0019e-03 Train_Loss_mse: 1.0877e-02
Epoch: [81][ 0/28]	Time  8.022 ( 8.022)	Loss_VinDrCXR_rad5 cls 2.5158e-04 (2.5158e-04)	Loss_VinDrCXR_rad5 mse 1.2073e-02 (1.2073e-02)
Epoch: [81] Train_Loss_cls: 3.4338e-03 Train_Loss_mse: 1.1347e-02
Epoch: [81][ 0/21]	Time  7.968 ( 7.968)	Loss_VinDrCXR_rad6 cls 3.7135e-04 (3.7135e-04)	Loss_VinDrCXR_rad6 mse 1.2376e-02 (1.2376e-02)
Epoch: [81] Train_Loss_cls: 3.8248e-04 Train_Loss_mse: 1.3496e-02
Epoch: [81][ 0/18]	Time  8.521 ( 8.521)	Loss_VinDrCXR_rad7 cls 1.7597e-04 (1.7597e-04)	Loss_VinDrCXR_rad7 mse 8.1725e-03 (8.1725e-03)
Epoch: [81] Train_Loss_cls: 1.8195e-03 Train_Loss_mse: 1.1152e-02
Epoch: [81][ 0/66]	Time  8.622 ( 8.622)	Loss_VinDrCXR_rad8 cls 2.6228e-01 (2.6228e-01)	Loss_VinDrCXR_rad8 mse 1.4859e-01 (1.4859e-01)
Epoch: [81][50/66]	Time  0.995 ( 1.185)	Loss_VinDrCXR_rad8 cls 8.9570e-02 (1.0264e-01)	Loss_VinDrCXR_rad8 mse 4.1991e-01 (2.0973e-01)
Epoch: [81] Train_Loss_cls: 9.9993e-02 Train_Loss_mse: 2.0500e-01
Epoch: [81][ 0/62]	Time  8.714 ( 8.714)	Loss_VinDrCXR_rad9 cls 1.7010e-01 (1.7010e-01)	Loss_VinDrCXR_rad9 mse 3.5303e-01 (3.5303e-01)
Epoch: [81][50/62]	Time  0.975 ( 1.174)	Loss_VinDrCXR_rad9 cls 1.1928e-01 (1.4621e-01)	Loss_VinDrCXR_rad9 mse 9.7517e-02 (2.1111e-01)
Epoch: [81] Train_Loss_cls: 1.4594e-01 Train_Loss_mse: 2.0783e-01
Epoch: [81][ 0/65]	Time  9.149 ( 9.149)	Loss_VinDrCXR_rad10 cls 1.3698e-01 (1.3698e-01)	Loss_VinDrCXR_rad10 mse 2.0430e-01 (2.0430e-01)
Epoch: [81][50/65]	Time  0.975 ( 1.183)	Loss_VinDrCXR_rad10 cls 1.2465e-01 (1.0802e-01)	Loss_VinDrCXR_rad10 mse 3.8735e-01 (1.7927e-01)
Epoch: [81] Train_Loss_cls: 1.0655e-01 Train_Loss_mse: 1.8047e-01
Epoch: [81][ 0/16]	Time  8.579 ( 8.579)	Loss_VinDrCXR_rad11 cls 4.5596e-02 (4.5596e-02)	Loss_VinDrCXR_rad11 mse 9.4426e-02 (9.4426e-02)
Epoch: [81] Train_Loss_cls: 2.4512e-02 Train_Loss_mse: 3.7666e-02
Epoch: [81][ 0/17]	Time  8.849 ( 8.849)	Loss_VinDrCXR_rad12 cls 4.6045e-02 (4.6045e-02)	Loss_VinDrCXR_rad12 mse 6.9729e-02 (6.9729e-02)
Epoch: [81] Train_Loss_cls: 1.9829e-02 Train_Loss_mse: 3.9037e-02
Epoch: [81][ 0/17]	Time  8.827 ( 8.827)	Loss_VinDrCXR_rad13 cls 4.8414e-02 (4.8414e-02)	Loss_VinDrCXR_rad13 mse 3.1005e-02 (3.1005e-02)
Epoch: [81] Train_Loss_cls: 2.7164e-02 Train_Loss_mse: 4.1256e-02
Epoch: [81][ 0/15]	Time  8.862 ( 8.862)	Loss_VinDrCXR_rad14 cls 3.7492e-02 (3.7492e-02)	Loss_VinDrCXR_rad14 mse 2.5907e-02 (2.5907e-02)
Epoch: [81] Train_Loss_cls: 3.1591e-02 Train_Loss_mse: 5.2422e-02
Epoch: [81][ 0/17]	Time  9.353 ( 9.353)	Loss_VinDrCXR_rad15 cls 1.8675e-02 (1.8675e-02)	Loss_VinDrCXR_rad15 mse 3.1384e-02 (3.1384e-02)
Epoch: [81] Train_Loss_cls: 2.4914e-02 Train_Loss_mse: 3.7655e-02
Epoch: [81][ 0/17]	Time  8.607 ( 8.607)	Loss_VinDrCXR_rad16 cls 2.8833e-02 (2.8833e-02)	Loss_VinDrCXR_rad16 mse 7.1521e-02 (7.1521e-02)
Epoch: [81] Train_Loss_cls: 2.1022e-02 Train_Loss_mse: 6.6124e-02
Epoch: [81][0/8]	Time  8.320 ( 8.320)	Loss_VinDrCXR_rad17 cls 1.2848e-02 (1.2848e-02)	Loss_VinDrCXR_rad17 mse 2.8941e-02 (2.8941e-02)
Epoch: [81] Train_Loss_cls: 2.9915e-02 Train_Loss_mse: 3.0890e-02
Val_VinDrCXR_rad1: [ 0/30]	Time  7.862 ( 7.862)	Loss 8.7273e-01 (8.7273e-01)
Epoch 0081: avg_val_loss 0.33906, saving model to ./Models/swin_base_Ark_Finetune_17Rad/Ark_PlusArk_Finetune_17Rad/Ark_Finetune_17Rad/Ark_PlusArk_Finetune_17Rad
Epoch: [82][ 0/20]	Time  9.069 ( 9.069)	Loss_VinDrCXR_rad1 cls 2.4205e-03 (2.4205e-03)	Loss_VinDrCXR_rad1 mse 1.3747e-02 (1.3747e-02)
Epoch: [82] Train_Loss_cls: 2.2988e-03 Train_Loss_mse: 1.3079e-02
Epoch: [82][ 0/32]	Time  8.977 ( 8.977)	Loss_VinDrCXR_rad2 cls 3.3756e-04 (3.3756e-04)	Loss_VinDrCXR_rad2 mse 1.2976e-02 (1.2976e-02)
Epoch: [82] Train_Loss_cls: 3.7080e-03 Train_Loss_mse: 1.4682e-02
Epoch: [82][ 0/23]	Time  8.752 ( 8.752)	Loss_VinDrCXR_rad3 cls 4.2438e-04 (4.2438e-04)	Loss_VinDrCXR_rad3 mse 8.7786e-03 (8.7786e-03)
Epoch: [82] Train_Loss_cls: 1.2224e-03 Train_Loss_mse: 1.4357e-02
Epoch: [82][ 0/16]	Time  8.172 ( 8.172)	Loss_VinDrCXR_rad4 cls 3.2027e-04 (3.2027e-04)	Loss_VinDrCXR_rad4 mse 1.0667e-02 (1.0667e-02)
Epoch: [82] Train_Loss_cls: 2.0665e-03 Train_Loss_mse: 1.0239e-02
Epoch: [82][ 0/28]	Time  8.610 ( 8.610)	Loss_VinDrCXR_rad5 cls 2.5004e-04 (2.5004e-04)	Loss_VinDrCXR_rad5 mse 9.6441e-03 (9.6441e-03)
Epoch: [82] Train_Loss_cls: 2.6746e-03 Train_Loss_mse: 1.0577e-02
Epoch: [82][ 0/21]	Time  8.996 ( 8.996)	Loss_VinDrCXR_rad6 cls 3.3968e-04 (3.3968e-04)	Loss_VinDrCXR_rad6 mse 9.0470e-03 (9.0470e-03)
Epoch: [82] Train_Loss_cls: 2.6379e-04 Train_Loss_mse: 1.2014e-02
Epoch: [82][ 0/18]	Time  8.648 ( 8.648)	Loss_VinDrCXR_rad7 cls 1.2310e-04 (1.2310e-04)	Loss_VinDrCXR_rad7 mse 1.0438e-02 (1.0438e-02)
Epoch: [82] Train_Loss_cls: 2.0289e-03 Train_Loss_mse: 1.3008e-02
Epoch: [82][ 0/66]	Time  9.261 ( 9.261)	Loss_VinDrCXR_rad8 cls 3.9005e-01 (3.9005e-01)	Loss_VinDrCXR_rad8 mse 2.1249e-01 (2.1249e-01)
Epoch: [82][50/66]	Time  0.975 ( 1.163)	Loss_VinDrCXR_rad8 cls 1.0498e-01 (1.0820e-01)	Loss_VinDrCXR_rad8 mse 2.3441e-01 (2.2872e-01)
Epoch: [82] Train_Loss_cls: 1.0439e-01 Train_Loss_mse: 2.2107e-01
Epoch: [82][ 0/62]	Time  8.921 ( 8.921)	Loss_VinDrCXR_rad9 cls 1.6950e-01 (1.6950e-01)	Loss_VinDrCXR_rad9 mse 1.5197e-01 (1.5197e-01)
Epoch: [82][50/62]	Time  0.979 ( 1.190)	Loss_VinDrCXR_rad9 cls 1.4652e-01 (1.4826e-01)	Loss_VinDrCXR_rad9 mse 2.3189e-01 (2.2353e-01)
Epoch: [82] Train_Loss_cls: 1.4707e-01 Train_Loss_mse: 2.3081e-01
Epoch: [82][ 0/65]	Time  8.862 ( 8.862)	Loss_VinDrCXR_rad10 cls 1.4799e-01 (1.4799e-01)	Loss_VinDrCXR_rad10 mse 3.2340e-01 (3.2340e-01)
Epoch: [82][50/65]	Time  1.073 ( 1.146)	Loss_VinDrCXR_rad10 cls 1.4587e-01 (1.0932e-01)	Loss_VinDrCXR_rad10 mse 2.3213e-01 (2.1442e-01)
Epoch: [82] Train_Loss_cls: 1.0904e-01 Train_Loss_mse: 2.0775e-01
Epoch: [82][ 0/16]	Time  8.867 ( 8.867)	Loss_VinDrCXR_rad11 cls 4.0067e-02 (4.0067e-02)	Loss_VinDrCXR_rad11 mse 2.4594e-02 (2.4594e-02)
Epoch: [82] Train_Loss_cls: 2.4226e-02 Train_Loss_mse: 3.4942e-02
Epoch: [82][ 0/17]	Time  8.696 ( 8.696)	Loss_VinDrCXR_rad12 cls 1.5830e-02 (1.5830e-02)	Loss_VinDrCXR_rad12 mse 2.6973e-02 (2.6973e-02)
Epoch: [82] Train_Loss_cls: 1.9917e-02 Train_Loss_mse: 3.3111e-02
Epoch: [82][ 0/17]	Time  8.619 ( 8.619)	Loss_VinDrCXR_rad13 cls 3.4269e-02 (3.4269e-02)	Loss_VinDrCXR_rad13 mse 2.6826e-02 (2.6826e-02)
Epoch: [82] Train_Loss_cls: 2.4434e-02 Train_Loss_mse: 5.2177e-02
Epoch: [82][ 0/15]	Time  8.732 ( 8.732)	Loss_VinDrCXR_rad14 cls 3.4947e-02 (3.4947e-02)	Loss_VinDrCXR_rad14 mse 3.3275e-02 (3.3275e-02)
Epoch: [82] Train_Loss_cls: 3.0194e-02 Train_Loss_mse: 5.3606e-02
Epoch: [82][ 0/17]	Time  8.779 ( 8.779)	Loss_VinDrCXR_rad15 cls 4.6949e-02 (4.6949e-02)	Loss_VinDrCXR_rad15 mse 4.7391e-02 (4.7391e-02)
Epoch: [82] Train_Loss_cls: 2.8066e-02 Train_Loss_mse: 4.9190e-02
Epoch: [82][ 0/17]	Time  9.042 ( 9.042)	Loss_VinDrCXR_rad16 cls 3.0253e-02 (3.0253e-02)	Loss_VinDrCXR_rad16 mse 7.4269e-02 (7.4269e-02)
Epoch: [82] Train_Loss_cls: 2.0556e-02 Train_Loss_mse: 3.9424e-02
Epoch: [82][0/8]	Time  8.445 ( 8.445)	Loss_VinDrCXR_rad17 cls 5.7694e-03 (5.7694e-03)	Loss_VinDrCXR_rad17 mse 2.1924e-02 (2.1924e-02)
Epoch: [82] Train_Loss_cls: 2.1308e-02 Train_Loss_mse: 2.5771e-02
Val_VinDrCXR_rad1: [ 0/30]	Time  7.675 ( 7.675)	Loss 9.0197e-01 (9.0197e-01)
Epoch 0082: avg_val_loss 0.34620, saving model to ./Models/swin_base_Ark_Finetune_17Rad/Ark_PlusArk_Finetune_17Rad/Ark_Finetune_17Rad/Ark_PlusArk_Finetune_17Rad
Epoch: [83][ 0/20]	Time  8.482 ( 8.482)	Loss_VinDrCXR_rad1 cls 1.4835e-03 (1.4835e-03)	Loss_VinDrCXR_rad1 mse 1.1203e-02 (1.1203e-02)
Epoch: [83] Train_Loss_cls: 1.9234e-03 Train_Loss_mse: 1.3244e-02
Epoch: [83][ 0/32]	Time  9.018 ( 9.018)	Loss_VinDrCXR_rad2 cls 2.1463e-02 (2.1463e-02)	Loss_VinDrCXR_rad2 mse 1.1287e-02 (1.1287e-02)
Epoch: [83] Train_Loss_cls: 4.3657e-03 Train_Loss_mse: 1.2041e-02
Epoch: [83][ 0/23]	Time  8.759 ( 8.759)	Loss_VinDrCXR_rad3 cls 2.9172e-02 (2.9172e-02)	Loss_VinDrCXR_rad3 mse 1.8202e-02 (1.8202e-02)
Epoch: [83] Train_Loss_cls: 1.8288e-03 Train_Loss_mse: 1.0845e-02
Epoch: [83][ 0/16]	Time  8.428 ( 8.428)	Loss_VinDrCXR_rad4 cls 1.5328e-04 (1.5328e-04)	Loss_VinDrCXR_rad4 mse 8.2037e-03 (8.2037e-03)
Epoch: [83] Train_Loss_cls: 2.1277e-03 Train_Loss_mse: 9.7355e-03
Epoch: [83][ 0/28]	Time  8.078 ( 8.078)	Loss_VinDrCXR_rad5 cls 1.4887e-04 (1.4887e-04)	Loss_VinDrCXR_rad5 mse 9.2463e-03 (9.2463e-03)
Epoch: [83] Train_Loss_cls: 2.3828e-03 Train_Loss_mse: 1.2233e-02
Epoch: [83][ 0/21]	Time  8.467 ( 8.467)	Loss_VinDrCXR_rad6 cls 3.1975e-04 (3.1975e-04)	Loss_VinDrCXR_rad6 mse 1.2514e-02 (1.2514e-02)
Epoch: [83] Train_Loss_cls: 2.2986e-04 Train_Loss_mse: 1.0997e-02
Epoch: [83][ 0/18]	Time  8.361 ( 8.361)	Loss_VinDrCXR_rad7 cls 1.5418e-02 (1.5418e-02)	Loss_VinDrCXR_rad7 mse 1.1444e-02 (1.1444e-02)
Epoch: [83] Train_Loss_cls: 1.9601e-03 Train_Loss_mse: 1.3229e-02
Epoch: [83][ 0/66]	Time  9.144 ( 9.144)	Loss_VinDrCXR_rad8 cls 4.1012e-01 (4.1012e-01)	Loss_VinDrCXR_rad8 mse 3.4720e-01 (3.4720e-01)
Epoch: [83][50/66]	Time  0.975 ( 1.178)	Loss_VinDrCXR_rad8 cls 8.5338e-02 (1.0829e-01)	Loss_VinDrCXR_rad8 mse 2.0100e-01 (2.4155e-01)
Epoch: [83] Train_Loss_cls: 1.0283e-01 Train_Loss_mse: 2.3972e-01
Epoch: [83][ 0/62]	Time  8.441 ( 8.441)	Loss_VinDrCXR_rad9 cls 1.6564e-01 (1.6564e-01)	Loss_VinDrCXR_rad9 mse 1.5427e-01 (1.5427e-01)
Epoch: [83][50/62]	Time  0.978 ( 1.162)	Loss_VinDrCXR_rad9 cls 1.4383e-01 (1.4509e-01)	Loss_VinDrCXR_rad9 mse 1.9654e-01 (2.4779e-01)
Epoch: [83] Train_Loss_cls: 1.4471e-01 Train_Loss_mse: 2.4188e-01
Epoch: [83][ 0/65]	Time  9.034 ( 9.034)	Loss_VinDrCXR_rad10 cls 1.7796e-01 (1.7796e-01)	Loss_VinDrCXR_rad10 mse 1.4790e-01 (1.4790e-01)
Epoch: [83][50/65]	Time  0.975 ( 1.139)	Loss_VinDrCXR_rad10 cls 1.0164e-01 (1.0865e-01)	Loss_VinDrCXR_rad10 mse 2.3415e-01 (2.0647e-01)
Epoch: [83] Train_Loss_cls: 1.0531e-01 Train_Loss_mse: 2.0659e-01
Epoch: [83][ 0/16]	Time  8.994 ( 8.994)	Loss_VinDrCXR_rad11 cls 3.7363e-02 (3.7363e-02)	Loss_VinDrCXR_rad11 mse 3.5161e-02 (3.5161e-02)
Epoch: [83] Train_Loss_cls: 2.3603e-02 Train_Loss_mse: 3.8849e-02
Epoch: [83][ 0/17]	Time  8.697 ( 8.697)	Loss_VinDrCXR_rad12 cls 8.5848e-03 (8.5848e-03)	Loss_VinDrCXR_rad12 mse 4.6654e-02 (4.6654e-02)
Epoch: [83] Train_Loss_cls: 2.0014e-02 Train_Loss_mse: 3.9993e-02
Epoch: [83][ 0/17]	Time  8.419 ( 8.419)	Loss_VinDrCXR_rad13 cls 2.5043e-02 (2.5043e-02)	Loss_VinDrCXR_rad13 mse 3.9922e-02 (3.9922e-02)
Epoch: [83] Train_Loss_cls: 2.5265e-02 Train_Loss_mse: 4.4207e-02
Epoch: [83][ 0/15]	Time  8.575 ( 8.575)	Loss_VinDrCXR_rad14 cls 2.3450e-02 (2.3450e-02)	Loss_VinDrCXR_rad14 mse 3.6120e-02 (3.6120e-02)
Epoch: [83] Train_Loss_cls: 3.2873e-02 Train_Loss_mse: 4.9865e-02
Epoch: [83][ 0/17]	Time  8.624 ( 8.624)	Loss_VinDrCXR_rad15 cls 1.7610e-02 (1.7610e-02)	Loss_VinDrCXR_rad15 mse 2.3746e-02 (2.3746e-02)
Epoch: [83] Train_Loss_cls: 2.8223e-02 Train_Loss_mse: 3.9103e-02
Epoch: [83][ 0/17]	Time  8.864 ( 8.864)	Loss_VinDrCXR_rad16 cls 1.4867e-02 (1.4867e-02)	Loss_VinDrCXR_rad16 mse 3.3908e-02 (3.3908e-02)
Epoch: [83] Train_Loss_cls: 2.3267e-02 Train_Loss_mse: 4.8833e-02
Epoch: [83][0/8]	Time  8.137 ( 8.137)	Loss_VinDrCXR_rad17 cls 2.5910e-02 (2.5910e-02)	Loss_VinDrCXR_rad17 mse 2.1397e-02 (2.1397e-02)
Epoch: [83] Train_Loss_cls: 2.9560e-02 Train_Loss_mse: 2.7134e-02
Val_VinDrCXR_rad1: [ 0/30]	Time  7.478 ( 7.478)	Loss 7.9710e-01 (7.9710e-01)
Epoch 0083: avg_val_loss 0.31868, saving model to ./Models/swin_base_Ark_Finetune_17Rad/Ark_PlusArk_Finetune_17Rad/Ark_Finetune_17Rad/Ark_PlusArk_Finetune_17Rad
Epoch: [84][ 0/20]	Time  8.500 ( 8.500)	Loss_VinDrCXR_rad1 cls 2.5950e-03 (2.5950e-03)	Loss_VinDrCXR_rad1 mse 2.6622e-02 (2.6622e-02)
Epoch: [84] Train_Loss_cls: 2.0645e-03 Train_Loss_mse: 1.1666e-02
Epoch: [84][ 0/32]	Time  8.881 ( 8.881)	Loss_VinDrCXR_rad2 cls 2.0446e-04 (2.0446e-04)	Loss_VinDrCXR_rad2 mse 9.0048e-03 (9.0048e-03)
Epoch: [84] Train_Loss_cls: 3.6413e-03 Train_Loss_mse: 1.1402e-02
Epoch: [84][ 0/23]	Time  8.713 ( 8.713)	Loss_VinDrCXR_rad3 cls 3.2614e-04 (3.2614e-04)	Loss_VinDrCXR_rad3 mse 9.3163e-03 (9.3163e-03)
Epoch: [84] Train_Loss_cls: 2.4396e-03 Train_Loss_mse: 1.1968e-02
Epoch: [84][ 0/16]	Time  8.304 ( 8.304)	Loss_VinDrCXR_rad4 cls 2.1783e-04 (2.1783e-04)	Loss_VinDrCXR_rad4 mse 6.2406e-03 (6.2406e-03)
Epoch: [84] Train_Loss_cls: 2.1378e-03 Train_Loss_mse: 1.0186e-02
Epoch: [84][ 0/28]	Time  8.853 ( 8.853)	Loss_VinDrCXR_rad5 cls 6.3987e-04 (6.3987e-04)	Loss_VinDrCXR_rad5 mse 4.3951e-02 (4.3951e-02)
Epoch: [84] Train_Loss_cls: 3.1016e-03 Train_Loss_mse: 1.1667e-02
Epoch: [84][ 0/21]	Time  8.772 ( 8.772)	Loss_VinDrCXR_rad6 cls 8.7200e-04 (8.7200e-04)	Loss_VinDrCXR_rad6 mse 1.1053e-02 (1.1053e-02)
Epoch: [84] Train_Loss_cls: 5.3852e-04 Train_Loss_mse: 1.2631e-02
Epoch: [84][ 0/18]	Time  9.213 ( 9.213)	Loss_VinDrCXR_rad7 cls 1.4602e-02 (1.4602e-02)	Loss_VinDrCXR_rad7 mse 1.1629e-02 (1.1629e-02)
Epoch: [84] Train_Loss_cls: 1.9781e-03 Train_Loss_mse: 1.0421e-02
Epoch: [84][ 0/66]	Time  8.582 ( 8.582)	Loss_VinDrCXR_rad8 cls 2.8815e-01 (2.8815e-01)	Loss_VinDrCXR_rad8 mse 1.6112e-01 (1.6112e-01)
Epoch: [84][50/66]	Time  0.976 ( 1.150)	Loss_VinDrCXR_rad8 cls 8.3681e-02 (1.0123e-01)	Loss_VinDrCXR_rad8 mse 2.2543e-01 (1.9951e-01)
Epoch: [84] Train_Loss_cls: 9.9666e-02 Train_Loss_mse: 1.9556e-01
Epoch: [84][ 0/62]	Time  9.019 ( 9.019)	Loss_VinDrCXR_rad9 cls 1.9552e-01 (1.9552e-01)	Loss_VinDrCXR_rad9 mse 1.6149e-01 (1.6149e-01)
Epoch: [84][50/62]	Time  0.975 ( 1.181)	Loss_VinDrCXR_rad9 cls 1.5930e-01 (1.4261e-01)	Loss_VinDrCXR_rad9 mse 1.3731e-01 (2.0761e-01)
Epoch: [84] Train_Loss_cls: 1.4165e-01 Train_Loss_mse: 2.0427e-01
Epoch: [84][ 0/65]	Time  8.617 ( 8.617)	Loss_VinDrCXR_rad10 cls 1.0453e-01 (1.0453e-01)	Loss_VinDrCXR_rad10 mse 1.2288e-01 (1.2288e-01)
Epoch: [84][50/65]	Time  0.975 ( 1.137)	Loss_VinDrCXR_rad10 cls 9.0872e-02 (1.0725e-01)	Loss_VinDrCXR_rad10 mse 1.6700e-01 (2.0649e-01)
Epoch: [84] Train_Loss_cls: 1.0841e-01 Train_Loss_mse: 1.9926e-01
Epoch: [84][ 0/16]	Time  9.365 ( 9.365)	Loss_VinDrCXR_rad11 cls 4.7565e-02 (4.7565e-02)	Loss_VinDrCXR_rad11 mse 4.5430e-02 (4.5430e-02)
Epoch: [84] Train_Loss_cls: 2.3429e-02 Train_Loss_mse: 4.3978e-02
Epoch: [84][ 0/17]	Time  8.932 ( 8.932)	Loss_VinDrCXR_rad12 cls 2.1472e-02 (2.1472e-02)	Loss_VinDrCXR_rad12 mse 4.6992e-02 (4.6992e-02)
Epoch: [84] Train_Loss_cls: 2.4085e-02 Train_Loss_mse: 4.3734e-02
Epoch: [84][ 0/17]	Time  8.866 ( 8.866)	Loss_VinDrCXR_rad13 cls 3.1686e-02 (3.1686e-02)	Loss_VinDrCXR_rad13 mse 7.4734e-02 (7.4734e-02)
Epoch: [84] Train_Loss_cls: 2.4570e-02 Train_Loss_mse: 4.3533e-02
Epoch: [84][ 0/15]	Time  8.363 ( 8.363)	Loss_VinDrCXR_rad14 cls 9.0642e-02 (9.0642e-02)	Loss_VinDrCXR_rad14 mse 2.7601e-02 (2.7601e-02)
Epoch: [84] Train_Loss_cls: 3.4060e-02 Train_Loss_mse: 4.6249e-02
Epoch: [84][ 0/17]	Time  8.693 ( 8.693)	Loss_VinDrCXR_rad15 cls 4.0414e-02 (4.0414e-02)	Loss_VinDrCXR_rad15 mse 2.8877e-02 (2.8877e-02)
Epoch: [84] Train_Loss_cls: 2.8853e-02 Train_Loss_mse: 7.0222e-02
Epoch: [84][ 0/17]	Time  8.274 ( 8.274)	Loss_VinDrCXR_rad16 cls 2.7502e-02 (2.7502e-02)	Loss_VinDrCXR_rad16 mse 4.0248e-02 (4.0248e-02)
Epoch: [84] Train_Loss_cls: 1.7601e-02 Train_Loss_mse: 3.6708e-02
Epoch: [84][0/8]	Time  9.503 ( 9.503)	Loss_VinDrCXR_rad17 cls 2.4982e-03 (2.4982e-03)	Loss_VinDrCXR_rad17 mse 1.7569e-02 (1.7569e-02)
Epoch: [84] Train_Loss_cls: 2.0146e-02 Train_Loss_mse: 2.6300e-02
Val_VinDrCXR_rad1: [ 0/30]	Time  7.129 ( 7.129)	Loss 9.6323e-01 (9.6323e-01)
Epoch 0084: avg_val_loss 0.38071, saving model to ./Models/swin_base_Ark_Finetune_17Rad/Ark_PlusArk_Finetune_17Rad/Ark_Finetune_17Rad/Ark_PlusArk_Finetune_17Rad
Epoch: [85][ 0/20]	Time  8.367 ( 8.367)	Loss_VinDrCXR_rad1 cls 4.0018e-03 (4.0018e-03)	Loss_VinDrCXR_rad1 mse 1.3562e-02 (1.3562e-02)
Epoch: [85] Train_Loss_cls: 1.5739e-03 Train_Loss_mse: 1.1516e-02
Epoch: [85][ 0/32]	Time  9.124 ( 9.124)	Loss_VinDrCXR_rad2 cls 2.8793e-04 (2.8793e-04)	Loss_VinDrCXR_rad2 mse 1.2392e-02 (1.2392e-02)
Epoch: [85] Train_Loss_cls: 3.7191e-03 Train_Loss_mse: 1.2287e-02
Epoch: [85][ 0/23]	Time  8.605 ( 8.605)	Loss_VinDrCXR_rad3 cls 2.8434e-04 (2.8434e-04)	Loss_VinDrCXR_rad3 mse 1.0152e-02 (1.0152e-02)
Epoch: [85] Train_Loss_cls: 1.1981e-03 Train_Loss_mse: 1.0697e-02
Epoch: [85][ 0/16]	Time  8.793 ( 8.793)	Loss_VinDrCXR_rad4 cls 2.0301e-04 (2.0301e-04)	Loss_VinDrCXR_rad4 mse 1.1673e-02 (1.1673e-02)
Epoch: [85] Train_Loss_cls: 2.3735e-03 Train_Loss_mse: 9.2897e-03
Epoch: [85][ 0/28]	Time  8.136 ( 8.136)	Loss_VinDrCXR_rad5 cls 2.4697e-04 (2.4697e-04)	Loss_VinDrCXR_rad5 mse 8.7297e-03 (8.7297e-03)
Epoch: [85] Train_Loss_cls: 3.1736e-03 Train_Loss_mse: 1.1614e-02
Epoch: [85][ 0/21]	Time  8.765 ( 8.765)	Loss_VinDrCXR_rad6 cls 1.3226e-03 (1.3226e-03)	Loss_VinDrCXR_rad6 mse 1.0362e-02 (1.0362e-02)
Epoch: [85] Train_Loss_cls: 5.0742e-04 Train_Loss_mse: 1.0265e-02
Epoch: [85][ 0/18]	Time  8.658 ( 8.658)	Loss_VinDrCXR_rad7 cls 1.0914e-04 (1.0914e-04)	Loss_VinDrCXR_rad7 mse 9.7858e-03 (9.7858e-03)
Epoch: [85] Train_Loss_cls: 2.1916e-03 Train_Loss_mse: 1.0640e-02
Epoch: [85][ 0/66]	Time  9.094 ( 9.094)	Loss_VinDrCXR_rad8 cls 3.7870e-01 (3.7870e-01)	Loss_VinDrCXR_rad8 mse 2.9869e-01 (2.9869e-01)
Epoch: [85][50/66]	Time  0.977 ( 1.165)	Loss_VinDrCXR_rad8 cls 9.3003e-02 (1.0626e-01)	Loss_VinDrCXR_rad8 mse 1.3805e-01 (2.1185e-01)
Epoch: [85] Train_Loss_cls: 1.0360e-01 Train_Loss_mse: 2.1098e-01
Epoch: [85][ 0/62]	Time  8.568 ( 8.568)	Loss_VinDrCXR_rad9 cls 1.7239e-01 (1.7239e-01)	Loss_VinDrCXR_rad9 mse 1.4617e-01 (1.4617e-01)
Epoch: [85][50/62]	Time  0.979 ( 1.149)	Loss_VinDrCXR_rad9 cls 1.4306e-01 (1.4869e-01)	Loss_VinDrCXR_rad9 mse 1.8277e-01 (2.4927e-01)
Epoch: [85] Train_Loss_cls: 1.4764e-01 Train_Loss_mse: 2.4611e-01
Epoch: [85][ 0/65]	Time  8.552 ( 8.552)	Loss_VinDrCXR_rad10 cls 1.4602e-01 (1.4602e-01)	Loss_VinDrCXR_rad10 mse 3.1766e-01 (3.1766e-01)
Epoch: [85][50/65]	Time  0.975 ( 1.186)	Loss_VinDrCXR_rad10 cls 1.0892e-01 (1.0977e-01)	Loss_VinDrCXR_rad10 mse 3.8823e-01 (2.1548e-01)
Epoch: [85] Train_Loss_cls: 1.0754e-01 Train_Loss_mse: 2.1540e-01
Epoch: [85][ 0/16]	Time  8.453 ( 8.453)	Loss_VinDrCXR_rad11 cls 4.2825e-02 (4.2825e-02)	Loss_VinDrCXR_rad11 mse 4.6254e-02 (4.6254e-02)
Epoch: [85] Train_Loss_cls: 2.0640e-02 Train_Loss_mse: 4.0504e-02
Epoch: [85][ 0/17]	Time  9.085 ( 9.085)	Loss_VinDrCXR_rad12 cls 6.7515e-02 (6.7515e-02)	Loss_VinDrCXR_rad12 mse 3.7768e-02 (3.7768e-02)
Epoch: [85] Train_Loss_cls: 2.3161e-02 Train_Loss_mse: 3.6542e-02
Epoch: [85][ 0/17]	Time  8.874 ( 8.874)	Loss_VinDrCXR_rad13 cls 3.6512e-02 (3.6512e-02)	Loss_VinDrCXR_rad13 mse 5.2759e-02 (5.2759e-02)
Epoch: [85] Train_Loss_cls: 2.4550e-02 Train_Loss_mse: 3.2383e-02
Epoch: [85][ 0/15]	Time  8.806 ( 8.806)	Loss_VinDrCXR_rad14 cls 2.9987e-02 (2.9987e-02)	Loss_VinDrCXR_rad14 mse 4.7090e-02 (4.7090e-02)
Epoch: [85] Train_Loss_cls: 3.0201e-02 Train_Loss_mse: 4.3518e-02
Epoch: [85][ 0/17]	Time  9.864 ( 9.864)	Loss_VinDrCXR_rad15 cls 4.9363e-02 (4.9363e-02)	Loss_VinDrCXR_rad15 mse 5.5324e-02 (5.5324e-02)
Epoch: [85] Train_Loss_cls: 2.9753e-02 Train_Loss_mse: 3.2638e-02
Epoch: [85][ 0/17]	Time  8.915 ( 8.915)	Loss_VinDrCXR_rad16 cls 3.2131e-02 (3.2131e-02)	Loss_VinDrCXR_rad16 mse 3.3038e-02 (3.3038e-02)
Epoch: [85] Train_Loss_cls: 1.5603e-02 Train_Loss_mse: 3.6646e-02
Epoch: [85][0/8]	Time  9.240 ( 9.240)	Loss_VinDrCXR_rad17 cls 5.0646e-02 (5.0646e-02)	Loss_VinDrCXR_rad17 mse 2.0802e-02 (2.0802e-02)
Epoch: [85] Train_Loss_cls: 2.2688e-02 Train_Loss_mse: 2.0189e-02
Val_VinDrCXR_rad1: [ 0/30]	Time  7.227 ( 7.227)	Loss 8.9647e-01 (8.9647e-01)
Epoch 0085: avg_val_loss 0.34647, saving model to ./Models/swin_base_Ark_Finetune_17Rad/Ark_PlusArk_Finetune_17Rad/Ark_Finetune_17Rad/Ark_PlusArk_Finetune_17Rad
Epoch: [86][ 0/20]	Time  8.684 ( 8.684)	Loss_VinDrCXR_rad1 cls 9.4506e-04 (9.4506e-04)	Loss_VinDrCXR_rad1 mse 1.3200e-02 (1.3200e-02)
Epoch: [86] Train_Loss_cls: 1.3181e-03 Train_Loss_mse: 1.0427e-02
Epoch: [86][ 0/32]	Time  8.794 ( 8.794)	Loss_VinDrCXR_rad2 cls 7.1124e-03 (7.1124e-03)	Loss_VinDrCXR_rad2 mse 1.1215e-02 (1.1215e-02)
Epoch: [86] Train_Loss_cls: 3.2275e-03 Train_Loss_mse: 1.0681e-02
Epoch: [86][ 0/23]	Time  8.360 ( 8.360)	Loss_VinDrCXR_rad3 cls 2.7897e-04 (2.7897e-04)	Loss_VinDrCXR_rad3 mse 9.1327e-03 (9.1327e-03)
Epoch: [86] Train_Loss_cls: 1.3270e-03 Train_Loss_mse: 1.0437e-02
Epoch: [86][ 0/16]	Time  8.815 ( 8.815)	Loss_VinDrCXR_rad4 cls 2.6670e-04 (2.6670e-04)	Loss_VinDrCXR_rad4 mse 7.9098e-03 (7.9098e-03)
Epoch: [86] Train_Loss_cls: 2.1163e-03 Train_Loss_mse: 8.8399e-03
Epoch: [86][ 0/28]	Time  8.536 ( 8.536)	Loss_VinDrCXR_rad5 cls 8.2703e-04 (8.2703e-04)	Loss_VinDrCXR_rad5 mse 1.4179e-02 (1.4179e-02)
Epoch: [86] Train_Loss_cls: 2.1378e-03 Train_Loss_mse: 1.0292e-02
Epoch: [86][ 0/21]	Time  8.651 ( 8.651)	Loss_VinDrCXR_rad6 cls 1.5525e-03 (1.5525e-03)	Loss_VinDrCXR_rad6 mse 1.2259e-02 (1.2259e-02)
Epoch: [86] Train_Loss_cls: 3.8292e-04 Train_Loss_mse: 1.0449e-02
Epoch: [86][ 0/18]	Time  8.670 ( 8.670)	Loss_VinDrCXR_rad7 cls 1.1474e-04 (1.1474e-04)	Loss_VinDrCXR_rad7 mse 1.7084e-02 (1.7084e-02)
Epoch: [86] Train_Loss_cls: 2.1047e-03 Train_Loss_mse: 9.8148e-03
Epoch: [86][ 0/66]	Time  9.006 ( 9.006)	Loss_VinDrCXR_rad8 cls 3.7874e-01 (3.7874e-01)	Loss_VinDrCXR_rad8 mse 4.7982e-01 (4.7982e-01)
Epoch: [86][50/66]	Time  0.974 ( 1.137)	Loss_VinDrCXR_rad8 cls 1.0478e-01 (1.0222e-01)	Loss_VinDrCXR_rad8 mse 1.5577e-01 (2.2102e-01)
Epoch: [86] Train_Loss_cls: 9.9522e-02 Train_Loss_mse: 2.1878e-01
Epoch: [86][ 0/62]	Time  8.891 ( 8.891)	Loss_VinDrCXR_rad9 cls 2.1309e-01 (2.1309e-01)	Loss_VinDrCXR_rad9 mse 3.9161e-01 (3.9161e-01)
Epoch: [86][50/62]	Time  0.974 ( 1.170)	Loss_VinDrCXR_rad9 cls 1.2034e-01 (1.4716e-01)	Loss_VinDrCXR_rad9 mse 1.0431e-01 (2.1320e-01)
Epoch: [86] Train_Loss_cls: 1.4627e-01 Train_Loss_mse: 2.2096e-01
Epoch: [86][ 0/65]	Time  9.023 ( 9.023)	Loss_VinDrCXR_rad10 cls 1.3269e-01 (1.3269e-01)	Loss_VinDrCXR_rad10 mse 1.5936e-01 (1.5936e-01)
Epoch: [86][50/65]	Time  0.976 ( 1.165)	Loss_VinDrCXR_rad10 cls 1.1536e-01 (1.0769e-01)	Loss_VinDrCXR_rad10 mse 2.2443e-01 (2.3344e-01)
Epoch: [86] Train_Loss_cls: 1.0694e-01 Train_Loss_mse: 2.3311e-01
Epoch: [86][ 0/16]	Time  8.779 ( 8.779)	Loss_VinDrCXR_rad11 cls 1.3593e-02 (1.3593e-02)	Loss_VinDrCXR_rad11 mse 4.0667e-02 (4.0667e-02)
Epoch: [86] Train_Loss_cls: 2.2227e-02 Train_Loss_mse: 3.7618e-02
Epoch: [86][ 0/17]	Time  8.512 ( 8.512)	Loss_VinDrCXR_rad12 cls 2.0034e-02 (2.0034e-02)	Loss_VinDrCXR_rad12 mse 8.2786e-02 (8.2786e-02)
Epoch: [86] Train_Loss_cls: 1.7907e-02 Train_Loss_mse: 3.7149e-02
Epoch: [86][ 0/17]	Time  8.353 ( 8.353)	Loss_VinDrCXR_rad13 cls 2.6887e-02 (2.6887e-02)	Loss_VinDrCXR_rad13 mse 2.7964e-02 (2.7964e-02)
Epoch: [86] Train_Loss_cls: 2.8158e-02 Train_Loss_mse: 3.9541e-02
Epoch: [86][ 0/15]	Time  8.659 ( 8.659)	Loss_VinDrCXR_rad14 cls 2.8721e-02 (2.8721e-02)	Loss_VinDrCXR_rad14 mse 6.9249e-02 (6.9249e-02)
Epoch: [86] Train_Loss_cls: 3.3448e-02 Train_Loss_mse: 5.5663e-02
Epoch: [86][ 0/17]	Time  8.309 ( 8.309)	Loss_VinDrCXR_rad15 cls 1.8735e-02 (1.8735e-02)	Loss_VinDrCXR_rad15 mse 3.8568e-02 (3.8568e-02)
Epoch: [86] Train_Loss_cls: 2.6374e-02 Train_Loss_mse: 4.6133e-02
Epoch: [86][ 0/17]	Time  8.384 ( 8.384)	Loss_VinDrCXR_rad16 cls 1.2749e-02 (1.2749e-02)	Loss_VinDrCXR_rad16 mse 3.7248e-02 (3.7248e-02)
Epoch: [86] Train_Loss_cls: 2.0131e-02 Train_Loss_mse: 3.8846e-02
Epoch: [86][0/8]	Time  8.271 ( 8.271)	Loss_VinDrCXR_rad17 cls 1.1398e-02 (1.1398e-02)	Loss_VinDrCXR_rad17 mse 1.7961e-02 (1.7961e-02)
Epoch: [86] Train_Loss_cls: 2.3263e-02 Train_Loss_mse: 2.2562e-02
Val_VinDrCXR_rad1: [ 0/30]	Time  7.284 ( 7.284)	Loss 9.5557e-01 (9.5557e-01)
Epoch 0086: avg_val_loss 0.37067, saving model to ./Models/swin_base_Ark_Finetune_17Rad/Ark_PlusArk_Finetune_17Rad/Ark_Finetune_17Rad/Ark_PlusArk_Finetune_17Rad
Epoch: [87][ 0/20]	Time  8.125 ( 8.125)	Loss_VinDrCXR_rad1 cls 1.0934e-03 (1.0934e-03)	Loss_VinDrCXR_rad1 mse 1.0518e-02 (1.0518e-02)
Epoch: [87] Train_Loss_cls: 1.4760e-03 Train_Loss_mse: 1.0753e-02
Epoch: [87][ 0/32]	Time  8.662 ( 8.662)	Loss_VinDrCXR_rad2 cls 1.4306e-02 (1.4306e-02)	Loss_VinDrCXR_rad2 mse 8.4179e-03 (8.4179e-03)
Epoch: [87] Train_Loss_cls: 3.8220e-03 Train_Loss_mse: 1.0658e-02
Epoch: [87][ 0/23]	Time  9.231 ( 9.231)	Loss_VinDrCXR_rad3 cls 2.7082e-04 (2.7082e-04)	Loss_VinDrCXR_rad3 mse 8.8489e-03 (8.8489e-03)
Epoch: [87] Train_Loss_cls: 1.9427e-03 Train_Loss_mse: 1.0071e-02
Epoch: [87][ 0/16]	Time  8.956 ( 8.956)	Loss_VinDrCXR_rad4 cls 3.6077e-04 (3.6077e-04)	Loss_VinDrCXR_rad4 mse 7.6746e-03 (7.6746e-03)
Epoch: [87] Train_Loss_cls: 2.0929e-03 Train_Loss_mse: 9.5245e-03
Epoch: [87][ 0/28]	Time  8.487 ( 8.487)	Loss_VinDrCXR_rad5 cls 8.5956e-03 (8.5956e-03)	Loss_VinDrCXR_rad5 mse 7.8724e-03 (7.8724e-03)
Epoch: [87] Train_Loss_cls: 2.8119e-03 Train_Loss_mse: 9.0783e-03
Epoch: [87][ 0/21]	Time  8.653 ( 8.653)	Loss_VinDrCXR_rad6 cls 1.1634e-03 (1.1634e-03)	Loss_VinDrCXR_rad6 mse 1.3581e-02 (1.3581e-02)
Epoch: [87] Train_Loss_cls: 2.8864e-04 Train_Loss_mse: 1.1252e-02
Epoch: [87][ 0/18]	Time  8.445 ( 8.445)	Loss_VinDrCXR_rad7 cls 1.2889e-04 (1.2889e-04)	Loss_VinDrCXR_rad7 mse 8.3853e-03 (8.3853e-03)
Epoch: [87] Train_Loss_cls: 2.2828e-03 Train_Loss_mse: 8.9005e-03
Epoch: [87][ 0/66]	Time  8.778 ( 8.778)	Loss_VinDrCXR_rad8 cls 2.6384e-01 (2.6384e-01)	Loss_VinDrCXR_rad8 mse 1.2180e-01 (1.2180e-01)
Epoch: [87][50/66]	Time  0.975 ( 1.168)	Loss_VinDrCXR_rad8 cls 8.5675e-02 (9.8547e-02)	Loss_VinDrCXR_rad8 mse 1.8471e-01 (1.9297e-01)
Epoch: [87] Train_Loss_cls: 9.6611e-02 Train_Loss_mse: 1.9575e-01
Epoch: [87][ 0/62]	Time  9.262 ( 9.262)	Loss_VinDrCXR_rad9 cls 1.4203e-01 (1.4203e-01)	Loss_VinDrCXR_rad9 mse 1.5919e-01 (1.5919e-01)
Epoch: [87][50/62]	Time  0.976 ( 1.183)	Loss_VinDrCXR_rad9 cls 1.1927e-01 (1.4326e-01)	Loss_VinDrCXR_rad9 mse 6.0677e-01 (2.3339e-01)
Epoch: [87] Train_Loss_cls: 1.4094e-01 Train_Loss_mse: 2.2220e-01
Epoch: [87][ 0/65]	Time  8.593 ( 8.593)	Loss_VinDrCXR_rad10 cls 1.9511e-01 (1.9511e-01)	Loss_VinDrCXR_rad10 mse 3.8434e-01 (3.8434e-01)
Epoch: [87][50/65]	Time  0.975 ( 1.156)	Loss_VinDrCXR_rad10 cls 1.0604e-01 (1.0958e-01)	Loss_VinDrCXR_rad10 mse 1.1696e-01 (2.2515e-01)
Epoch: [87] Train_Loss_cls: 1.0932e-01 Train_Loss_mse: 2.2455e-01
Epoch: [87][ 0/16]	Time  8.526 ( 8.526)	Loss_VinDrCXR_rad11 cls 6.4509e-02 (6.4509e-02)	Loss_VinDrCXR_rad11 mse 5.4148e-02 (5.4148e-02)
Epoch: [87] Train_Loss_cls: 2.7816e-02 Train_Loss_mse: 3.7448e-02
Epoch: [87][ 0/17]	Time  8.686 ( 8.686)	Loss_VinDrCXR_rad12 cls 2.8369e-02 (2.8369e-02)	Loss_VinDrCXR_rad12 mse 5.0111e-02 (5.0111e-02)
Epoch: [87] Train_Loss_cls: 2.0898e-02 Train_Loss_mse: 3.2854e-02
Epoch: [87][ 0/17]	Time  8.479 ( 8.479)	Loss_VinDrCXR_rad13 cls 4.2976e-02 (4.2976e-02)	Loss_VinDrCXR_rad13 mse 4.4146e-02 (4.4146e-02)
Epoch: [87] Train_Loss_cls: 2.2826e-02 Train_Loss_mse: 3.4542e-02
Epoch: [87][ 0/15]	Time  9.195 ( 9.195)	Loss_VinDrCXR_rad14 cls 2.5211e-02 (2.5211e-02)	Loss_VinDrCXR_rad14 mse 2.1765e-01 (2.1765e-01)
Epoch: [87] Train_Loss_cls: 3.1992e-02 Train_Loss_mse: 5.9276e-02
Epoch: [87][ 0/17]	Time  9.286 ( 9.286)	Loss_VinDrCXR_rad15 cls 4.5195e-02 (4.5195e-02)	Loss_VinDrCXR_rad15 mse 3.8263e-02 (3.8263e-02)
Epoch: [87] Train_Loss_cls: 3.1648e-02 Train_Loss_mse: 5.0350e-02
Epoch: [87][ 0/17]	Time  8.723 ( 8.723)	Loss_VinDrCXR_rad16 cls 1.4691e-02 (1.4691e-02)	Loss_VinDrCXR_rad16 mse 2.0723e-02 (2.0723e-02)
Epoch: [87] Train_Loss_cls: 1.5440e-02 Train_Loss_mse: 3.8005e-02
Epoch: [87][0/8]	Time  8.400 ( 8.400)	Loss_VinDrCXR_rad17 cls 1.7490e-02 (1.7490e-02)	Loss_VinDrCXR_rad17 mse 2.0075e-02 (2.0075e-02)
Epoch: [87] Train_Loss_cls: 2.2349e-02 Train_Loss_mse: 2.0826e-02
Val_VinDrCXR_rad1: [ 0/30]	Time  7.735 ( 7.735)	Loss 8.6988e-01 (8.6988e-01)
Epoch 0087: avg_val_loss 0.34174, saving model to ./Models/swin_base_Ark_Finetune_17Rad/Ark_PlusArk_Finetune_17Rad/Ark_Finetune_17Rad/Ark_PlusArk_Finetune_17Rad
Epoch: [88][ 0/20]	Time  8.395 ( 8.395)	Loss_VinDrCXR_rad1 cls 1.6613e-03 (1.6613e-03)	Loss_VinDrCXR_rad1 mse 1.2991e-02 (1.2991e-02)
Epoch: [88] Train_Loss_cls: 1.4699e-03 Train_Loss_mse: 1.1897e-02
Epoch: [88][ 0/32]	Time  8.900 ( 8.900)	Loss_VinDrCXR_rad2 cls 6.2655e-04 (6.2655e-04)	Loss_VinDrCXR_rad2 mse 9.9042e-03 (9.9042e-03)
Epoch: [88] Train_Loss_cls: 3.7683e-03 Train_Loss_mse: 1.0470e-02
Epoch: [88][ 0/23]	Time  8.821 ( 8.821)	Loss_VinDrCXR_rad3 cls 2.5624e-04 (2.5624e-04)	Loss_VinDrCXR_rad3 mse 1.2513e-02 (1.2513e-02)
Epoch: [88] Train_Loss_cls: 5.6137e-04 Train_Loss_mse: 9.8131e-03
Epoch: [88][ 0/16]	Time  9.304 ( 9.304)	Loss_VinDrCXR_rad4 cls 1.3980e-02 (1.3980e-02)	Loss_VinDrCXR_rad4 mse 8.1401e-03 (8.1401e-03)
Epoch: [88] Train_Loss_cls: 2.1671e-03 Train_Loss_mse: 8.5458e-03
Epoch: [88][ 0/28]	Time  8.005 ( 8.005)	Loss_VinDrCXR_rad5 cls 2.7531e-04 (2.7531e-04)	Loss_VinDrCXR_rad5 mse 7.5792e-03 (7.5792e-03)
Epoch: [88] Train_Loss_cls: 3.0473e-03 Train_Loss_mse: 9.4988e-03
Epoch: [88][ 0/21]	Time  8.494 ( 8.494)	Loss_VinDrCXR_rad6 cls 3.9787e-04 (3.9787e-04)	Loss_VinDrCXR_rad6 mse 7.8487e-03 (7.8487e-03)
Epoch: [88] Train_Loss_cls: 3.9480e-04 Train_Loss_mse: 9.6229e-03
Epoch: [88][ 0/18]	Time  8.867 ( 8.867)	Loss_VinDrCXR_rad7 cls 1.1763e-04 (1.1763e-04)	Loss_VinDrCXR_rad7 mse 8.1415e-03 (8.1415e-03)
Epoch: [88] Train_Loss_cls: 1.8254e-03 Train_Loss_mse: 8.9054e-03
Epoch: [88][ 0/66]	Time  8.824 ( 8.824)	Loss_VinDrCXR_rad8 cls 2.7033e-01 (2.7033e-01)	Loss_VinDrCXR_rad8 mse 3.3128e-01 (3.3128e-01)
Epoch: [88][50/66]	Time  0.975 ( 1.155)	Loss_VinDrCXR_rad8 cls 8.2616e-02 (1.0132e-01)	Loss_VinDrCXR_rad8 mse 1.1548e-01 (1.8404e-01)
Epoch: [88] Train_Loss_cls: 1.0024e-01 Train_Loss_mse: 1.9966e-01
Epoch: [88][ 0/62]	Time  9.350 ( 9.350)	Loss_VinDrCXR_rad9 cls 1.4629e-01 (1.4629e-01)	Loss_VinDrCXR_rad9 mse 1.3047e-01 (1.3047e-01)
Epoch: [88][50/62]	Time  0.975 ( 1.143)	Loss_VinDrCXR_rad9 cls 1.3430e-01 (1.4488e-01)	Loss_VinDrCXR_rad9 mse 2.0070e-01 (2.1999e-01)
Epoch: [88] Train_Loss_cls: 1.4423e-01 Train_Loss_mse: 2.2790e-01
Epoch: [88][ 0/65]	Time  8.823 ( 8.823)	Loss_VinDrCXR_rad10 cls 1.2403e-01 (1.2403e-01)	Loss_VinDrCXR_rad10 mse 1.1038e-01 (1.1038e-01)
Epoch: [88][50/65]	Time  0.979 ( 1.156)	Loss_VinDrCXR_rad10 cls 1.3834e-01 (1.0653e-01)	Loss_VinDrCXR_rad10 mse 2.4022e-01 (1.9428e-01)
Epoch: [88] Train_Loss_cls: 1.0637e-01 Train_Loss_mse: 2.0372e-01
Epoch: [88][ 0/16]	Time  8.931 ( 8.931)	Loss_VinDrCXR_rad11 cls 3.0831e-02 (3.0831e-02)	Loss_VinDrCXR_rad11 mse 3.0252e-02 (3.0252e-02)
Epoch: [88] Train_Loss_cls: 2.4042e-02 Train_Loss_mse: 3.3251e-02
Epoch: [88][ 0/17]	Time  8.888 ( 8.888)	Loss_VinDrCXR_rad12 cls 1.6066e-02 (1.6066e-02)	Loss_VinDrCXR_rad12 mse 9.1084e-02 (9.1084e-02)
Epoch: [88] Train_Loss_cls: 1.8543e-02 Train_Loss_mse: 4.1372e-02
Epoch: [88][ 0/17]	Time  8.459 ( 8.459)	Loss_VinDrCXR_rad13 cls 7.7208e-03 (7.7208e-03)	Loss_VinDrCXR_rad13 mse 2.2129e-02 (2.2129e-02)
Epoch: [88] Train_Loss_cls: 2.2874e-02 Train_Loss_mse: 4.3596e-02
Epoch: [88][ 0/15]	Time  8.915 ( 8.915)	Loss_VinDrCXR_rad14 cls 3.0705e-02 (3.0705e-02)	Loss_VinDrCXR_rad14 mse 1.9219e-02 (1.9219e-02)
Epoch: [88] Train_Loss_cls: 3.1047e-02 Train_Loss_mse: 4.3013e-02
Epoch: [88][ 0/17]	Time  8.569 ( 8.569)	Loss_VinDrCXR_rad15 cls 3.4846e-02 (3.4846e-02)	Loss_VinDrCXR_rad15 mse 4.8820e-02 (4.8820e-02)
Epoch: [88] Train_Loss_cls: 3.0566e-02 Train_Loss_mse: 6.5126e-02
Epoch: [88][ 0/17]	Time  8.572 ( 8.572)	Loss_VinDrCXR_rad16 cls 1.0308e-02 (1.0308e-02)	Loss_VinDrCXR_rad16 mse 2.8385e-02 (2.8385e-02)
Epoch: [88] Train_Loss_cls: 1.6563e-02 Train_Loss_mse: 3.4020e-02
Epoch: [88][0/8]	Time  8.968 ( 8.968)	Loss_VinDrCXR_rad17 cls 1.9810e-02 (1.9810e-02)	Loss_VinDrCXR_rad17 mse 1.2894e-02 (1.2894e-02)
Epoch: [88] Train_Loss_cls: 2.4167e-02 Train_Loss_mse: 1.7381e-02
Val_VinDrCXR_rad1: [ 0/30]	Time  7.621 ( 7.621)	Loss 9.8659e-01 (9.8659e-01)
Epoch 0088: avg_val_loss 0.38438, saving model to ./Models/swin_base_Ark_Finetune_17Rad/Ark_PlusArk_Finetune_17Rad/Ark_Finetune_17Rad/Ark_PlusArk_Finetune_17Rad
Epoch: [89][ 0/20]	Time  8.919 ( 8.919)	Loss_VinDrCXR_rad1 cls 1.0441e-03 (1.0441e-03)	Loss_VinDrCXR_rad1 mse 1.1210e-02 (1.1210e-02)
Epoch: [89] Train_Loss_cls: 1.2379e-03 Train_Loss_mse: 1.0843e-02
Epoch: [89][ 0/32]	Time  8.780 ( 8.780)	Loss_VinDrCXR_rad2 cls 3.0488e-04 (3.0488e-04)	Loss_VinDrCXR_rad2 mse 1.1262e-02 (1.1262e-02)
Epoch: [89] Train_Loss_cls: 3.5232e-03 Train_Loss_mse: 9.7930e-03
Epoch: [89][ 0/23]	Time  8.704 ( 8.704)	Loss_VinDrCXR_rad3 cls 1.2648e-03 (1.2648e-03)	Loss_VinDrCXR_rad3 mse 9.0546e-03 (9.0546e-03)
Epoch: [89] Train_Loss_cls: 2.6317e-03 Train_Loss_mse: 1.0100e-02
Epoch: [89][ 0/16]	Time  8.749 ( 8.749)	Loss_VinDrCXR_rad4 cls 1.9926e-04 (1.9926e-04)	Loss_VinDrCXR_rad4 mse 8.6412e-03 (8.6412e-03)
Epoch: [89] Train_Loss_cls: 2.1594e-03 Train_Loss_mse: 7.5491e-03
Epoch: [89][ 0/28]	Time  8.201 ( 8.201)	Loss_VinDrCXR_rad5 cls 7.0411e-04 (7.0411e-04)	Loss_VinDrCXR_rad5 mse 8.3525e-03 (8.3525e-03)
Epoch: [89] Train_Loss_cls: 3.2540e-03 Train_Loss_mse: 8.9591e-03
Epoch: [89][ 0/21]	Time  8.399 ( 8.399)	Loss_VinDrCXR_rad6 cls 4.4063e-04 (4.4063e-04)	Loss_VinDrCXR_rad6 mse 7.9273e-03 (7.9273e-03)
Epoch: [89] Train_Loss_cls: 6.5799e-04 Train_Loss_mse: 8.9404e-03
Epoch: [89][ 0/18]	Time  9.134 ( 9.134)	Loss_VinDrCXR_rad7 cls 8.5484e-04 (8.5484e-04)	Loss_VinDrCXR_rad7 mse 9.7114e-03 (9.7114e-03)
Epoch: [89] Train_Loss_cls: 1.9283e-03 Train_Loss_mse: 8.5694e-03
Epoch: [89][ 0/66]	Time  8.994 ( 8.994)	Loss_VinDrCXR_rad8 cls 3.7914e-01 (3.7914e-01)	Loss_VinDrCXR_rad8 mse 1.4020e-01 (1.4020e-01)
Epoch: [89][50/66]	Time  0.989 ( 1.154)	Loss_VinDrCXR_rad8 cls 1.1866e-01 (1.0687e-01)	Loss_VinDrCXR_rad8 mse 1.8933e-01 (2.3943e-01)
Epoch: [89] Train_Loss_cls: 1.0332e-01 Train_Loss_mse: 2.2989e-01
Epoch: [89][ 0/62]	Time  8.888 ( 8.888)	Loss_VinDrCXR_rad9 cls 2.0479e-01 (2.0479e-01)	Loss_VinDrCXR_rad9 mse 1.7429e-01 (1.7429e-01)
Epoch: [89][50/62]	Time  0.978 ( 1.148)	Loss_VinDrCXR_rad9 cls 1.4363e-01 (1.4118e-01)	Loss_VinDrCXR_rad9 mse 2.3418e-01 (2.1065e-01)
Epoch: [89] Train_Loss_cls: 1.4340e-01 Train_Loss_mse: 2.1549e-01
Epoch: [89][ 0/65]	Time  8.436 ( 8.436)	Loss_VinDrCXR_rad10 cls 1.4568e-01 (1.4568e-01)	Loss_VinDrCXR_rad10 mse 2.8217e-01 (2.8217e-01)
Epoch: [89][50/65]	Time  0.977 ( 1.154)	Loss_VinDrCXR_rad10 cls 1.3020e-01 (1.0693e-01)	Loss_VinDrCXR_rad10 mse 1.7466e-01 (2.1173e-01)
Epoch: [89] Train_Loss_cls: 1.0658e-01 Train_Loss_mse: 2.1461e-01
Epoch: [89][ 0/16]	Time  8.552 ( 8.552)	Loss_VinDrCXR_rad11 cls 4.1037e-02 (4.1037e-02)	Loss_VinDrCXR_rad11 mse 4.9762e-02 (4.9762e-02)
Epoch: [89] Train_Loss_cls: 2.5496e-02 Train_Loss_mse: 3.7986e-02
Epoch: [89][ 0/17]	Time  8.826 ( 8.826)	Loss_VinDrCXR_rad12 cls 4.5052e-03 (4.5052e-03)	Loss_VinDrCXR_rad12 mse 1.3685e-02 (1.3685e-02)
Epoch: [89] Train_Loss_cls: 2.0506e-02 Train_Loss_mse: 3.0424e-02
Epoch: [89][ 0/17]	Time  8.625 ( 8.625)	Loss_VinDrCXR_rad13 cls 2.3882e-02 (2.3882e-02)	Loss_VinDrCXR_rad13 mse 9.6775e-02 (9.6775e-02)
Epoch: [89] Train_Loss_cls: 2.5739e-02 Train_Loss_mse: 4.7389e-02
Epoch: [89][ 0/15]	Time  8.505 ( 8.505)	Loss_VinDrCXR_rad14 cls 3.4771e-02 (3.4771e-02)	Loss_VinDrCXR_rad14 mse 2.7879e-02 (2.7879e-02)
Epoch: [89] Train_Loss_cls: 2.8416e-02 Train_Loss_mse: 4.4086e-02
Epoch: [89][ 0/17]	Time  8.491 ( 8.491)	Loss_VinDrCXR_rad15 cls 2.6587e-02 (2.6587e-02)	Loss_VinDrCXR_rad15 mse 1.9428e-02 (1.9428e-02)
Epoch: [89] Train_Loss_cls: 2.5970e-02 Train_Loss_mse: 3.2603e-02
Epoch: [89][ 0/17]	Time  8.618 ( 8.618)	Loss_VinDrCXR_rad16 cls 2.8485e-02 (2.8485e-02)	Loss_VinDrCXR_rad16 mse 2.7919e-02 (2.7919e-02)
Epoch: [89] Train_Loss_cls: 1.7741e-02 Train_Loss_mse: 4.4872e-02
Epoch: [89][0/8]	Time  8.747 ( 8.747)	Loss_VinDrCXR_rad17 cls 2.8062e-02 (2.8062e-02)	Loss_VinDrCXR_rad17 mse 3.1953e-02 (3.1953e-02)
Epoch: [89] Train_Loss_cls: 2.6111e-02 Train_Loss_mse: 2.3834e-02
Val_VinDrCXR_rad1: [ 0/30]	Time  7.692 ( 7.692)	Loss 8.8800e-01 (8.8800e-01)
Epoch 0089: avg_val_loss 0.34702, saving model to ./Models/swin_base_Ark_Finetune_17Rad/Ark_PlusArk_Finetune_17Rad/Ark_Finetune_17Rad/Ark_PlusArk_Finetune_17Rad
Epoch: [90][ 0/20]	Time  8.190 ( 8.190)	Loss_VinDrCXR_rad1 cls 2.9449e-03 (2.9449e-03)	Loss_VinDrCXR_rad1 mse 1.0851e-02 (1.0851e-02)
Epoch: [90] Train_Loss_cls: 2.4488e-03 Train_Loss_mse: 9.7987e-03
Epoch: [90][ 0/32]	Time  8.508 ( 8.508)	Loss_VinDrCXR_rad2 cls 1.1221e-03 (1.1221e-03)	Loss_VinDrCXR_rad2 mse 1.2738e-02 (1.2738e-02)
Epoch: [90] Train_Loss_cls: 3.8650e-03 Train_Loss_mse: 1.0197e-02
Epoch: [90][ 0/23]	Time  8.824 ( 8.824)	Loss_VinDrCXR_rad3 cls 5.4339e-04 (5.4339e-04)	Loss_VinDrCXR_rad3 mse 8.4370e-03 (8.4370e-03)
Epoch: [90] Train_Loss_cls: 1.8143e-03 Train_Loss_mse: 1.0064e-02
Epoch: [90][ 0/16]	Time  8.590 ( 8.590)	Loss_VinDrCXR_rad4 cls 3.1738e-04 (3.1738e-04)	Loss_VinDrCXR_rad4 mse 8.0461e-03 (8.0461e-03)
Epoch: [90] Train_Loss_cls: 2.2831e-03 Train_Loss_mse: 8.1882e-03
Epoch: [90][ 0/28]	Time  8.726 ( 8.726)	Loss_VinDrCXR_rad5 cls 1.6099e-04 (1.6099e-04)	Loss_VinDrCXR_rad5 mse 9.1977e-03 (9.1977e-03)
Epoch: [90] Train_Loss_cls: 2.9230e-03 Train_Loss_mse: 8.7985e-03
Epoch: [90][ 0/21]	Time  8.192 ( 8.192)	Loss_VinDrCXR_rad6 cls 6.1730e-04 (6.1730e-04)	Loss_VinDrCXR_rad6 mse 7.0233e-03 (7.0233e-03)
Epoch: [90] Train_Loss_cls: 8.2262e-04 Train_Loss_mse: 9.4405e-03
Epoch: [90][ 0/18]	Time  8.751 ( 8.751)	Loss_VinDrCXR_rad7 cls 1.4660e-04 (1.4660e-04)	Loss_VinDrCXR_rad7 mse 9.1635e-03 (9.1635e-03)
Epoch: [90] Train_Loss_cls: 1.8914e-03 Train_Loss_mse: 1.1381e-02
Epoch: [90][ 0/66]	Time  8.958 ( 8.958)	Loss_VinDrCXR_rad8 cls 3.1277e-01 (3.1277e-01)	Loss_VinDrCXR_rad8 mse 1.4983e-01 (1.4983e-01)
Epoch: [90][50/66]	Time  0.978 ( 1.153)	Loss_VinDrCXR_rad8 cls 6.3050e-02 (1.0223e-01)	Loss_VinDrCXR_rad8 mse 8.7561e-02 (1.7993e-01)
Epoch: [90] Train_Loss_cls: 9.9288e-02 Train_Loss_mse: 1.8466e-01
Epoch: [90][ 0/62]	Time  8.694 ( 8.694)	Loss_VinDrCXR_rad9 cls 2.4562e-01 (2.4562e-01)	Loss_VinDrCXR_rad9 mse 1.3531e-01 (1.3531e-01)
Epoch: [90][50/62]	Time  0.976 ( 1.193)	Loss_VinDrCXR_rad9 cls 1.4908e-01 (1.4565e-01)	Loss_VinDrCXR_rad9 mse 1.3285e-01 (2.2052e-01)
Epoch: [90] Train_Loss_cls: 1.4630e-01 Train_Loss_mse: 2.3970e-01
Epoch: [90][ 0/65]	Time  9.486 ( 9.486)	Loss_VinDrCXR_rad10 cls 8.6319e-02 (8.6319e-02)	Loss_VinDrCXR_rad10 mse 1.1442e-01 (1.1442e-01)
Epoch: [90][50/65]	Time  0.976 ( 1.166)	Loss_VinDrCXR_rad10 cls 1.0652e-01 (1.0792e-01)	Loss_VinDrCXR_rad10 mse 1.8195e-01 (1.9997e-01)
Epoch: [90] Train_Loss_cls: 1.0643e-01 Train_Loss_mse: 2.0366e-01
Epoch: [90][ 0/16]	Time  8.709 ( 8.709)	Loss_VinDrCXR_rad11 cls 4.5509e-02 (4.5509e-02)	Loss_VinDrCXR_rad11 mse 4.5949e-02 (4.5949e-02)
Epoch: [90] Train_Loss_cls: 2.5366e-02 Train_Loss_mse: 4.4024e-02
Epoch: [90][ 0/17]	Time  8.663 ( 8.663)	Loss_VinDrCXR_rad12 cls 7.0555e-03 (7.0555e-03)	Loss_VinDrCXR_rad12 mse 4.7333e-02 (4.7333e-02)
Epoch: [90] Train_Loss_cls: 1.9392e-02 Train_Loss_mse: 3.3455e-02
Epoch: [90][ 0/17]	Time  9.009 ( 9.009)	Loss_VinDrCXR_rad13 cls 1.4122e-02 (1.4122e-02)	Loss_VinDrCXR_rad13 mse 2.3330e-02 (2.3330e-02)
Epoch: [90] Train_Loss_cls: 2.9218e-02 Train_Loss_mse: 4.0837e-02
Epoch: [90][ 0/15]	Time  9.452 ( 9.452)	Loss_VinDrCXR_rad14 cls 2.3460e-02 (2.3460e-02)	Loss_VinDrCXR_rad14 mse 3.9538e-02 (3.9538e-02)
Epoch: [90] Train_Loss_cls: 3.0196e-02 Train_Loss_mse: 5.7072e-02
Epoch: [90][ 0/17]	Time  8.816 ( 8.816)	Loss_VinDrCXR_rad15 cls 6.0238e-02 (6.0238e-02)	Loss_VinDrCXR_rad15 mse 8.4309e-02 (8.4309e-02)
Epoch: [90] Train_Loss_cls: 2.6182e-02 Train_Loss_mse: 4.1097e-02
Epoch: [90][ 0/17]	Time  8.737 ( 8.737)	Loss_VinDrCXR_rad16 cls 3.8042e-02 (3.8042e-02)	Loss_VinDrCXR_rad16 mse 5.4029e-02 (5.4029e-02)
Epoch: [90] Train_Loss_cls: 1.7927e-02 Train_Loss_mse: 4.1446e-02
Epoch: [90][0/8]	Time  8.786 ( 8.786)	Loss_VinDrCXR_rad17 cls 9.3771e-03 (9.3771e-03)	Loss_VinDrCXR_rad17 mse 1.6312e-02 (1.6312e-02)
Epoch: [90] Train_Loss_cls: 1.9118e-02 Train_Loss_mse: 2.0887e-02
Val_VinDrCXR_rad1: [ 0/30]	Time  7.421 ( 7.421)	Loss 9.2813e-01 (9.2813e-01)
Epoch 0090: avg_val_loss 0.35493, saving model to ./Models/swin_base_Ark_Finetune_17Rad/Ark_PlusArk_Finetune_17Rad/Ark_Finetune_17Rad/Ark_PlusArk_Finetune_17Rad
>>VinDrCXR_rad1 Disease = ['PE', 'Lung tumor', 'Pneumonia', 'Tuberculosis', 'Other diseases', 'No finding']
>>VinDrCXR_rad1:Student AUC = [0.986 	0.8961	0.956 	0.9563	0.8438	0.9417], 
Teacher AUC = [0.9855	0.9074	0.9575	0.9535	0.8367	0.9391]

>>VinDrCXR_rad1: Student mAUC = 0.9300, Teacher mAUC = 0.9299
Omni-pretraining stage: 
Student meanAUC = 
[[0.9468759507134883], [0.9454261264448013], [0.9389692516963958], [0.9338567099466557], [0.9322285595158992], [0.9267613086784795], [0.9269031959521569], [0.9311978881171713], [0.9322738966995839], [0.9282953834234174], [0.929972291939886]] 
Teacher meanAUC = 
[[0.9468759507134883], [0.9460270675389304], [0.9413547485728361], [0.9352525270339678], [0.933640160889925], [0.9253586349249475], [0.9311537710751477], [0.9326593268703175], [0.9311490937056109], [0.9340407878121827], [0.9299489031778979]]

Epoch: [91][ 0/20]	Time  8.384 ( 8.384)	Loss_VinDrCXR_rad1 cls 1.8644e-03 (1.8644e-03)	Loss_VinDrCXR_rad1 mse 9.9234e-03 (9.9234e-03)
Epoch: [91] Train_Loss_cls: 1.5167e-03 Train_Loss_mse: 9.9447e-03
Epoch: [91][ 0/32]	Time  8.362 ( 8.362)	Loss_VinDrCXR_rad2 cls 3.6255e-04 (3.6255e-04)	Loss_VinDrCXR_rad2 mse 9.2843e-03 (9.2843e-03)
Epoch: [91] Train_Loss_cls: 3.5668e-03 Train_Loss_mse: 9.5756e-03
Epoch: [91][ 0/23]	Time  9.216 ( 9.216)	Loss_VinDrCXR_rad3 cls 4.4055e-04 (4.4055e-04)	Loss_VinDrCXR_rad3 mse 1.0375e-02 (1.0375e-02)
Epoch: [91] Train_Loss_cls: 1.1327e-03 Train_Loss_mse: 9.2609e-03
Epoch: [91][ 0/16]	Time  9.066 ( 9.066)	Loss_VinDrCXR_rad4 cls 1.9775e-04 (1.9775e-04)	Loss_VinDrCXR_rad4 mse 6.2251e-03 (6.2251e-03)
Epoch: [91] Train_Loss_cls: 2.1433e-03 Train_Loss_mse: 8.1671e-03
Epoch: [91][ 0/28]	Time  8.380 ( 8.380)	Loss_VinDrCXR_rad5 cls 2.4514e-04 (2.4514e-04)	Loss_VinDrCXR_rad5 mse 6.6292e-03 (6.6292e-03)
Epoch: [91] Train_Loss_cls: 2.1657e-03 Train_Loss_mse: 1.0905e-02
Epoch: [91][ 0/21]	Time  8.632 ( 8.632)	Loss_VinDrCXR_rad6 cls 3.7218e-04 (3.7218e-04)	Loss_VinDrCXR_rad6 mse 7.0689e-03 (7.0689e-03)
Epoch: [91] Train_Loss_cls: 3.4631e-04 Train_Loss_mse: 8.4718e-03
Epoch: [91][ 0/18]	Time  8.432 ( 8.432)	Loss_VinDrCXR_rad7 cls 1.1135e-04 (1.1135e-04)	Loss_VinDrCXR_rad7 mse 8.5464e-03 (8.5464e-03)
Epoch: [91] Train_Loss_cls: 1.9319e-03 Train_Loss_mse: 8.3564e-03
Epoch: [91][ 0/66]	Time  8.956 ( 8.956)	Loss_VinDrCXR_rad8 cls 4.0737e-01 (4.0737e-01)	Loss_VinDrCXR_rad8 mse 3.3458e-01 (3.3458e-01)
Epoch: [91][50/66]	Time  0.977 ( 1.208)	Loss_VinDrCXR_rad8 cls 1.2073e-01 (1.0199e-01)	Loss_VinDrCXR_rad8 mse 1.8377e-01 (2.4328e-01)
Epoch: [91] Train_Loss_cls: 1.0045e-01 Train_Loss_mse: 2.2784e-01
Epoch: [91][ 0/62]	Time  8.573 ( 8.573)	Loss_VinDrCXR_rad9 cls 1.7187e-01 (1.7187e-01)	Loss_VinDrCXR_rad9 mse 2.2105e-01 (2.2105e-01)
Epoch: [91][50/62]	Time  1.238 ( 1.134)	Loss_VinDrCXR_rad9 cls 1.3376e-01 (1.4343e-01)	Loss_VinDrCXR_rad9 mse 2.7201e-01 (1.9474e-01)
Epoch: [91] Train_Loss_cls: 1.4205e-01 Train_Loss_mse: 1.9671e-01
Epoch: [91][ 0/65]	Time  8.802 ( 8.802)	Loss_VinDrCXR_rad10 cls 1.0221e-01 (1.0221e-01)	Loss_VinDrCXR_rad10 mse 1.3856e-01 (1.3856e-01)
Epoch: [91][50/65]	Time  0.975 ( 1.148)	Loss_VinDrCXR_rad10 cls 9.3919e-02 (1.1591e-01)	Loss_VinDrCXR_rad10 mse 2.3888e-01 (2.7766e-01)
Epoch: [91] Train_Loss_cls: 1.1508e-01 Train_Loss_mse: 2.8269e-01
Epoch: [91][ 0/16]	Time  8.910 ( 8.910)	Loss_VinDrCXR_rad11 cls 3.4644e-02 (3.4644e-02)	Loss_VinDrCXR_rad11 mse 4.5938e-02 (4.5938e-02)
Epoch: [91] Train_Loss_cls: 2.2593e-02 Train_Loss_mse: 4.0394e-02
Epoch: [91][ 0/17]	Time  8.981 ( 8.981)	Loss_VinDrCXR_rad12 cls 2.8060e-02 (2.8060e-02)	Loss_VinDrCXR_rad12 mse 5.6483e-02 (5.6483e-02)
Epoch: [91] Train_Loss_cls: 2.0668e-02 Train_Loss_mse: 3.4682e-02
Epoch: [91][ 0/17]	Time  8.476 ( 8.476)	Loss_VinDrCXR_rad13 cls 3.6306e-02 (3.6306e-02)	Loss_VinDrCXR_rad13 mse 6.1645e-02 (6.1645e-02)
Epoch: [91] Train_Loss_cls: 2.4639e-02 Train_Loss_mse: 4.0174e-02
Epoch: [91][ 0/15]	Time  8.688 ( 8.688)	Loss_VinDrCXR_rad14 cls 4.0976e-02 (4.0976e-02)	Loss_VinDrCXR_rad14 mse 4.8102e-02 (4.8102e-02)
Epoch: [91] Train_Loss_cls: 3.2134e-02 Train_Loss_mse: 5.5009e-02
Epoch: [91][ 0/17]	Time  8.741 ( 8.741)	Loss_VinDrCXR_rad15 cls 5.0169e-02 (5.0169e-02)	Loss_VinDrCXR_rad15 mse 7.6235e-02 (7.6235e-02)
Epoch: [91] Train_Loss_cls: 3.0557e-02 Train_Loss_mse: 3.6960e-02
Epoch: [91][ 0/17]	Time  9.070 ( 9.070)	Loss_VinDrCXR_rad16 cls 2.7686e-02 (2.7686e-02)	Loss_VinDrCXR_rad16 mse 3.1869e-02 (3.1869e-02)
Epoch: [91] Train_Loss_cls: 2.0154e-02 Train_Loss_mse: 5.1489e-02
Epoch: [91][0/8]	Time  8.583 ( 8.583)	Loss_VinDrCXR_rad17 cls 6.0703e-03 (6.0703e-03)	Loss_VinDrCXR_rad17 mse 1.5553e-02 (1.5553e-02)
Epoch: [91] Train_Loss_cls: 2.0112e-02 Train_Loss_mse: 2.8487e-02
Val_VinDrCXR_rad1: [ 0/30]	Time  8.576 ( 8.576)	Loss 9.1827e-01 (9.1827e-01)
Epoch 0091: avg_val_loss 0.35056, saving model to ./Models/swin_base_Ark_Finetune_17Rad/Ark_PlusArk_Finetune_17Rad/Ark_Finetune_17Rad/Ark_PlusArk_Finetune_17Rad
Epoch: [92][ 0/20]	Time  8.089 ( 8.089)	Loss_VinDrCXR_rad1 cls 1.7033e-03 (1.7033e-03)	Loss_VinDrCXR_rad1 mse 9.4047e-03 (9.4047e-03)
Epoch: [92] Train_Loss_cls: 1.5051e-03 Train_Loss_mse: 9.5600e-03
Epoch: [92][ 0/32]	Time  9.156 ( 9.156)	Loss_VinDrCXR_rad2 cls 4.8050e-04 (4.8050e-04)	Loss_VinDrCXR_rad2 mse 7.4542e-03 (7.4542e-03)
Epoch: [92] Train_Loss_cls: 3.8616e-03 Train_Loss_mse: 9.8641e-03
Epoch: [92][ 0/23]	Time  8.634 ( 8.634)	Loss_VinDrCXR_rad3 cls 8.3914e-04 (8.3914e-04)	Loss_VinDrCXR_rad3 mse 8.7089e-03 (8.7089e-03)
Epoch: [92] Train_Loss_cls: 2.4358e-03 Train_Loss_mse: 1.0108e-02
Epoch: [92][ 0/16]	Time  8.820 ( 8.820)	Loss_VinDrCXR_rad4 cls 4.5327e-04 (4.5327e-04)	Loss_VinDrCXR_rad4 mse 6.9792e-03 (6.9792e-03)
Epoch: [92] Train_Loss_cls: 1.9740e-03 Train_Loss_mse: 8.6264e-03
Epoch: [92][ 0/28]	Time  8.430 ( 8.430)	Loss_VinDrCXR_rad5 cls 2.4017e-04 (2.4017e-04)	Loss_VinDrCXR_rad5 mse 1.0039e-02 (1.0039e-02)
Epoch: [92] Train_Loss_cls: 2.4255e-03 Train_Loss_mse: 1.2558e-02
Epoch: [92][ 0/21]	Time  8.312 ( 8.312)	Loss_VinDrCXR_rad6 cls 2.7922e-04 (2.7922e-04)	Loss_VinDrCXR_rad6 mse 7.6333e-03 (7.6333e-03)
Epoch: [92] Train_Loss_cls: 6.2832e-04 Train_Loss_mse: 9.3827e-03
Epoch: [92][ 0/18]	Time  9.085 ( 9.085)	Loss_VinDrCXR_rad7 cls 1.4361e-04 (1.4361e-04)	Loss_VinDrCXR_rad7 mse 7.7958e-03 (7.7958e-03)
Epoch: [92] Train_Loss_cls: 1.9479e-03 Train_Loss_mse: 8.7508e-03
Epoch: [92][ 0/66]	Time  8.779 ( 8.779)	Loss_VinDrCXR_rad8 cls 3.4278e-01 (3.4278e-01)	Loss_VinDrCXR_rad8 mse 1.1819e-01 (1.1819e-01)
Epoch: [92][50/66]	Time  0.976 ( 1.163)	Loss_VinDrCXR_rad8 cls 9.2665e-02 (1.0764e-01)	Loss_VinDrCXR_rad8 mse 1.4275e-01 (2.2243e-01)
Epoch: [92] Train_Loss_cls: 1.0208e-01 Train_Loss_mse: 2.2129e-01
Epoch: [92][ 0/62]	Time  8.867 ( 8.867)	Loss_VinDrCXR_rad9 cls 1.7147e-01 (1.7147e-01)	Loss_VinDrCXR_rad9 mse 3.9069e-01 (3.9069e-01)
Epoch: [92][50/62]	Time  0.979 ( 1.148)	Loss_VinDrCXR_rad9 cls 1.4899e-01 (1.4046e-01)	Loss_VinDrCXR_rad9 mse 1.4511e-01 (2.3382e-01)
Epoch: [92] Train_Loss_cls: 1.4085e-01 Train_Loss_mse: 2.3445e-01
Epoch: [92][ 0/65]	Time  8.795 ( 8.795)	Loss_VinDrCXR_rad10 cls 1.3172e-01 (1.3172e-01)	Loss_VinDrCXR_rad10 mse 2.5203e-01 (2.5203e-01)
Epoch: [92][50/65]	Time  1.000 ( 1.131)	Loss_VinDrCXR_rad10 cls 9.2529e-02 (1.0928e-01)	Loss_VinDrCXR_rad10 mse 1.3286e-01 (2.2597e-01)
Epoch: [92] Train_Loss_cls: 1.0553e-01 Train_Loss_mse: 2.1126e-01
Epoch: [92][ 0/16]	Time  8.365 ( 8.365)	Loss_VinDrCXR_rad11 cls 5.4119e-02 (5.4119e-02)	Loss_VinDrCXR_rad11 mse 4.6750e-02 (4.6750e-02)
Epoch: [92] Train_Loss_cls: 2.4585e-02 Train_Loss_mse: 4.2294e-02
Epoch: [92][ 0/17]	Time  8.663 ( 8.663)	Loss_VinDrCXR_rad12 cls 1.6592e-02 (1.6592e-02)	Loss_VinDrCXR_rad12 mse 2.4082e-02 (2.4082e-02)
Epoch: [92] Train_Loss_cls: 2.5484e-02 Train_Loss_mse: 4.6189e-02
Epoch: [92][ 0/17]	Time  8.590 ( 8.590)	Loss_VinDrCXR_rad13 cls 2.0289e-02 (2.0289e-02)	Loss_VinDrCXR_rad13 mse 1.9354e-02 (1.9354e-02)
Epoch: [92] Train_Loss_cls: 2.5718e-02 Train_Loss_mse: 4.5179e-02
Epoch: [92][ 0/15]	Time  8.730 ( 8.730)	Loss_VinDrCXR_rad14 cls 4.0978e-02 (4.0978e-02)	Loss_VinDrCXR_rad14 mse 4.8798e-02 (4.8798e-02)
Epoch: [92] Train_Loss_cls: 3.0431e-02 Train_Loss_mse: 3.7860e-02
Epoch: [92][ 0/17]	Time  8.922 ( 8.922)	Loss_VinDrCXR_rad15 cls 1.8826e-02 (1.8826e-02)	Loss_VinDrCXR_rad15 mse 2.6954e-02 (2.6954e-02)
Epoch: [92] Train_Loss_cls: 3.1184e-02 Train_Loss_mse: 4.3008e-02
Epoch: [92][ 0/17]	Time  8.702 ( 8.702)	Loss_VinDrCXR_rad16 cls 4.1230e-02 (4.1230e-02)	Loss_VinDrCXR_rad16 mse 1.0083e-01 (1.0083e-01)
Epoch: [92] Train_Loss_cls: 2.0832e-02 Train_Loss_mse: 7.2486e-02
Epoch: [92][0/8]	Time  8.544 ( 8.544)	Loss_VinDrCXR_rad17 cls 2.3982e-02 (2.3982e-02)	Loss_VinDrCXR_rad17 mse 1.7470e-02 (1.7470e-02)
Epoch: [92] Train_Loss_cls: 2.1344e-02 Train_Loss_mse: 2.1364e-02
Val_VinDrCXR_rad1: [ 0/30]	Time  7.377 ( 7.377)	Loss 9.5923e-01 (9.5923e-01)
Epoch 0092: avg_val_loss 0.37216, saving model to ./Models/swin_base_Ark_Finetune_17Rad/Ark_PlusArk_Finetune_17Rad/Ark_Finetune_17Rad/Ark_PlusArk_Finetune_17Rad
Epoch: [93][ 0/20]	Time  8.446 ( 8.446)	Loss_VinDrCXR_rad1 cls 1.6291e-03 (1.6291e-03)	Loss_VinDrCXR_rad1 mse 9.1903e-03 (9.1903e-03)
Epoch: [93] Train_Loss_cls: 1.7046e-03 Train_Loss_mse: 9.7074e-03
Epoch: [93][ 0/32]	Time  8.506 ( 8.506)	Loss_VinDrCXR_rad2 cls 2.0302e-02 (2.0302e-02)	Loss_VinDrCXR_rad2 mse 9.5056e-03 (9.5056e-03)
Epoch: [93] Train_Loss_cls: 3.4907e-03 Train_Loss_mse: 9.9025e-03
Epoch: [93][ 0/23]	Time  8.826 ( 8.826)	Loss_VinDrCXR_rad3 cls 8.5790e-04 (8.5790e-04)	Loss_VinDrCXR_rad3 mse 9.3108e-03 (9.3108e-03)
Epoch: [93] Train_Loss_cls: 2.2192e-03 Train_Loss_mse: 9.8800e-03
Epoch: [93][ 0/16]	Time  8.401 ( 8.401)	Loss_VinDrCXR_rad4 cls 4.4171e-04 (4.4171e-04)	Loss_VinDrCXR_rad4 mse 8.4586e-03 (8.4586e-03)
Epoch: [93] Train_Loss_cls: 1.7653e-03 Train_Loss_mse: 9.0289e-03
Epoch: [93][ 0/28]	Time  8.894 ( 8.894)	Loss_VinDrCXR_rad5 cls 2.1286e-04 (2.1286e-04)	Loss_VinDrCXR_rad5 mse 6.8355e-03 (6.8355e-03)
Epoch: [93] Train_Loss_cls: 2.3151e-03 Train_Loss_mse: 1.0233e-02
Epoch: [93][ 0/21]	Time  8.546 ( 8.546)	Loss_VinDrCXR_rad6 cls 1.7758e-03 (1.7758e-03)	Loss_VinDrCXR_rad6 mse 1.0401e-02 (1.0401e-02)
Epoch: [93] Train_Loss_cls: 3.9162e-04 Train_Loss_mse: 1.2584e-02
Epoch: [93][ 0/18]	Time  8.809 ( 8.809)	Loss_VinDrCXR_rad7 cls 2.3638e-04 (2.3638e-04)	Loss_VinDrCXR_rad7 mse 7.7489e-03 (7.7489e-03)
Epoch: [93] Train_Loss_cls: 1.8840e-03 Train_Loss_mse: 8.3610e-03
Epoch: [93][ 0/66]	Time  8.655 ( 8.655)	Loss_VinDrCXR_rad8 cls 3.5822e-01 (3.5822e-01)	Loss_VinDrCXR_rad8 mse 1.8198e-01 (1.8198e-01)
Epoch: [93][50/66]	Time  1.492 ( 1.141)	Loss_VinDrCXR_rad8 cls 9.3336e-02 (1.0112e-01)	Loss_VinDrCXR_rad8 mse 3.2047e-01 (2.2280e-01)
Epoch: [93] Train_Loss_cls: 9.9896e-02 Train_Loss_mse: 2.3067e-01
Epoch: [93][ 0/62]	Time  8.908 ( 8.908)	Loss_VinDrCXR_rad9 cls 2.0091e-01 (2.0091e-01)	Loss_VinDrCXR_rad9 mse 5.3473e-01 (5.3473e-01)
Epoch: [93][50/62]	Time  0.978 ( 1.169)	Loss_VinDrCXR_rad9 cls 1.1342e-01 (1.4603e-01)	Loss_VinDrCXR_rad9 mse 2.6183e-01 (2.8133e-01)
Epoch: [93] Train_Loss_cls: 1.4468e-01 Train_Loss_mse: 2.6615e-01
Epoch: [93][ 0/65]	Time  8.643 ( 8.643)	Loss_VinDrCXR_rad10 cls 1.3710e-01 (1.3710e-01)	Loss_VinDrCXR_rad10 mse 1.8041e-01 (1.8041e-01)
Epoch: [93][50/65]	Time  0.979 ( 1.168)	Loss_VinDrCXR_rad10 cls 1.3107e-01 (1.1037e-01)	Loss_VinDrCXR_rad10 mse 1.4087e-01 (2.3267e-01)
Epoch: [93] Train_Loss_cls: 1.1002e-01 Train_Loss_mse: 2.2674e-01
Epoch: [93][ 0/16]	Time  8.746 ( 8.746)	Loss_VinDrCXR_rad11 cls 2.7597e-02 (2.7597e-02)	Loss_VinDrCXR_rad11 mse 3.1486e-02 (3.1486e-02)
Epoch: [93] Train_Loss_cls: 2.3319e-02 Train_Loss_mse: 3.7760e-02
Epoch: [93][ 0/17]	Time  8.691 ( 8.691)	Loss_VinDrCXR_rad12 cls 6.3613e-03 (6.3613e-03)	Loss_VinDrCXR_rad12 mse 1.9557e-02 (1.9557e-02)
Epoch: [93] Train_Loss_cls: 2.2812e-02 Train_Loss_mse: 4.3731e-02
Epoch: [93][ 0/17]	Time  8.719 ( 8.719)	Loss_VinDrCXR_rad13 cls 1.7044e-02 (1.7044e-02)	Loss_VinDrCXR_rad13 mse 1.6483e-02 (1.6483e-02)
Epoch: [93] Train_Loss_cls: 2.5208e-02 Train_Loss_mse: 3.8457e-02
Epoch: [93][ 0/15]	Time  8.866 ( 8.866)	Loss_VinDrCXR_rad14 cls 3.1256e-02 (3.1256e-02)	Loss_VinDrCXR_rad14 mse 3.1791e-02 (3.1791e-02)
Epoch: [93] Train_Loss_cls: 2.6986e-02 Train_Loss_mse: 4.3979e-02
Epoch: [93][ 0/17]	Time  8.547 ( 8.547)	Loss_VinDrCXR_rad15 cls 2.6644e-02 (2.6644e-02)	Loss_VinDrCXR_rad15 mse 3.1553e-02 (3.1553e-02)
Epoch: [93] Train_Loss_cls: 2.9365e-02 Train_Loss_mse: 6.1184e-02
Epoch: [93][ 0/17]	Time  8.582 ( 8.582)	Loss_VinDrCXR_rad16 cls 1.6731e-02 (1.6731e-02)	Loss_VinDrCXR_rad16 mse 3.5252e-02 (3.5252e-02)
Epoch: [93] Train_Loss_cls: 2.1280e-02 Train_Loss_mse: 4.6266e-02
Epoch: [93][0/8]	Time  8.471 ( 8.471)	Loss_VinDrCXR_rad17 cls 3.9491e-02 (3.9491e-02)	Loss_VinDrCXR_rad17 mse 2.3709e-02 (2.3709e-02)
Epoch: [93] Train_Loss_cls: 2.4908e-02 Train_Loss_mse: 2.4555e-02
Val_VinDrCXR_rad1: [ 0/30]	Time  7.021 ( 7.021)	Loss 8.5090e-01 (8.5090e-01)
Epoch 0093: avg_val_loss 0.33258, saving model to ./Models/swin_base_Ark_Finetune_17Rad/Ark_PlusArk_Finetune_17Rad/Ark_Finetune_17Rad/Ark_PlusArk_Finetune_17Rad
Epoch: [94][ 0/20]	Time  8.726 ( 8.726)	Loss_VinDrCXR_rad1 cls 2.8596e-03 (2.8596e-03)	Loss_VinDrCXR_rad1 mse 8.1744e-03 (8.1744e-03)
Epoch: [94] Train_Loss_cls: 1.8335e-03 Train_Loss_mse: 1.6851e-02
Epoch: [94][ 0/32]	Time  9.050 ( 9.050)	Loss_VinDrCXR_rad2 cls 6.1879e-04 (6.1879e-04)	Loss_VinDrCXR_rad2 mse 9.0202e-03 (9.0202e-03)
Epoch: [94] Train_Loss_cls: 4.0364e-03 Train_Loss_mse: 9.6700e-03
Epoch: [94][ 0/23]	Time  8.308 ( 8.308)	Loss_VinDrCXR_rad3 cls 7.3305e-04 (7.3305e-04)	Loss_VinDrCXR_rad3 mse 8.0981e-03 (8.0981e-03)
Epoch: [94] Train_Loss_cls: 2.2447e-03 Train_Loss_mse: 1.0598e-02
Epoch: [94][ 0/16]	Time  8.617 ( 8.617)	Loss_VinDrCXR_rad4 cls 2.4844e-04 (2.4844e-04)	Loss_VinDrCXR_rad4 mse 5.7583e-03 (5.7583e-03)
Epoch: [94] Train_Loss_cls: 2.0436e-03 Train_Loss_mse: 7.2384e-03
Epoch: [94][ 0/28]	Time  8.652 ( 8.652)	Loss_VinDrCXR_rad5 cls 2.3734e-04 (2.3734e-04)	Loss_VinDrCXR_rad5 mse 1.6622e-02 (1.6622e-02)
Epoch: [94] Train_Loss_cls: 2.3725e-03 Train_Loss_mse: 9.3747e-03
Epoch: [94][ 0/21]	Time  8.752 ( 8.752)	Loss_VinDrCXR_rad6 cls 3.6810e-04 (3.6810e-04)	Loss_VinDrCXR_rad6 mse 7.8205e-03 (7.8205e-03)
Epoch: [94] Train_Loss_cls: 4.1024e-04 Train_Loss_mse: 8.8484e-03
Epoch: [94][ 0/18]	Time  8.744 ( 8.744)	Loss_VinDrCXR_rad7 cls 1.3960e-04 (1.3960e-04)	Loss_VinDrCXR_rad7 mse 4.6058e-02 (4.6058e-02)
Epoch: [94] Train_Loss_cls: 1.9541e-03 Train_Loss_mse: 9.7794e-03
Epoch: [94][ 0/66]	Time  8.690 ( 8.690)	Loss_VinDrCXR_rad8 cls 3.7915e-01 (3.7915e-01)	Loss_VinDrCXR_rad8 mse 3.4614e-01 (3.4614e-01)
Epoch: [94][50/66]	Time  0.976 ( 1.193)	Loss_VinDrCXR_rad8 cls 1.0732e-01 (1.0088e-01)	Loss_VinDrCXR_rad8 mse 2.6976e-01 (2.0113e-01)
Epoch: [94] Train_Loss_cls: 9.8963e-02 Train_Loss_mse: 2.1029e-01
Epoch: [94][ 0/62]	Time  8.797 ( 8.797)	Loss_VinDrCXR_rad9 cls 1.3191e-01 (1.3191e-01)	Loss_VinDrCXR_rad9 mse 1.1531e-01 (1.1531e-01)
Epoch: [94][50/62]	Time  0.975 ( 1.147)	Loss_VinDrCXR_rad9 cls 1.0144e-01 (1.4296e-01)	Loss_VinDrCXR_rad9 mse 1.0074e-01 (2.2415e-01)
Epoch: [94] Train_Loss_cls: 1.4282e-01 Train_Loss_mse: 2.1993e-01
Epoch: [94][ 0/65]	Time  8.792 ( 8.792)	Loss_VinDrCXR_rad10 cls 1.3734e-01 (1.3734e-01)	Loss_VinDrCXR_rad10 mse 1.8149e-01 (1.8149e-01)
Epoch: [94][50/65]	Time  0.975 ( 1.157)	Loss_VinDrCXR_rad10 cls 1.3278e-01 (1.0867e-01)	Loss_VinDrCXR_rad10 mse 3.7603e-01 (2.2140e-01)
Epoch: [94] Train_Loss_cls: 1.0598e-01 Train_Loss_mse: 2.0757e-01
Epoch: [94][ 0/16]	Time  8.559 ( 8.559)	Loss_VinDrCXR_rad11 cls 7.3847e-02 (7.3847e-02)	Loss_VinDrCXR_rad11 mse 1.5596e-01 (1.5596e-01)
Epoch: [94] Train_Loss_cls: 2.1018e-02 Train_Loss_mse: 4.3461e-02
Epoch: [94][ 0/17]	Time  8.800 ( 8.800)	Loss_VinDrCXR_rad12 cls 8.3642e-03 (8.3642e-03)	Loss_VinDrCXR_rad12 mse 2.1159e-02 (2.1159e-02)
Epoch: [94] Train_Loss_cls: 2.1949e-02 Train_Loss_mse: 3.3807e-02
Epoch: [94][ 0/17]	Time  8.712 ( 8.712)	Loss_VinDrCXR_rad13 cls 1.2099e-02 (1.2099e-02)	Loss_VinDrCXR_rad13 mse 3.7291e-02 (3.7291e-02)
Epoch: [94] Train_Loss_cls: 2.3609e-02 Train_Loss_mse: 7.2805e-02
Epoch: [94][ 0/15]	Time  8.750 ( 8.750)	Loss_VinDrCXR_rad14 cls 6.2972e-02 (6.2972e-02)	Loss_VinDrCXR_rad14 mse 6.9574e-02 (6.9574e-02)
Epoch: [94] Train_Loss_cls: 3.2811e-02 Train_Loss_mse: 4.2328e-02
Epoch: [94][ 0/17]	Time  9.301 ( 9.301)	Loss_VinDrCXR_rad15 cls 2.2348e-02 (2.2348e-02)	Loss_VinDrCXR_rad15 mse 2.5557e-02 (2.5557e-02)
Epoch: [94] Train_Loss_cls: 2.4688e-02 Train_Loss_mse: 3.4358e-02
Epoch: [94][ 0/17]	Time  9.304 ( 9.304)	Loss_VinDrCXR_rad16 cls 1.9347e-02 (1.9347e-02)	Loss_VinDrCXR_rad16 mse 2.2986e-02 (2.2986e-02)
Epoch: [94] Train_Loss_cls: 1.4711e-02 Train_Loss_mse: 3.8666e-02
Epoch: [94][0/8]	Time  8.926 ( 8.926)	Loss_VinDrCXR_rad17 cls 1.1555e-02 (1.1555e-02)	Loss_VinDrCXR_rad17 mse 1.5111e-02 (1.5111e-02)
Epoch: [94] Train_Loss_cls: 2.2794e-02 Train_Loss_mse: 2.8341e-02
Val_VinDrCXR_rad1: [ 0/30]	Time  7.571 ( 7.571)	Loss 1.0164e+00 (1.0164e+00)
Epoch 0094: avg_val_loss 0.39460, saving model to ./Models/swin_base_Ark_Finetune_17Rad/Ark_PlusArk_Finetune_17Rad/Ark_Finetune_17Rad/Ark_PlusArk_Finetune_17Rad
Epoch: [95][ 0/20]	Time  8.537 ( 8.537)	Loss_VinDrCXR_rad1 cls 9.0373e-04 (9.0373e-04)	Loss_VinDrCXR_rad1 mse 8.4052e-03 (8.4052e-03)
Epoch: [95] Train_Loss_cls: 1.4183e-03 Train_Loss_mse: 9.7008e-03
Epoch: [95][ 0/32]	Time  8.757 ( 8.757)	Loss_VinDrCXR_rad2 cls 1.2578e-02 (1.2578e-02)	Loss_VinDrCXR_rad2 mse 7.3527e-03 (7.3527e-03)
Epoch: [95] Train_Loss_cls: 3.4013e-03 Train_Loss_mse: 9.5136e-03
Epoch: [95][ 0/23]	Time  8.162 ( 8.162)	Loss_VinDrCXR_rad3 cls 5.2828e-04 (5.2828e-04)	Loss_VinDrCXR_rad3 mse 8.3857e-03 (8.3857e-03)
Epoch: [95] Train_Loss_cls: 1.2609e-03 Train_Loss_mse: 9.1711e-03
Epoch: [95][ 0/16]	Time  8.492 ( 8.492)	Loss_VinDrCXR_rad4 cls 1.5675e-04 (1.5675e-04)	Loss_VinDrCXR_rad4 mse 7.0837e-03 (7.0837e-03)
Epoch: [95] Train_Loss_cls: 2.1438e-03 Train_Loss_mse: 7.6878e-03
Epoch: [95][ 0/28]	Time  8.501 ( 8.501)	Loss_VinDrCXR_rad5 cls 2.1346e-04 (2.1346e-04)	Loss_VinDrCXR_rad5 mse 8.5109e-03 (8.5109e-03)
Epoch: [95] Train_Loss_cls: 3.0163e-03 Train_Loss_mse: 1.0795e-02
Epoch: [95][ 0/21]	Time  8.657 ( 8.657)	Loss_VinDrCXR_rad6 cls 6.8007e-04 (6.8007e-04)	Loss_VinDrCXR_rad6 mse 8.4232e-03 (8.4232e-03)
Epoch: [95] Train_Loss_cls: 5.3854e-04 Train_Loss_mse: 8.5536e-03
Epoch: [95][ 0/18]	Time  8.845 ( 8.845)	Loss_VinDrCXR_rad7 cls 1.5584e-04 (1.5584e-04)	Loss_VinDrCXR_rad7 mse 7.2718e-03 (7.2718e-03)
Epoch: [95] Train_Loss_cls: 1.9883e-03 Train_Loss_mse: 1.1149e-02
Epoch: [95][ 0/66]	Time  8.488 ( 8.488)	Loss_VinDrCXR_rad8 cls 3.8625e-01 (3.8625e-01)	Loss_VinDrCXR_rad8 mse 5.1422e-01 (5.1422e-01)
Epoch: [95][50/66]	Time  0.975 ( 1.172)	Loss_VinDrCXR_rad8 cls 9.1975e-02 (1.0421e-01)	Loss_VinDrCXR_rad8 mse 2.1455e-01 (2.3633e-01)
Epoch: [95] Train_Loss_cls: 1.0353e-01 Train_Loss_mse: 2.4371e-01
Epoch: [95][ 0/62]	Time  8.545 ( 8.545)	Loss_VinDrCXR_rad9 cls 1.5190e-01 (1.5190e-01)	Loss_VinDrCXR_rad9 mse 1.3510e-01 (1.3510e-01)
Epoch: [95][50/62]	Time  0.975 ( 1.150)	Loss_VinDrCXR_rad9 cls 1.4891e-01 (1.4314e-01)	Loss_VinDrCXR_rad9 mse 1.9603e-01 (2.2928e-01)
Epoch: [95] Train_Loss_cls: 1.4189e-01 Train_Loss_mse: 2.3803e-01
Epoch: [95][ 0/65]	Time  8.822 ( 8.822)	Loss_VinDrCXR_rad10 cls 1.1016e-01 (1.1016e-01)	Loss_VinDrCXR_rad10 mse 3.0265e-01 (3.0265e-01)
Epoch: [95][50/65]	Time  0.975 ( 1.136)	Loss_VinDrCXR_rad10 cls 1.6348e-01 (1.0760e-01)	Loss_VinDrCXR_rad10 mse 1.5876e-01 (2.6883e-01)
Epoch: [95] Train_Loss_cls: 1.0772e-01 Train_Loss_mse: 2.6581e-01
Epoch: [95][ 0/16]	Time  9.076 ( 9.076)	Loss_VinDrCXR_rad11 cls 3.6582e-02 (3.6582e-02)	Loss_VinDrCXR_rad11 mse 5.5289e-02 (5.5289e-02)
Epoch: [95] Train_Loss_cls: 2.3904e-02 Train_Loss_mse: 4.0440e-02
Epoch: [95][ 0/17]	Time  9.023 ( 9.023)	Loss_VinDrCXR_rad12 cls 3.1479e-02 (3.1479e-02)	Loss_VinDrCXR_rad12 mse 4.8446e-02 (4.8446e-02)
Epoch: [95] Train_Loss_cls: 2.2807e-02 Train_Loss_mse: 5.2985e-02
Epoch: [95][ 0/17]	Time  8.533 ( 8.533)	Loss_VinDrCXR_rad13 cls 2.9073e-02 (2.9073e-02)	Loss_VinDrCXR_rad13 mse 3.3920e-02 (3.3920e-02)
Epoch: [95] Train_Loss_cls: 2.8937e-02 Train_Loss_mse: 4.3452e-02
Epoch: [95][ 0/15]	Time  8.358 ( 8.358)	Loss_VinDrCXR_rad14 cls 2.4843e-02 (2.4843e-02)	Loss_VinDrCXR_rad14 mse 2.7526e-02 (2.7526e-02)
Epoch: [95] Train_Loss_cls: 2.8917e-02 Train_Loss_mse: 4.6363e-02
Epoch: [95][ 0/17]	Time  8.568 ( 8.568)	Loss_VinDrCXR_rad15 cls 6.7689e-02 (6.7689e-02)	Loss_VinDrCXR_rad15 mse 4.5406e-02 (4.5406e-02)
Epoch: [95] Train_Loss_cls: 2.7336e-02 Train_Loss_mse: 4.5967e-02
Epoch: [95][ 0/17]	Time  9.071 ( 9.071)	Loss_VinDrCXR_rad16 cls 1.8400e-02 (1.8400e-02)	Loss_VinDrCXR_rad16 mse 1.6408e-02 (1.6408e-02)
Epoch: [95] Train_Loss_cls: 1.5632e-02 Train_Loss_mse: 3.8669e-02
Epoch: [95][0/8]	Time  8.731 ( 8.731)	Loss_VinDrCXR_rad17 cls 1.6836e-02 (1.6836e-02)	Loss_VinDrCXR_rad17 mse 1.8538e-02 (1.8538e-02)
Epoch: [95] Train_Loss_cls: 2.3764e-02 Train_Loss_mse: 2.2868e-02
Val_VinDrCXR_rad1: [ 0/30]	Time  7.167 ( 7.167)	Loss 9.2510e-01 (9.2510e-01)
Epoch 0095: avg_val_loss 0.36478, saving model to ./Models/swin_base_Ark_Finetune_17Rad/Ark_PlusArk_Finetune_17Rad/Ark_Finetune_17Rad/Ark_PlusArk_Finetune_17Rad
Epoch: [96][ 0/20]	Time  8.614 ( 8.614)	Loss_VinDrCXR_rad1 cls 3.6762e-03 (3.6762e-03)	Loss_VinDrCXR_rad1 mse 1.7674e-02 (1.7674e-02)
Epoch: [96] Train_Loss_cls: 1.8947e-03 Train_Loss_mse: 1.9048e-02
Epoch: [96][ 0/32]	Time  8.777 ( 8.777)	Loss_VinDrCXR_rad2 cls 2.7868e-04 (2.7868e-04)	Loss_VinDrCXR_rad2 mse 1.1266e-02 (1.1266e-02)
Epoch: [96] Train_Loss_cls: 3.9557e-03 Train_Loss_mse: 9.1806e-03
Epoch: [96][ 0/23]	Time  8.546 ( 8.546)	Loss_VinDrCXR_rad3 cls 6.1609e-04 (6.1609e-04)	Loss_VinDrCXR_rad3 mse 8.0466e-03 (8.0466e-03)
Epoch: [96] Train_Loss_cls: 1.5249e-03 Train_Loss_mse: 8.7414e-03
Epoch: [96][ 0/16]	Time  8.977 ( 8.977)	Loss_VinDrCXR_rad4 cls 2.4826e-04 (2.4826e-04)	Loss_VinDrCXR_rad4 mse 6.7547e-03 (6.7547e-03)
Epoch: [96] Train_Loss_cls: 2.0503e-03 Train_Loss_mse: 7.0894e-03
Epoch: [96][ 0/28]	Time  9.134 ( 9.134)	Loss_VinDrCXR_rad5 cls 1.3697e-02 (1.3697e-02)	Loss_VinDrCXR_rad5 mse 6.4512e-03 (6.4512e-03)
Epoch: [96] Train_Loss_cls: 2.9361e-03 Train_Loss_mse: 8.6129e-03
Epoch: [96][ 0/21]	Time  9.284 ( 9.284)	Loss_VinDrCXR_rad6 cls 3.8530e-04 (3.8530e-04)	Loss_VinDrCXR_rad6 mse 6.5226e-03 (6.5226e-03)
Epoch: [96] Train_Loss_cls: 3.3891e-04 Train_Loss_mse: 1.2136e-02
Epoch: [96][ 0/18]	Time  8.876 ( 8.876)	Loss_VinDrCXR_rad7 cls 1.3022e-02 (1.3022e-02)	Loss_VinDrCXR_rad7 mse 9.3102e-03 (9.3102e-03)
Epoch: [96] Train_Loss_cls: 2.0015e-03 Train_Loss_mse: 7.4988e-03
Epoch: [96][ 0/66]	Time  8.319 ( 8.319)	Loss_VinDrCXR_rad8 cls 4.0405e-01 (4.0405e-01)	Loss_VinDrCXR_rad8 mse 4.6710e-01 (4.6710e-01)
Epoch: [96][50/66]	Time  0.978 ( 1.159)	Loss_VinDrCXR_rad8 cls 1.1202e-01 (1.0315e-01)	Loss_VinDrCXR_rad8 mse 2.5576e-01 (2.3468e-01)
Epoch: [96] Train_Loss_cls: 1.0051e-01 Train_Loss_mse: 2.3143e-01
Epoch: [96][ 0/62]	Time  9.252 ( 9.252)	Loss_VinDrCXR_rad9 cls 1.8277e-01 (1.8277e-01)	Loss_VinDrCXR_rad9 mse 5.4480e-01 (5.4480e-01)
Epoch: [96][50/62]	Time  0.976 ( 1.162)	Loss_VinDrCXR_rad9 cls 1.1405e-01 (1.4434e-01)	Loss_VinDrCXR_rad9 mse 2.5031e-01 (2.4388e-01)
Epoch: [96] Train_Loss_cls: 1.4389e-01 Train_Loss_mse: 2.2947e-01
Epoch: [96][ 0/65]	Time  8.418 ( 8.418)	Loss_VinDrCXR_rad10 cls 1.4612e-01 (1.4612e-01)	Loss_VinDrCXR_rad10 mse 1.3424e-01 (1.3424e-01)
Epoch: [96][50/65]	Time  0.975 ( 1.168)	Loss_VinDrCXR_rad10 cls 1.0810e-01 (1.0721e-01)	Loss_VinDrCXR_rad10 mse 1.6060e-01 (2.3578e-01)
Epoch: [96] Train_Loss_cls: 1.0699e-01 Train_Loss_mse: 2.2837e-01
Epoch: [96][ 0/16]	Time  9.285 ( 9.285)	Loss_VinDrCXR_rad11 cls 5.5899e-02 (5.5899e-02)	Loss_VinDrCXR_rad11 mse 4.3303e-02 (4.3303e-02)
Epoch: [96] Train_Loss_cls: 2.8477e-02 Train_Loss_mse: 3.2008e-02
Epoch: [96][ 0/17]	Time  8.589 ( 8.589)	Loss_VinDrCXR_rad12 cls 3.1181e-02 (3.1181e-02)	Loss_VinDrCXR_rad12 mse 4.8858e-02 (4.8858e-02)
Epoch: [96] Train_Loss_cls: 1.8160e-02 Train_Loss_mse: 3.1420e-02
Epoch: [96][ 0/17]	Time  8.984 ( 8.984)	Loss_VinDrCXR_rad13 cls 2.7227e-02 (2.7227e-02)	Loss_VinDrCXR_rad13 mse 3.5903e-02 (3.5903e-02)
Epoch: [96] Train_Loss_cls: 2.3096e-02 Train_Loss_mse: 4.7943e-02
Epoch: [96][ 0/15]	Time  8.360 ( 8.360)	Loss_VinDrCXR_rad14 cls 3.2239e-02 (3.2239e-02)	Loss_VinDrCXR_rad14 mse 3.6779e-02 (3.6779e-02)
Epoch: [96] Train_Loss_cls: 2.9061e-02 Train_Loss_mse: 3.4424e-02
Epoch: [96][ 0/17]	Time  8.786 ( 8.786)	Loss_VinDrCXR_rad15 cls 1.8332e-02 (1.8332e-02)	Loss_VinDrCXR_rad15 mse 4.8490e-02 (4.8490e-02)
Epoch: [96] Train_Loss_cls: 2.5895e-02 Train_Loss_mse: 4.2530e-02
Epoch: [96][ 0/17]	Time  8.503 ( 8.503)	Loss_VinDrCXR_rad16 cls 1.2120e-02 (1.2120e-02)	Loss_VinDrCXR_rad16 mse 1.7665e-02 (1.7665e-02)
Epoch: [96] Train_Loss_cls: 1.9852e-02 Train_Loss_mse: 3.8924e-02
Epoch: [96][0/8]	Time  8.572 ( 8.572)	Loss_VinDrCXR_rad17 cls 2.7646e-02 (2.7646e-02)	Loss_VinDrCXR_rad17 mse 1.3510e-02 (1.3510e-02)
Epoch: [96] Train_Loss_cls: 2.6816e-02 Train_Loss_mse: 2.3239e-02
Val_VinDrCXR_rad1: [ 0/30]	Time  7.141 ( 7.141)	Loss 9.2795e-01 (9.2795e-01)
Epoch 0096: avg_val_loss 0.37183, saving model to ./Models/swin_base_Ark_Finetune_17Rad/Ark_PlusArk_Finetune_17Rad/Ark_Finetune_17Rad/Ark_PlusArk_Finetune_17Rad
Epoch: [97][ 0/20]	Time  8.936 ( 8.936)	Loss_VinDrCXR_rad1 cls 1.0628e-03 (1.0628e-03)	Loss_VinDrCXR_rad1 mse 1.0224e-02 (1.0224e-02)
Epoch: [97] Train_Loss_cls: 1.5739e-03 Train_Loss_mse: 9.3116e-03
Epoch: [97][ 0/32]	Time  8.411 ( 8.411)	Loss_VinDrCXR_rad2 cls 4.1572e-04 (4.1572e-04)	Loss_VinDrCXR_rad2 mse 1.2854e-02 (1.2854e-02)
Epoch: [97] Train_Loss_cls: 3.7901e-03 Train_Loss_mse: 1.1899e-02
Epoch: [97][ 0/23]	Time  8.856 ( 8.856)	Loss_VinDrCXR_rad3 cls 8.4984e-04 (8.4984e-04)	Loss_VinDrCXR_rad3 mse 1.1149e-02 (1.1149e-02)
Epoch: [97] Train_Loss_cls: 1.0725e-03 Train_Loss_mse: 8.7250e-03
Epoch: [97][ 0/16]	Time  8.437 ( 8.437)	Loss_VinDrCXR_rad4 cls 2.7088e-04 (2.7088e-04)	Loss_VinDrCXR_rad4 mse 8.0223e-03 (8.0223e-03)
Epoch: [97] Train_Loss_cls: 2.2335e-03 Train_Loss_mse: 6.5718e-03
Epoch: [97][ 0/28]	Time  8.084 ( 8.084)	Loss_VinDrCXR_rad5 cls 2.1542e-02 (2.1542e-02)	Loss_VinDrCXR_rad5 mse 9.6047e-03 (9.6047e-03)
Epoch: [97] Train_Loss_cls: 3.2963e-03 Train_Loss_mse: 7.4194e-03
Epoch: [97][ 0/21]	Time  8.916 ( 8.916)	Loss_VinDrCXR_rad6 cls 2.6086e-04 (2.6086e-04)	Loss_VinDrCXR_rad6 mse 5.8954e-03 (5.8954e-03)
Epoch: [97] Train_Loss_cls: 4.3870e-04 Train_Loss_mse: 8.7090e-03
Epoch: [97][ 0/18]	Time  8.654 ( 8.654)	Loss_VinDrCXR_rad7 cls 1.1098e-04 (1.1098e-04)	Loss_VinDrCXR_rad7 mse 8.6434e-03 (8.6434e-03)
Epoch: [97] Train_Loss_cls: 2.0948e-03 Train_Loss_mse: 7.5011e-03
Epoch: [97][ 0/66]	Time  8.634 ( 8.634)	Loss_VinDrCXR_rad8 cls 4.7465e-01 (4.7465e-01)	Loss_VinDrCXR_rad8 mse 1.7629e-01 (1.7629e-01)
Epoch: [97][50/66]	Time  0.976 ( 1.140)	Loss_VinDrCXR_rad8 cls 6.2798e-02 (1.0493e-01)	Loss_VinDrCXR_rad8 mse 7.4340e-02 (2.0916e-01)
Epoch: [97] Train_Loss_cls: 1.0251e-01 Train_Loss_mse: 2.1428e-01
Epoch: [97][ 0/62]	Time  8.520 ( 8.520)	Loss_VinDrCXR_rad9 cls 1.7468e-01 (1.7468e-01)	Loss_VinDrCXR_rad9 mse 1.4799e-01 (1.4799e-01)
Epoch: [97][50/62]	Time  0.975 ( 1.131)	Loss_VinDrCXR_rad9 cls 1.5731e-01 (1.4485e-01)	Loss_VinDrCXR_rad9 mse 2.2249e-01 (2.2273e-01)
Epoch: [97] Train_Loss_cls: 1.4394e-01 Train_Loss_mse: 2.2144e-01
Epoch: [97][ 0/65]	Time  9.038 ( 9.038)	Loss_VinDrCXR_rad10 cls 1.1544e-01 (1.1544e-01)	Loss_VinDrCXR_rad10 mse 2.3293e-01 (2.3293e-01)
Epoch: [97][50/65]	Time  1.568 ( 1.151)	Loss_VinDrCXR_rad10 cls 9.4124e-02 (1.0655e-01)	Loss_VinDrCXR_rad10 mse 2.8478e-01 (2.2370e-01)
Epoch: [97] Train_Loss_cls: 1.0775e-01 Train_Loss_mse: 2.1468e-01
Epoch: [97][ 0/16]	Time  8.853 ( 8.853)	Loss_VinDrCXR_rad11 cls 6.9553e-02 (6.9553e-02)	Loss_VinDrCXR_rad11 mse 4.1080e-02 (4.1080e-02)
Epoch: [97] Train_Loss_cls: 2.7160e-02 Train_Loss_mse: 3.1867e-02
Epoch: [97][ 0/17]	Time  9.014 ( 9.014)	Loss_VinDrCXR_rad12 cls 9.4101e-03 (9.4101e-03)	Loss_VinDrCXR_rad12 mse 1.2749e-02 (1.2749e-02)
Epoch: [97] Train_Loss_cls: 1.8496e-02 Train_Loss_mse: 3.6033e-02
Epoch: [97][ 0/17]	Time  8.860 ( 8.860)	Loss_VinDrCXR_rad13 cls 2.2657e-02 (2.2657e-02)	Loss_VinDrCXR_rad13 mse 7.7175e-02 (7.7175e-02)
Epoch: [97] Train_Loss_cls: 2.5881e-02 Train_Loss_mse: 3.9597e-02
Epoch: [97][ 0/15]	Time  8.951 ( 8.951)	Loss_VinDrCXR_rad14 cls 1.9575e-02 (1.9575e-02)	Loss_VinDrCXR_rad14 mse 1.6483e-02 (1.6483e-02)
Epoch: [97] Train_Loss_cls: 2.7734e-02 Train_Loss_mse: 3.2394e-02
Epoch: [97][ 0/17]	Time  9.009 ( 9.009)	Loss_VinDrCXR_rad15 cls 3.0239e-02 (3.0239e-02)	Loss_VinDrCXR_rad15 mse 5.9398e-02 (5.9398e-02)
Epoch: [97] Train_Loss_cls: 2.9860e-02 Train_Loss_mse: 4.1761e-02
Epoch: [97][ 0/17]	Time  8.843 ( 8.843)	Loss_VinDrCXR_rad16 cls 1.6857e-02 (1.6857e-02)	Loss_VinDrCXR_rad16 mse 2.1484e-02 (2.1484e-02)
Epoch: [97] Train_Loss_cls: 1.9033e-02 Train_Loss_mse: 3.8305e-02
Epoch: [97][0/8]	Time  8.514 ( 8.514)	Loss_VinDrCXR_rad17 cls 4.1173e-02 (4.1173e-02)	Loss_VinDrCXR_rad17 mse 2.3300e-02 (2.3300e-02)
Epoch: [97] Train_Loss_cls: 2.3598e-02 Train_Loss_mse: 2.2594e-02
Val_VinDrCXR_rad1: [ 0/30]	Time  7.362 ( 7.362)	Loss 9.0557e-01 (9.0557e-01)
Epoch 0097: avg_val_loss 0.35904, saving model to ./Models/swin_base_Ark_Finetune_17Rad/Ark_PlusArk_Finetune_17Rad/Ark_Finetune_17Rad/Ark_PlusArk_Finetune_17Rad
Epoch: [98][ 0/20]	Time  8.994 ( 8.994)	Loss_VinDrCXR_rad1 cls 5.6725e-04 (5.6725e-04)	Loss_VinDrCXR_rad1 mse 6.0181e-03 (6.0181e-03)
Epoch: [98] Train_Loss_cls: 1.3240e-03 Train_Loss_mse: 7.7981e-03
Epoch: [98][ 0/32]	Time  9.071 ( 9.071)	Loss_VinDrCXR_rad2 cls 3.4082e-04 (3.4082e-04)	Loss_VinDrCXR_rad2 mse 7.3339e-03 (7.3339e-03)
Epoch: [98] Train_Loss_cls: 3.7999e-03 Train_Loss_mse: 8.1364e-03
Epoch: [98][ 0/23]	Time  8.604 ( 8.604)	Loss_VinDrCXR_rad3 cls 3.4360e-04 (3.4360e-04)	Loss_VinDrCXR_rad3 mse 6.2582e-03 (6.2582e-03)
Epoch: [98] Train_Loss_cls: 1.9364e-03 Train_Loss_mse: 8.0020e-03
Epoch: [98][ 0/16]	Time  8.853 ( 8.853)	Loss_VinDrCXR_rad4 cls 2.1727e-04 (2.1727e-04)	Loss_VinDrCXR_rad4 mse 6.1933e-03 (6.1933e-03)
Epoch: [98] Train_Loss_cls: 2.1311e-03 Train_Loss_mse: 7.5972e-03
Epoch: [98][ 0/28]	Time  8.164 ( 8.164)	Loss_VinDrCXR_rad5 cls 1.5624e-03 (1.5624e-03)	Loss_VinDrCXR_rad5 mse 1.3826e-02 (1.3826e-02)
Epoch: [98] Train_Loss_cls: 2.9418e-03 Train_Loss_mse: 7.5740e-03
Epoch: [98][ 0/21]	Time  8.644 ( 8.644)	Loss_VinDrCXR_rad6 cls 6.9918e-04 (6.9918e-04)	Loss_VinDrCXR_rad6 mse 8.5318e-03 (8.5318e-03)
Epoch: [98] Train_Loss_cls: 3.4463e-04 Train_Loss_mse: 8.2830e-03
Epoch: [98][ 0/18]	Time  8.397 ( 8.397)	Loss_VinDrCXR_rad7 cls 1.2891e-04 (1.2891e-04)	Loss_VinDrCXR_rad7 mse 6.0145e-03 (6.0145e-03)
Epoch: [98] Train_Loss_cls: 1.8898e-03 Train_Loss_mse: 7.8459e-03
Epoch: [98][ 0/66]	Time  8.471 ( 8.471)	Loss_VinDrCXR_rad8 cls 3.5300e-01 (3.5300e-01)	Loss_VinDrCXR_rad8 mse 2.4706e-01 (2.4706e-01)
Epoch: [98][50/66]	Time  0.978 ( 1.128)	Loss_VinDrCXR_rad8 cls 1.3409e-01 (1.0406e-01)	Loss_VinDrCXR_rad8 mse 2.4871e-01 (1.9623e-01)
Epoch: [98] Train_Loss_cls: 1.0179e-01 Train_Loss_mse: 1.9888e-01
Epoch: [98][ 0/62]	Time  8.927 ( 8.927)	Loss_VinDrCXR_rad9 cls 1.3450e-01 (1.3450e-01)	Loss_VinDrCXR_rad9 mse 3.1839e-01 (3.1839e-01)
Epoch: [98][50/62]	Time  0.978 ( 1.165)	Loss_VinDrCXR_rad9 cls 1.6245e-01 (1.4248e-01)	Loss_VinDrCXR_rad9 mse 2.2566e-01 (2.2066e-01)
Epoch: [98] Train_Loss_cls: 1.4160e-01 Train_Loss_mse: 2.1814e-01
Epoch: [98][ 0/65]	Time  9.234 ( 9.234)	Loss_VinDrCXR_rad10 cls 1.6222e-01 (1.6222e-01)	Loss_VinDrCXR_rad10 mse 2.6960e-01 (2.6960e-01)
Epoch: [98][50/65]	Time  0.977 ( 1.145)	Loss_VinDrCXR_rad10 cls 9.4915e-02 (1.0529e-01)	Loss_VinDrCXR_rad10 mse 4.5790e-01 (2.2544e-01)
Epoch: [98] Train_Loss_cls: 1.0549e-01 Train_Loss_mse: 2.1584e-01
Epoch: [98][ 0/16]	Time  8.667 ( 8.667)	Loss_VinDrCXR_rad11 cls 2.7836e-02 (2.7836e-02)	Loss_VinDrCXR_rad11 mse 1.8417e-02 (1.8417e-02)
Epoch: [98] Train_Loss_cls: 2.3144e-02 Train_Loss_mse: 4.4095e-02
Epoch: [98][ 0/17]	Time 10.243 (10.243)	Loss_VinDrCXR_rad12 cls 1.4664e-02 (1.4664e-02)	Loss_VinDrCXR_rad12 mse 4.4685e-02 (4.4685e-02)
Epoch: [98] Train_Loss_cls: 2.1606e-02 Train_Loss_mse: 3.7173e-02
Epoch: [98][ 0/17]	Time  9.177 ( 9.177)	Loss_VinDrCXR_rad13 cls 2.2242e-02 (2.2242e-02)	Loss_VinDrCXR_rad13 mse 7.9927e-02 (7.9927e-02)
Epoch: [98] Train_Loss_cls: 2.5900e-02 Train_Loss_mse: 4.6073e-02
Epoch: [98][ 0/15]	Time  8.748 ( 8.748)	Loss_VinDrCXR_rad14 cls 2.6509e-02 (2.6509e-02)	Loss_VinDrCXR_rad14 mse 2.1550e-02 (2.1550e-02)
Epoch: [98] Train_Loss_cls: 2.9969e-02 Train_Loss_mse: 3.7217e-02
Epoch: [98][ 0/17]	Time  8.411 ( 8.411)	Loss_VinDrCXR_rad15 cls 3.7993e-02 (3.7993e-02)	Loss_VinDrCXR_rad15 mse 4.2498e-02 (4.2498e-02)
Epoch: [98] Train_Loss_cls: 2.8499e-02 Train_Loss_mse: 4.9526e-02
Epoch: [98][ 0/17]	Time  8.369 ( 8.369)	Loss_VinDrCXR_rad16 cls 6.1760e-03 (6.1760e-03)	Loss_VinDrCXR_rad16 mse 1.3667e-02 (1.3667e-02)
Epoch: [98] Train_Loss_cls: 1.8956e-02 Train_Loss_mse: 3.1704e-02
Epoch: [98][0/8]	Time  8.818 ( 8.818)	Loss_VinDrCXR_rad17 cls 2.6363e-02 (2.6363e-02)	Loss_VinDrCXR_rad17 mse 1.5677e-02 (1.5677e-02)
Epoch: [98] Train_Loss_cls: 2.1204e-02 Train_Loss_mse: 1.8998e-02
Val_VinDrCXR_rad1: [ 0/30]	Time  7.680 ( 7.680)	Loss 9.2331e-01 (9.2331e-01)
Epoch 0098: avg_val_loss 0.35975, saving model to ./Models/swin_base_Ark_Finetune_17Rad/Ark_PlusArk_Finetune_17Rad/Ark_Finetune_17Rad/Ark_PlusArk_Finetune_17Rad
Epoch: [99][ 0/20]	Time  8.569 ( 8.569)	Loss_VinDrCXR_rad1 cls 1.6680e-03 (1.6680e-03)	Loss_VinDrCXR_rad1 mse 1.0039e-02 (1.0039e-02)
Epoch: [99] Train_Loss_cls: 2.2582e-03 Train_Loss_mse: 8.3581e-03
Epoch: [99][ 0/32]	Time  8.949 ( 8.949)	Loss_VinDrCXR_rad2 cls 2.4895e-04 (2.4895e-04)	Loss_VinDrCXR_rad2 mse 1.0816e-02 (1.0816e-02)
Epoch: [99] Train_Loss_cls: 3.6854e-03 Train_Loss_mse: 8.3216e-03
Epoch: [99][ 0/23]	Time  8.790 ( 8.790)	Loss_VinDrCXR_rad3 cls 1.1279e-03 (1.1279e-03)	Loss_VinDrCXR_rad3 mse 6.5714e-03 (6.5714e-03)
Epoch: [99] Train_Loss_cls: 1.1899e-03 Train_Loss_mse: 8.4238e-03
Epoch: [99][ 0/16]	Time  8.335 ( 8.335)	Loss_VinDrCXR_rad4 cls 3.7050e-04 (3.7050e-04)	Loss_VinDrCXR_rad4 mse 7.8241e-03 (7.8241e-03)
Epoch: [99] Train_Loss_cls: 1.9064e-03 Train_Loss_mse: 6.3913e-03
Epoch: [99][ 0/28]	Time  8.632 ( 8.632)	Loss_VinDrCXR_rad5 cls 1.9511e-04 (1.9511e-04)	Loss_VinDrCXR_rad5 mse 4.9958e-03 (4.9958e-03)
Epoch: [99] Train_Loss_cls: 2.3708e-03 Train_Loss_mse: 7.7010e-03
Epoch: [99][ 0/21]	Time  8.596 ( 8.596)	Loss_VinDrCXR_rad6 cls 2.8488e-04 (2.8488e-04)	Loss_VinDrCXR_rad6 mse 7.2398e-03 (7.2398e-03)
Epoch: [99] Train_Loss_cls: 4.1471e-04 Train_Loss_mse: 1.1617e-02
Epoch: [99][ 0/18]	Time  8.966 ( 8.966)	Loss_VinDrCXR_rad7 cls 1.3700e-04 (1.3700e-04)	Loss_VinDrCXR_rad7 mse 6.7196e-03 (6.7196e-03)
Epoch: [99] Train_Loss_cls: 2.0653e-03 Train_Loss_mse: 6.9684e-03
Epoch: [99][ 0/66]	Time  9.055 ( 9.055)	Loss_VinDrCXR_rad8 cls 3.1152e-01 (3.1152e-01)	Loss_VinDrCXR_rad8 mse 1.3746e-01 (1.3746e-01)
Epoch: [99][50/66]	Time  1.590 ( 1.215)	Loss_VinDrCXR_rad8 cls 9.2769e-02 (1.0101e-01)	Loss_VinDrCXR_rad8 mse 2.1005e-01 (1.9947e-01)
Epoch: [99] Train_Loss_cls: 9.9174e-02 Train_Loss_mse: 2.0191e-01
Epoch: [99][ 0/62]	Time  8.907 ( 8.907)	Loss_VinDrCXR_rad9 cls 1.6216e-01 (1.6216e-01)	Loss_VinDrCXR_rad9 mse 1.2463e-01 (1.2463e-01)
Epoch: [99][50/62]	Time  1.039 ( 1.165)	Loss_VinDrCXR_rad9 cls 9.3843e-02 (1.3918e-01)	Loss_VinDrCXR_rad9 mse 6.7893e-02 (2.1693e-01)
Epoch: [99] Train_Loss_cls: 1.3874e-01 Train_Loss_mse: 2.0664e-01
Epoch: [99][ 0/65]	Time  8.883 ( 8.883)	Loss_VinDrCXR_rad10 cls 1.3450e-01 (1.3450e-01)	Loss_VinDrCXR_rad10 mse 1.6014e-01 (1.6014e-01)
Epoch: [99][50/65]	Time  0.975 ( 1.143)	Loss_VinDrCXR_rad10 cls 1.6617e-01 (1.0692e-01)	Loss_VinDrCXR_rad10 mse 1.8552e-01 (2.2377e-01)
Epoch: [99] Train_Loss_cls: 1.0628e-01 Train_Loss_mse: 2.1672e-01
Epoch: [99][ 0/16]	Time  8.282 ( 8.282)	Loss_VinDrCXR_rad11 cls 2.9507e-02 (2.9507e-02)	Loss_VinDrCXR_rad11 mse 1.6395e-02 (1.6395e-02)
Epoch: [99] Train_Loss_cls: 2.5726e-02 Train_Loss_mse: 3.3380e-02
Epoch: [99][ 0/17]	Time  8.989 ( 8.989)	Loss_VinDrCXR_rad12 cls 2.7466e-02 (2.7466e-02)	Loss_VinDrCXR_rad12 mse 8.2752e-02 (8.2752e-02)
Epoch: [99] Train_Loss_cls: 2.3087e-02 Train_Loss_mse: 3.9158e-02
Epoch: [99][ 0/17]	Time  8.623 ( 8.623)	Loss_VinDrCXR_rad13 cls 3.5872e-02 (3.5872e-02)	Loss_VinDrCXR_rad13 mse 3.2515e-02 (3.2515e-02)
Epoch: [99] Train_Loss_cls: 2.3745e-02 Train_Loss_mse: 3.8637e-02
Epoch: [99][ 0/15]	Time  8.700 ( 8.700)	Loss_VinDrCXR_rad14 cls 2.9089e-02 (2.9089e-02)	Loss_VinDrCXR_rad14 mse 1.8023e-01 (1.8023e-01)
Epoch: [99] Train_Loss_cls: 3.3768e-02 Train_Loss_mse: 6.8732e-02
Epoch: [99][ 0/17]	Time  8.985 ( 8.985)	Loss_VinDrCXR_rad15 cls 4.6367e-02 (4.6367e-02)	Loss_VinDrCXR_rad15 mse 3.1132e-02 (3.1132e-02)
Epoch: [99] Train_Loss_cls: 3.0612e-02 Train_Loss_mse: 4.4148e-02
Epoch: [99][ 0/17]	Time  8.696 ( 8.696)	Loss_VinDrCXR_rad16 cls 2.0911e-02 (2.0911e-02)	Loss_VinDrCXR_rad16 mse 2.6197e-02 (2.6197e-02)
Epoch: [99] Train_Loss_cls: 1.8115e-02 Train_Loss_mse: 4.7426e-02
Epoch: [99][0/8]	Time  9.016 ( 9.016)	Loss_VinDrCXR_rad17 cls 1.1488e-02 (1.1488e-02)	Loss_VinDrCXR_rad17 mse 1.4484e-02 (1.4484e-02)
Epoch: [99] Train_Loss_cls: 2.0450e-02 Train_Loss_mse: 1.8233e-02
Val_VinDrCXR_rad1: [ 0/30]	Time  7.172 ( 7.172)	Loss 8.4949e-01 (8.4949e-01)
Epoch 0099: avg_val_loss 0.33654, saving model to ./Models/swin_base_Ark_Finetune_17Rad/Ark_PlusArk_Finetune_17Rad/Ark_Finetune_17Rad/Ark_PlusArk_Finetune_17Rad
Epoch: [100][ 0/20]	Time  8.671 ( 8.671)	Loss_VinDrCXR_rad1 cls 1.1763e-03 (1.1763e-03)	Loss_VinDrCXR_rad1 mse 8.2661e-03 (8.2661e-03)
Epoch: [100] Train_Loss_cls: 1.9311e-03 Train_Loss_mse: 9.0271e-03
Epoch: [100][ 0/32]	Time  9.392 ( 9.392)	Loss_VinDrCXR_rad2 cls 7.7171e-03 (7.7171e-03)	Loss_VinDrCXR_rad2 mse 7.3884e-03 (7.3884e-03)
Epoch: [100] Train_Loss_cls: 3.7236e-03 Train_Loss_mse: 8.5515e-03
Epoch: [100][ 0/23]	Time  8.967 ( 8.967)	Loss_VinDrCXR_rad3 cls 1.7079e-02 (1.7079e-02)	Loss_VinDrCXR_rad3 mse 9.0492e-03 (9.0492e-03)
Epoch: [100] Train_Loss_cls: 1.2937e-03 Train_Loss_mse: 7.7740e-03
Epoch: [100][ 0/16]	Time  8.592 ( 8.592)	Loss_VinDrCXR_rad4 cls 3.0915e-04 (3.0915e-04)	Loss_VinDrCXR_rad4 mse 6.6064e-03 (6.6064e-03)
Epoch: [100] Train_Loss_cls: 1.8805e-03 Train_Loss_mse: 6.6724e-03
Epoch: [100][ 0/28]	Time  8.571 ( 8.571)	Loss_VinDrCXR_rad5 cls 1.9661e-04 (1.9661e-04)	Loss_VinDrCXR_rad5 mse 8.0046e-03 (8.0046e-03)
Epoch: [100] Train_Loss_cls: 2.5876e-03 Train_Loss_mse: 7.3189e-03
Epoch: [100][ 0/21]	Time  8.470 ( 8.470)	Loss_VinDrCXR_rad6 cls 2.3888e-03 (2.3888e-03)	Loss_VinDrCXR_rad6 mse 8.1589e-03 (8.1589e-03)
Epoch: [100] Train_Loss_cls: 5.1075e-04 Train_Loss_mse: 1.2777e-02
Epoch: [100][ 0/18]	Time  9.081 ( 9.081)	Loss_VinDrCXR_rad7 cls 1.1926e-04 (1.1926e-04)	Loss_VinDrCXR_rad7 mse 5.7545e-03 (5.7545e-03)
Epoch: [100] Train_Loss_cls: 2.1294e-03 Train_Loss_mse: 7.1808e-03
Epoch: [100][ 0/66]	Time  8.813 ( 8.813)	Loss_VinDrCXR_rad8 cls 4.1169e-01 (4.1169e-01)	Loss_VinDrCXR_rad8 mse 2.3018e-01 (2.3018e-01)
Epoch: [100][50/66]	Time  0.975 ( 1.150)	Loss_VinDrCXR_rad8 cls 8.6678e-02 (1.0812e-01)	Loss_VinDrCXR_rad8 mse 2.1222e-01 (2.4158e-01)
Epoch: [100] Train_Loss_cls: 1.0402e-01 Train_Loss_mse: 2.3473e-01
Epoch: [100][ 0/62]	Time  8.958 ( 8.958)	Loss_VinDrCXR_rad9 cls 1.4141e-01 (1.4141e-01)	Loss_VinDrCXR_rad9 mse 5.0971e-01 (5.0971e-01)
Epoch: [100][50/62]	Time  0.975 ( 1.147)	Loss_VinDrCXR_rad9 cls 1.6451e-01 (1.4425e-01)	Loss_VinDrCXR_rad9 mse 1.4699e-01 (2.3535e-01)
Epoch: [100] Train_Loss_cls: 1.4321e-01 Train_Loss_mse: 2.2878e-01
Epoch: [100][ 0/65]	Time  8.622 ( 8.622)	Loss_VinDrCXR_rad10 cls 1.3455e-01 (1.3455e-01)	Loss_VinDrCXR_rad10 mse 1.4586e-01 (1.4586e-01)
Epoch: [100][50/65]	Time  0.986 ( 1.152)	Loss_VinDrCXR_rad10 cls 1.1152e-01 (1.0272e-01)	Loss_VinDrCXR_rad10 mse 5.2047e-01 (1.9925e-01)
Epoch: [100] Train_Loss_cls: 1.0402e-01 Train_Loss_mse: 2.0827e-01
Epoch: [100][ 0/16]	Time  8.831 ( 8.831)	Loss_VinDrCXR_rad11 cls 3.1252e-02 (3.1252e-02)	Loss_VinDrCXR_rad11 mse 3.5448e-02 (3.5448e-02)
Epoch: [100] Train_Loss_cls: 2.1695e-02 Train_Loss_mse: 3.7145e-02
Epoch: [100][ 0/17]	Time  8.578 ( 8.578)	Loss_VinDrCXR_rad12 cls 1.9064e-02 (1.9064e-02)	Loss_VinDrCXR_rad12 mse 5.0145e-02 (5.0145e-02)
Epoch: [100] Train_Loss_cls: 2.1867e-02 Train_Loss_mse: 3.7809e-02
Epoch: [100][ 0/17]	Time  9.498 ( 9.498)	Loss_VinDrCXR_rad13 cls 1.1662e-02 (1.1662e-02)	Loss_VinDrCXR_rad13 mse 4.6009e-02 (4.6009e-02)
Epoch: [100] Train_Loss_cls: 2.3899e-02 Train_Loss_mse: 2.9172e-02
Epoch: [100][ 0/15]	Time  8.526 ( 8.526)	Loss_VinDrCXR_rad14 cls 1.6696e-02 (1.6696e-02)	Loss_VinDrCXR_rad14 mse 2.9113e-02 (2.9113e-02)
Epoch: [100] Train_Loss_cls: 3.0393e-02 Train_Loss_mse: 3.8178e-02
Epoch: [100][ 0/17]	Time  8.459 ( 8.459)	Loss_VinDrCXR_rad15 cls 2.8872e-02 (2.8872e-02)	Loss_VinDrCXR_rad15 mse 2.4154e-01 (2.4154e-01)
Epoch: [100] Train_Loss_cls: 2.9352e-02 Train_Loss_mse: 6.9087e-02
Epoch: [100][ 0/17]	Time  8.452 ( 8.452)	Loss_VinDrCXR_rad16 cls 1.7927e-02 (1.7927e-02)	Loss_VinDrCXR_rad16 mse 1.5665e-02 (1.5665e-02)
Epoch: [100] Train_Loss_cls: 1.9382e-02 Train_Loss_mse: 4.1197e-02
Epoch: [100][0/8]	Time  8.599 ( 8.599)	Loss_VinDrCXR_rad17 cls 2.2980e-02 (2.2980e-02)	Loss_VinDrCXR_rad17 mse 3.0875e-02 (3.0875e-02)
Epoch: [100] Train_Loss_cls: 2.2167e-02 Train_Loss_mse: 2.0934e-02
Val_VinDrCXR_rad1: [ 0/30]	Time  7.811 ( 7.811)	Loss 9.1751e-01 (9.1751e-01)
Epoch 0100: avg_val_loss 0.35846, saving model to ./Models/swin_base_Ark_Finetune_17Rad/Ark_PlusArk_Finetune_17Rad/Ark_Finetune_17Rad/Ark_PlusArk_Finetune_17Rad
>>VinDrCXR_rad1 Disease = ['PE', 'Lung tumor', 'Pneumonia', 'Tuberculosis', 'Other diseases', 'No finding']
>>VinDrCXR_rad1:Student AUC = [0.9826	0.9195	0.9589	0.9555	0.8345	0.9403], 
Teacher AUC = [0.9836	0.9248	0.9603	0.9561	0.8447	0.9432]

>>VinDrCXR_rad1: Student mAUC = 0.9319, Teacher mAUC = 0.9355
Omni-pretraining stage: 
Student meanAUC = 
[[0.9468759507134883], [0.9454261264448013], [0.9389692516963958], [0.9338567099466557], [0.9322285595158992], [0.9267613086784795], [0.9269031959521569], [0.9311978881171713], [0.9322738966995839], [0.9282953834234174], [0.929972291939886], [0.9318785771175087]] 
Teacher meanAUC = 
[[0.9468759507134883], [0.9460270675389304], [0.9413547485728361], [0.9352525270339678], [0.933640160889925], [0.9253586349249475], [0.9311537710751477], [0.9326593268703175], [0.9311490937056109], [0.9340407878121827], [0.9299489031778979], [0.9354695743205612]]

Epoch: [101][ 0/20]	Time  8.582 ( 8.582)	Loss_VinDrCXR_rad1 cls 1.0429e-02 (1.0429e-02)	Loss_VinDrCXR_rad1 mse 7.7323e-03 (7.7323e-03)
Epoch: [101] Train_Loss_cls: 1.7349e-03 Train_Loss_mse: 9.0941e-03
Epoch: [101][ 0/32]	Time  9.512 ( 9.512)	Loss_VinDrCXR_rad2 cls 5.3829e-04 (5.3829e-04)	Loss_VinDrCXR_rad2 mse 1.0752e-02 (1.0752e-02)
Epoch: [101] Train_Loss_cls: 3.9777e-03 Train_Loss_mse: 8.2308e-03
Epoch: [101][ 0/23]	Time  8.363 ( 8.363)	Loss_VinDrCXR_rad3 cls 1.0617e-03 (1.0617e-03)	Loss_VinDrCXR_rad3 mse 7.2625e-03 (7.2625e-03)
Epoch: [101] Train_Loss_cls: 2.0117e-03 Train_Loss_mse: 7.5557e-03
Epoch: [101][ 0/16]	Time  8.709 ( 8.709)	Loss_VinDrCXR_rad4 cls 1.6634e-04 (1.6634e-04)	Loss_VinDrCXR_rad4 mse 6.7611e-03 (6.7611e-03)
Epoch: [101] Train_Loss_cls: 2.0018e-03 Train_Loss_mse: 6.7016e-03
Epoch: [101][ 0/28]	Time  7.866 ( 7.866)	Loss_VinDrCXR_rad5 cls 4.2119e-04 (4.2119e-04)	Loss_VinDrCXR_rad5 mse 8.7132e-03 (8.7132e-03)
Epoch: [101] Train_Loss_cls: 2.8650e-03 Train_Loss_mse: 7.7091e-03
Epoch: [101][ 0/21]	Time  8.818 ( 8.818)	Loss_VinDrCXR_rad6 cls 2.9217e-04 (2.9217e-04)	Loss_VinDrCXR_rad6 mse 5.9456e-03 (5.9456e-03)
Epoch: [101] Train_Loss_cls: 4.1578e-04 Train_Loss_mse: 7.5638e-03
Epoch: [101][ 0/18]	Time  8.684 ( 8.684)	Loss_VinDrCXR_rad7 cls 9.5850e-05 (9.5850e-05)	Loss_VinDrCXR_rad7 mse 6.7171e-03 (6.7171e-03)
Epoch: [101] Train_Loss_cls: 1.9926e-03 Train_Loss_mse: 8.5791e-03
Epoch: [101][ 0/66]	Time  8.942 ( 8.942)	Loss_VinDrCXR_rad8 cls 3.8530e-01 (3.8530e-01)	Loss_VinDrCXR_rad8 mse 1.1643e-01 (1.1643e-01)
Epoch: [101][50/66]	Time  0.975 ( 1.161)	Loss_VinDrCXR_rad8 cls 9.0082e-02 (1.0562e-01)	Loss_VinDrCXR_rad8 mse 1.3448e-01 (2.7951e-01)
Epoch: [101] Train_Loss_cls: 1.0206e-01 Train_Loss_mse: 2.6649e-01
Epoch: [101][ 0/62]	Time  9.298 ( 9.298)	Loss_VinDrCXR_rad9 cls 1.7906e-01 (1.7906e-01)	Loss_VinDrCXR_rad9 mse 2.2420e-01 (2.2420e-01)
Epoch: [101][50/62]	Time  0.975 ( 1.174)	Loss_VinDrCXR_rad9 cls 1.7176e-01 (1.4462e-01)	Loss_VinDrCXR_rad9 mse 8.5330e-02 (2.4790e-01)
Epoch: [101] Train_Loss_cls: 1.4216e-01 Train_Loss_mse: 2.3678e-01
Epoch: [101][ 0/65]	Time  8.889 ( 8.889)	Loss_VinDrCXR_rad10 cls 1.5557e-01 (1.5557e-01)	Loss_VinDrCXR_rad10 mse 1.7411e-01 (1.7411e-01)
Epoch: [101][50/65]	Time  0.975 ( 1.196)	Loss_VinDrCXR_rad10 cls 9.7981e-02 (1.1094e-01)	Loss_VinDrCXR_rad10 mse 1.2873e-01 (2.3944e-01)
Epoch: [101] Train_Loss_cls: 1.0997e-01 Train_Loss_mse: 2.3582e-01
Epoch: [101][ 0/16]	Time  8.451 ( 8.451)	Loss_VinDrCXR_rad11 cls 2.7409e-02 (2.7409e-02)	Loss_VinDrCXR_rad11 mse 3.3275e-02 (3.3275e-02)
Epoch: [101] Train_Loss_cls: 2.7008e-02 Train_Loss_mse: 3.8675e-02
Epoch: [101][ 0/17]	Time  8.396 ( 8.396)	Loss_VinDrCXR_rad12 cls 2.7909e-02 (2.7909e-02)	Loss_VinDrCXR_rad12 mse 7.2354e-02 (7.2354e-02)
Epoch: [101] Train_Loss_cls: 2.0961e-02 Train_Loss_mse: 4.3946e-02
Epoch: [101][ 0/17]	Time  9.000 ( 9.000)	Loss_VinDrCXR_rad13 cls 4.5883e-02 (4.5883e-02)	Loss_VinDrCXR_rad13 mse 9.5307e-02 (9.5307e-02)
Epoch: [101] Train_Loss_cls: 2.7823e-02 Train_Loss_mse: 6.6582e-02
Epoch: [101][ 0/15]	Time  8.829 ( 8.829)	Loss_VinDrCXR_rad14 cls 2.0297e-02 (2.0297e-02)	Loss_VinDrCXR_rad14 mse 3.1555e-02 (3.1555e-02)
Epoch: [101] Train_Loss_cls: 3.0771e-02 Train_Loss_mse: 3.1406e-02
Epoch: [101][ 0/17]	Time  8.843 ( 8.843)	Loss_VinDrCXR_rad15 cls 1.7749e-02 (1.7749e-02)	Loss_VinDrCXR_rad15 mse 3.5226e-02 (3.5226e-02)
Epoch: [101] Train_Loss_cls: 2.9056e-02 Train_Loss_mse: 3.6220e-02
Epoch: [101][ 0/17]	Time  8.385 ( 8.385)	Loss_VinDrCXR_rad16 cls 1.3001e-02 (1.3001e-02)	Loss_VinDrCXR_rad16 mse 3.0086e-02 (3.0086e-02)
Epoch: [101] Train_Loss_cls: 1.9182e-02 Train_Loss_mse: 5.4335e-02
Epoch: [101][0/8]	Time  9.066 ( 9.066)	Loss_VinDrCXR_rad17 cls 3.2375e-02 (3.2375e-02)	Loss_VinDrCXR_rad17 mse 1.5569e-02 (1.5569e-02)
Epoch: [101] Train_Loss_cls: 2.6176e-02 Train_Loss_mse: 1.9701e-02
Val_VinDrCXR_rad1: [ 0/30]	Time  7.220 ( 7.220)	Loss 9.1401e-01 (9.1401e-01)
Epoch 0101: avg_val_loss 0.35457, saving model to ./Models/swin_base_Ark_Finetune_17Rad/Ark_PlusArk_Finetune_17Rad/Ark_Finetune_17Rad/Ark_PlusArk_Finetune_17Rad
Epoch: [102][ 0/20]	Time  8.999 ( 8.999)	Loss_VinDrCXR_rad1 cls 1.9936e-03 (1.9936e-03)	Loss_VinDrCXR_rad1 mse 6.0220e-03 (6.0220e-03)
Epoch: [102] Train_Loss_cls: 1.9741e-03 Train_Loss_mse: 8.0966e-03
Epoch: [102][ 0/32]	Time  8.851 ( 8.851)	Loss_VinDrCXR_rad2 cls 1.3564e-02 (1.3564e-02)	Loss_VinDrCXR_rad2 mse 8.8563e-03 (8.8563e-03)
Epoch: [102] Train_Loss_cls: 3.9131e-03 Train_Loss_mse: 8.3749e-03
Epoch: [102][ 0/23]	Time  8.833 ( 8.833)	Loss_VinDrCXR_rad3 cls 3.3135e-04 (3.3135e-04)	Loss_VinDrCXR_rad3 mse 8.6450e-03 (8.6450e-03)
Epoch: [102] Train_Loss_cls: 9.8418e-04 Train_Loss_mse: 8.3951e-03
Epoch: [102][ 0/16]	Time  8.082 ( 8.082)	Loss_VinDrCXR_rad4 cls 2.8318e-04 (2.8318e-04)	Loss_VinDrCXR_rad4 mse 6.5673e-03 (6.5673e-03)
Epoch: [102] Train_Loss_cls: 2.1129e-03 Train_Loss_mse: 6.7045e-03
Epoch: [102][ 0/28]	Time  8.507 ( 8.507)	Loss_VinDrCXR_rad5 cls 3.1658e-04 (3.1658e-04)	Loss_VinDrCXR_rad5 mse 5.1044e-03 (5.1044e-03)
Epoch: [102] Train_Loss_cls: 2.0536e-03 Train_Loss_mse: 7.0981e-03
Epoch: [102][ 0/21]	Time  8.696 ( 8.696)	Loss_VinDrCXR_rad6 cls 6.2712e-04 (6.2712e-04)	Loss_VinDrCXR_rad6 mse 8.4955e-03 (8.4955e-03)
Epoch: [102] Train_Loss_cls: 7.1767e-04 Train_Loss_mse: 7.1777e-03
Epoch: [102][ 0/18]	Time  8.189 ( 8.189)	Loss_VinDrCXR_rad7 cls 1.6781e-02 (1.6781e-02)	Loss_VinDrCXR_rad7 mse 6.2202e-03 (6.2202e-03)
Epoch: [102] Train_Loss_cls: 2.3499e-03 Train_Loss_mse: 6.8415e-03
Epoch: [102][ 0/66]	Time  8.789 ( 8.789)	Loss_VinDrCXR_rad8 cls 3.8400e-01 (3.8400e-01)	Loss_VinDrCXR_rad8 mse 2.5772e-01 (2.5772e-01)
Epoch: [102][50/66]	Time  0.975 ( 1.151)	Loss_VinDrCXR_rad8 cls 5.9394e-02 (1.0472e-01)	Loss_VinDrCXR_rad8 mse 3.3178e-01 (2.1527e-01)
Epoch: [102] Train_Loss_cls: 1.0270e-01 Train_Loss_mse: 2.1889e-01
Epoch: [102][ 0/62]	Time  9.155 ( 9.155)	Loss_VinDrCXR_rad9 cls 2.5007e-01 (2.5007e-01)	Loss_VinDrCXR_rad9 mse 2.6069e-01 (2.6069e-01)
Epoch: [102][50/62]	Time  0.975 ( 1.195)	Loss_VinDrCXR_rad9 cls 1.2015e-01 (1.4348e-01)	Loss_VinDrCXR_rad9 mse 6.0631e-01 (2.4564e-01)
Epoch: [102] Train_Loss_cls: 1.4391e-01 Train_Loss_mse: 2.4145e-01
Epoch: [102][ 0/65]	Time  9.626 ( 9.626)	Loss_VinDrCXR_rad10 cls 1.0560e-01 (1.0560e-01)	Loss_VinDrCXR_rad10 mse 8.6746e-02 (8.6746e-02)
Epoch: [102][50/65]	Time  0.976 ( 1.147)	Loss_VinDrCXR_rad10 cls 9.8001e-02 (1.0767e-01)	Loss_VinDrCXR_rad10 mse 1.4151e-01 (2.1301e-01)
Epoch: [102] Train_Loss_cls: 1.0614e-01 Train_Loss_mse: 2.1541e-01
Epoch: [102][ 0/16]	Time  8.975 ( 8.975)	Loss_VinDrCXR_rad11 cls 4.2626e-02 (4.2626e-02)	Loss_VinDrCXR_rad11 mse 3.5736e-02 (3.5736e-02)
Epoch: [102] Train_Loss_cls: 2.4931e-02 Train_Loss_mse: 6.5590e-02
Epoch: [102][ 0/17]	Time  8.481 ( 8.481)	Loss_VinDrCXR_rad12 cls 2.3905e-02 (2.3905e-02)	Loss_VinDrCXR_rad12 mse 4.8485e-02 (4.8485e-02)
Epoch: [102] Train_Loss_cls: 2.1157e-02 Train_Loss_mse: 3.5420e-02
Epoch: [102][ 0/17]	Time  8.748 ( 8.748)	Loss_VinDrCXR_rad13 cls 1.5498e-02 (1.5498e-02)	Loss_VinDrCXR_rad13 mse 1.7682e-02 (1.7682e-02)
Epoch: [102] Train_Loss_cls: 2.3663e-02 Train_Loss_mse: 3.1390e-02
Epoch: [102][ 0/15]	Time  8.338 ( 8.338)	Loss_VinDrCXR_rad14 cls 1.8790e-02 (1.8790e-02)	Loss_VinDrCXR_rad14 mse 4.7139e-02 (4.7139e-02)
Epoch: [102] Train_Loss_cls: 3.0856e-02 Train_Loss_mse: 4.9210e-02
Epoch: [102][ 0/17]	Time  9.012 ( 9.012)	Loss_VinDrCXR_rad15 cls 1.6690e-02 (1.6690e-02)	Loss_VinDrCXR_rad15 mse 2.5105e-02 (2.5105e-02)
Epoch: [102] Train_Loss_cls: 2.8942e-02 Train_Loss_mse: 4.5177e-02
Epoch: [102][ 0/17]	Time  8.827 ( 8.827)	Loss_VinDrCXR_rad16 cls 1.4645e-02 (1.4645e-02)	Loss_VinDrCXR_rad16 mse 2.7400e-02 (2.7400e-02)
Epoch: [102] Train_Loss_cls: 1.3712e-02 Train_Loss_mse: 3.8059e-02
Epoch: [102][0/8]	Time  8.778 ( 8.778)	Loss_VinDrCXR_rad17 cls 1.7944e-02 (1.7944e-02)	Loss_VinDrCXR_rad17 mse 5.3109e-02 (5.3109e-02)
Epoch: [102] Train_Loss_cls: 2.2161e-02 Train_Loss_mse: 2.5737e-02
Val_VinDrCXR_rad1: [ 0/30]	Time  7.387 ( 7.387)	Loss 8.7650e-01 (8.7650e-01)
Epoch 0102: avg_val_loss 0.34420, saving model to ./Models/swin_base_Ark_Finetune_17Rad/Ark_PlusArk_Finetune_17Rad/Ark_Finetune_17Rad/Ark_PlusArk_Finetune_17Rad
Epoch: [103][ 0/20]	Time  8.845 ( 8.845)	Loss_VinDrCXR_rad1 cls 1.3229e-03 (1.3229e-03)	Loss_VinDrCXR_rad1 mse 7.8185e-03 (7.8185e-03)
Epoch: [103] Train_Loss_cls: 1.7328e-03 Train_Loss_mse: 7.6830e-03
Epoch: [103][ 0/32]	Time  8.937 ( 8.937)	Loss_VinDrCXR_rad2 cls 5.6762e-04 (5.6762e-04)	Loss_VinDrCXR_rad2 mse 1.0176e-02 (1.0176e-02)
Epoch: [103] Train_Loss_cls: 3.7102e-03 Train_Loss_mse: 8.8142e-03
Epoch: [103][ 0/23]	Time  8.632 ( 8.632)	Loss_VinDrCXR_rad3 cls 4.9343e-04 (4.9343e-04)	Loss_VinDrCXR_rad3 mse 6.8586e-03 (6.8586e-03)
Epoch: [103] Train_Loss_cls: 1.4758e-03 Train_Loss_mse: 8.9466e-03
Epoch: [103][ 0/16]	Time  8.623 ( 8.623)	Loss_VinDrCXR_rad4 cls 2.3268e-04 (2.3268e-04)	Loss_VinDrCXR_rad4 mse 6.2739e-03 (6.2739e-03)
Epoch: [103] Train_Loss_cls: 2.2403e-03 Train_Loss_mse: 6.5256e-03
Epoch: [103][ 0/28]	Time  8.512 ( 8.512)	Loss_VinDrCXR_rad5 cls 1.0869e-03 (1.0869e-03)	Loss_VinDrCXR_rad5 mse 6.3295e-03 (6.3295e-03)
Epoch: [103] Train_Loss_cls: 2.8314e-03 Train_Loss_mse: 6.8486e-03
Epoch: [103][ 0/21]	Time  8.856 ( 8.856)	Loss_VinDrCXR_rad6 cls 3.2122e-04 (3.2122e-04)	Loss_VinDrCXR_rad6 mse 5.0634e-03 (5.0634e-03)
Epoch: [103] Train_Loss_cls: 5.6904e-04 Train_Loss_mse: 8.4544e-03
Epoch: [103][ 0/18]	Time  8.429 ( 8.429)	Loss_VinDrCXR_rad7 cls 1.0730e-04 (1.0730e-04)	Loss_VinDrCXR_rad7 mse 8.9835e-03 (8.9835e-03)
Epoch: [103] Train_Loss_cls: 1.9252e-03 Train_Loss_mse: 7.2450e-03
Epoch: [103][ 0/66]	Time  8.701 ( 8.701)	Loss_VinDrCXR_rad8 cls 3.3876e-01 (3.3876e-01)	Loss_VinDrCXR_rad8 mse 1.0982e-01 (1.0982e-01)
Epoch: [103][50/66]	Time  0.975 ( 1.146)	Loss_VinDrCXR_rad8 cls 7.5530e-02 (1.0382e-01)	Loss_VinDrCXR_rad8 mse 3.0994e-01 (2.2085e-01)
Epoch: [103] Train_Loss_cls: 1.0022e-01 Train_Loss_mse: 2.3398e-01
Epoch: [103][ 0/62]	Time  9.111 ( 9.111)	Loss_VinDrCXR_rad9 cls 1.7934e-01 (1.7934e-01)	Loss_VinDrCXR_rad9 mse 1.2229e-01 (1.2229e-01)
Epoch: [103][50/62]	Time  0.976 ( 1.159)	Loss_VinDrCXR_rad9 cls 1.4975e-01 (1.4538e-01)	Loss_VinDrCXR_rad9 mse 1.5566e-01 (2.2868e-01)
Epoch: [103] Train_Loss_cls: 1.4500e-01 Train_Loss_mse: 2.4108e-01
Epoch: [103][ 0/65]	Time  9.068 ( 9.068)	Loss_VinDrCXR_rad10 cls 1.1992e-01 (1.1992e-01)	Loss_VinDrCXR_rad10 mse 3.5175e-01 (3.5175e-01)
Epoch: [103][50/65]	Time  0.976 ( 1.136)	Loss_VinDrCXR_rad10 cls 1.1320e-01 (1.0884e-01)	Loss_VinDrCXR_rad10 mse 1.5329e-01 (2.3584e-01)
Epoch: [103] Train_Loss_cls: 1.0820e-01 Train_Loss_mse: 2.2978e-01
Epoch: [103][ 0/16]	Time  8.842 ( 8.842)	Loss_VinDrCXR_rad11 cls 5.8469e-02 (5.8469e-02)	Loss_VinDrCXR_rad11 mse 2.9438e-02 (2.9438e-02)
Epoch: [103] Train_Loss_cls: 2.3100e-02 Train_Loss_mse: 3.2441e-02
Epoch: [103][ 0/17]	Time  8.768 ( 8.768)	Loss_VinDrCXR_rad12 cls 1.2882e-02 (1.2882e-02)	Loss_VinDrCXR_rad12 mse 5.1655e-02 (5.1655e-02)
Epoch: [103] Train_Loss_cls: 2.1563e-02 Train_Loss_mse: 3.5934e-02
Epoch: [103][ 0/17]	Time  8.441 ( 8.441)	Loss_VinDrCXR_rad13 cls 3.2644e-02 (3.2644e-02)	Loss_VinDrCXR_rad13 mse 8.8462e-02 (8.8462e-02)
Epoch: [103] Train_Loss_cls: 2.5183e-02 Train_Loss_mse: 4.2683e-02
Epoch: [103][ 0/15]	Time  8.651 ( 8.651)	Loss_VinDrCXR_rad14 cls 5.2398e-02 (5.2398e-02)	Loss_VinDrCXR_rad14 mse 3.0094e-02 (3.0094e-02)
Epoch: [103] Train_Loss_cls: 3.1230e-02 Train_Loss_mse: 6.3620e-02
Epoch: [103][ 0/17]	Time  8.639 ( 8.639)	Loss_VinDrCXR_rad15 cls 3.9836e-02 (3.9836e-02)	Loss_VinDrCXR_rad15 mse 2.6085e-02 (2.6085e-02)
Epoch: [103] Train_Loss_cls: 2.6940e-02 Train_Loss_mse: 3.7505e-02
Epoch: [103][ 0/17]	Time  8.668 ( 8.668)	Loss_VinDrCXR_rad16 cls 1.5391e-02 (1.5391e-02)	Loss_VinDrCXR_rad16 mse 5.0144e-02 (5.0144e-02)
Epoch: [103] Train_Loss_cls: 1.8835e-02 Train_Loss_mse: 3.1754e-02
Epoch: [103][0/8]	Time  8.601 ( 8.601)	Loss_VinDrCXR_rad17 cls 1.8930e-02 (1.8930e-02)	Loss_VinDrCXR_rad17 mse 1.6063e-02 (1.6063e-02)
Epoch: [103] Train_Loss_cls: 1.8432e-02 Train_Loss_mse: 2.1105e-02
Val_VinDrCXR_rad1: [ 0/30]	Time  7.309 ( 7.309)	Loss 9.5239e-01 (9.5239e-01)
Epoch 0103: avg_val_loss 0.36040, saving model to ./Models/swin_base_Ark_Finetune_17Rad/Ark_PlusArk_Finetune_17Rad/Ark_Finetune_17Rad/Ark_PlusArk_Finetune_17Rad
Epoch: [104][ 0/20]	Time  8.464 ( 8.464)	Loss_VinDrCXR_rad1 cls 4.6413e-03 (4.6413e-03)	Loss_VinDrCXR_rad1 mse 8.1227e-03 (8.1227e-03)
Epoch: [104] Train_Loss_cls: 1.5389e-03 Train_Loss_mse: 8.7570e-03
Epoch: [104][ 0/32]	Time  8.715 ( 8.715)	Loss_VinDrCXR_rad2 cls 2.8557e-02 (2.8557e-02)	Loss_VinDrCXR_rad2 mse 8.5060e-03 (8.5060e-03)
Epoch: [104] Train_Loss_cls: 3.9643e-03 Train_Loss_mse: 8.4011e-03
Epoch: [104][ 0/23]	Time  8.805 ( 8.805)	Loss_VinDrCXR_rad3 cls 4.3435e-03 (4.3435e-03)	Loss_VinDrCXR_rad3 mse 8.0177e-03 (8.0177e-03)
Epoch: [104] Train_Loss_cls: 8.3870e-04 Train_Loss_mse: 8.3238e-03
Epoch: [104][ 0/16]	Time  8.292 ( 8.292)	Loss_VinDrCXR_rad4 cls 2.9385e-03 (2.9385e-03)	Loss_VinDrCXR_rad4 mse 5.1641e-03 (5.1641e-03)
Epoch: [104] Train_Loss_cls: 2.3249e-03 Train_Loss_mse: 6.1776e-03
Epoch: [104][ 0/28]	Time  8.581 ( 8.581)	Loss_VinDrCXR_rad5 cls 2.5766e-04 (2.5766e-04)	Loss_VinDrCXR_rad5 mse 9.6878e-03 (9.6878e-03)
Epoch: [104] Train_Loss_cls: 3.2719e-03 Train_Loss_mse: 1.1574e-02
Epoch: [104][ 0/21]	Time  7.950 ( 7.950)	Loss_VinDrCXR_rad6 cls 4.0833e-03 (4.0833e-03)	Loss_VinDrCXR_rad6 mse 7.1325e-03 (7.1325e-03)
Epoch: [104] Train_Loss_cls: 4.9508e-04 Train_Loss_mse: 1.1476e-02
Epoch: [104][ 0/18]	Time  8.512 ( 8.512)	Loss_VinDrCXR_rad7 cls 1.2505e-02 (1.2505e-02)	Loss_VinDrCXR_rad7 mse 7.0667e-03 (7.0667e-03)
Epoch: [104] Train_Loss_cls: 1.7041e-03 Train_Loss_mse: 6.8250e-03
Epoch: [104][ 0/66]	Time  8.899 ( 8.899)	Loss_VinDrCXR_rad8 cls 3.4296e-01 (3.4296e-01)	Loss_VinDrCXR_rad8 mse 1.3274e-01 (1.3274e-01)
Epoch: [104][50/66]	Time  0.976 ( 1.151)	Loss_VinDrCXR_rad8 cls 9.5138e-02 (1.0424e-01)	Loss_VinDrCXR_rad8 mse 2.6646e-01 (2.4038e-01)
Epoch: [104] Train_Loss_cls: 1.0162e-01 Train_Loss_mse: 2.3196e-01
Epoch: [104][ 0/62]	Time  8.860 ( 8.860)	Loss_VinDrCXR_rad9 cls 1.5324e-01 (1.5324e-01)	Loss_VinDrCXR_rad9 mse 2.9588e-01 (2.9588e-01)
Epoch: [104][50/62]	Time  0.976 ( 1.152)	Loss_VinDrCXR_rad9 cls 1.6182e-01 (1.4470e-01)	Loss_VinDrCXR_rad9 mse 1.3423e-01 (2.7586e-01)
Epoch: [104] Train_Loss_cls: 1.4452e-01 Train_Loss_mse: 2.6080e-01
Epoch: [104][ 0/65]	Time  8.455 ( 8.455)	Loss_VinDrCXR_rad10 cls 1.0170e-01 (1.0170e-01)	Loss_VinDrCXR_rad10 mse 2.1811e-01 (2.1811e-01)
Epoch: [104][50/65]	Time  0.976 ( 1.151)	Loss_VinDrCXR_rad10 cls 1.1031e-01 (1.0696e-01)	Loss_VinDrCXR_rad10 mse 2.2558e-01 (2.3366e-01)
Epoch: [104] Train_Loss_cls: 1.0575e-01 Train_Loss_mse: 2.3359e-01
Epoch: [104][ 0/16]	Time  8.535 ( 8.535)	Loss_VinDrCXR_rad11 cls 5.0325e-02 (5.0325e-02)	Loss_VinDrCXR_rad11 mse 3.5777e-02 (3.5777e-02)
Epoch: [104] Train_Loss_cls: 2.1697e-02 Train_Loss_mse: 3.8099e-02
Epoch: [104][ 0/17]	Time  9.139 ( 9.139)	Loss_VinDrCXR_rad12 cls 3.1861e-02 (3.1861e-02)	Loss_VinDrCXR_rad12 mse 3.2459e-02 (3.2459e-02)
Epoch: [104] Train_Loss_cls: 1.7933e-02 Train_Loss_mse: 4.1620e-02
Epoch: [104][ 0/17]	Time  8.622 ( 8.622)	Loss_VinDrCXR_rad13 cls 8.4572e-03 (8.4572e-03)	Loss_VinDrCXR_rad13 mse 2.0092e-02 (2.0092e-02)
Epoch: [104] Train_Loss_cls: 2.3696e-02 Train_Loss_mse: 3.1401e-02
Epoch: [104][ 0/15]	Time  9.368 ( 9.368)	Loss_VinDrCXR_rad14 cls 1.8865e-02 (1.8865e-02)	Loss_VinDrCXR_rad14 mse 3.9163e-02 (3.9163e-02)
Epoch: [104] Train_Loss_cls: 3.0413e-02 Train_Loss_mse: 7.8876e-02
Epoch: [104][ 0/17]	Time  9.552 ( 9.552)	Loss_VinDrCXR_rad15 cls 3.9002e-02 (3.9002e-02)	Loss_VinDrCXR_rad15 mse 5.4349e-02 (5.4349e-02)
Epoch: [104] Train_Loss_cls: 3.0667e-02 Train_Loss_mse: 4.0525e-02
Epoch: [104][ 0/17]	Time  8.727 ( 8.727)	Loss_VinDrCXR_rad16 cls 1.3492e-02 (1.3492e-02)	Loss_VinDrCXR_rad16 mse 2.9200e-02 (2.9200e-02)
Epoch: [104] Train_Loss_cls: 1.6669e-02 Train_Loss_mse: 2.5872e-02
Epoch: [104][0/8]	Time  8.774 ( 8.774)	Loss_VinDrCXR_rad17 cls 1.5582e-02 (1.5582e-02)	Loss_VinDrCXR_rad17 mse 1.7383e-02 (1.7383e-02)
Epoch: [104] Train_Loss_cls: 2.1825e-02 Train_Loss_mse: 2.4494e-02
Val_VinDrCXR_rad1: [ 0/30]	Time  7.401 ( 7.401)	Loss 8.9148e-01 (8.9148e-01)
Epoch 0104: avg_val_loss 0.34863, saving model to ./Models/swin_base_Ark_Finetune_17Rad/Ark_PlusArk_Finetune_17Rad/Ark_Finetune_17Rad/Ark_PlusArk_Finetune_17Rad
Epoch: [105][ 0/20]	Time  8.813 ( 8.813)	Loss_VinDrCXR_rad1 cls 1.2037e-03 (1.2037e-03)	Loss_VinDrCXR_rad1 mse 6.0433e-03 (6.0433e-03)
Epoch: [105] Train_Loss_cls: 1.0928e-03 Train_Loss_mse: 7.8317e-03
Epoch: [105][ 0/32]	Time  9.189 ( 9.189)	Loss_VinDrCXR_rad2 cls 3.4118e-04 (3.4118e-04)	Loss_VinDrCXR_rad2 mse 8.4825e-03 (8.4825e-03)
Epoch: [105] Train_Loss_cls: 4.0132e-03 Train_Loss_mse: 7.8354e-03
Epoch: [105][ 0/23]	Time  9.093 ( 9.093)	Loss_VinDrCXR_rad3 cls 6.4415e-04 (6.4415e-04)	Loss_VinDrCXR_rad3 mse 5.5697e-03 (5.5697e-03)
Epoch: [105] Train_Loss_cls: 8.0166e-04 Train_Loss_mse: 8.2077e-03
Epoch: [105][ 0/16]	Time  8.438 ( 8.438)	Loss_VinDrCXR_rad4 cls 1.5522e-03 (1.5522e-03)	Loss_VinDrCXR_rad4 mse 6.1006e-03 (6.1006e-03)
Epoch: [105] Train_Loss_cls: 2.3849e-03 Train_Loss_mse: 7.4236e-03
Epoch: [105][ 0/28]	Time  8.705 ( 8.705)	Loss_VinDrCXR_rad5 cls 9.3113e-03 (9.3113e-03)	Loss_VinDrCXR_rad5 mse 6.0109e-03 (6.0109e-03)
Epoch: [105] Train_Loss_cls: 2.5465e-03 Train_Loss_mse: 6.4550e-03
Epoch: [105][ 0/21]	Time  8.295 ( 8.295)	Loss_VinDrCXR_rad6 cls 5.4644e-04 (5.4644e-04)	Loss_VinDrCXR_rad6 mse 6.5579e-03 (6.5579e-03)
Epoch: [105] Train_Loss_cls: 5.2779e-04 Train_Loss_mse: 1.0204e-02
Epoch: [105][ 0/18]	Time  9.007 ( 9.007)	Loss_VinDrCXR_rad7 cls 1.2204e-04 (1.2204e-04)	Loss_VinDrCXR_rad7 mse 5.2076e-03 (5.2076e-03)
Epoch: [105] Train_Loss_cls: 1.9293e-03 Train_Loss_mse: 1.5639e-02
Epoch: [105][ 0/66]	Time  9.409 ( 9.409)	Loss_VinDrCXR_rad8 cls 3.9023e-01 (3.9023e-01)	Loss_VinDrCXR_rad8 mse 2.7487e-01 (2.7487e-01)
Epoch: [105][50/66]	Time  0.976 ( 1.184)	Loss_VinDrCXR_rad8 cls 8.5742e-02 (1.0874e-01)	Loss_VinDrCXR_rad8 mse 4.1532e-01 (2.6898e-01)
Epoch: [105] Train_Loss_cls: 1.0472e-01 Train_Loss_mse: 2.5452e-01
Epoch: [105][ 0/62]	Time  8.718 ( 8.718)	Loss_VinDrCXR_rad9 cls 1.5101e-01 (1.5101e-01)	Loss_VinDrCXR_rad9 mse 1.6931e-01 (1.6931e-01)
Epoch: [105][50/62]	Time  0.975 ( 1.209)	Loss_VinDrCXR_rad9 cls 1.2719e-01 (1.4204e-01)	Loss_VinDrCXR_rad9 mse 5.0177e-01 (2.7320e-01)
Epoch: [105] Train_Loss_cls: 1.4182e-01 Train_Loss_mse: 2.8261e-01
Epoch: [105][ 0/65]	Time  8.956 ( 8.956)	Loss_VinDrCXR_rad10 cls 1.0333e-01 (1.0333e-01)	Loss_VinDrCXR_rad10 mse 1.4158e-01 (1.4158e-01)
Epoch: [105][50/65]	Time  0.990 ( 1.136)	Loss_VinDrCXR_rad10 cls 1.3176e-01 (1.0919e-01)	Loss_VinDrCXR_rad10 mse 4.8117e-01 (2.4745e-01)
Epoch: [105] Train_Loss_cls: 1.1028e-01 Train_Loss_mse: 2.6530e-01
Epoch: [105][ 0/16]	Time  8.581 ( 8.581)	Loss_VinDrCXR_rad11 cls 6.7866e-02 (6.7866e-02)	Loss_VinDrCXR_rad11 mse 3.4927e-02 (3.4927e-02)
Epoch: [105] Train_Loss_cls: 2.5725e-02 Train_Loss_mse: 5.4775e-02
Epoch: [105][ 0/17]	Time  9.149 ( 9.149)	Loss_VinDrCXR_rad12 cls 1.5046e-02 (1.5046e-02)	Loss_VinDrCXR_rad12 mse 4.6239e-02 (4.6239e-02)
Epoch: [105] Train_Loss_cls: 1.8243e-02 Train_Loss_mse: 2.9233e-02
Epoch: [105][ 0/17]	Time  8.862 ( 8.862)	Loss_VinDrCXR_rad13 cls 1.6737e-02 (1.6737e-02)	Loss_VinDrCXR_rad13 mse 1.1512e-02 (1.1512e-02)
Epoch: [105] Train_Loss_cls: 2.4744e-02 Train_Loss_mse: 3.7054e-02
Epoch: [105][ 0/15]	Time  8.663 ( 8.663)	Loss_VinDrCXR_rad14 cls 5.7994e-02 (5.7994e-02)	Loss_VinDrCXR_rad14 mse 3.7197e-01 (3.7197e-01)
Epoch: [105] Train_Loss_cls: 3.4069e-02 Train_Loss_mse: 8.1192e-02
Epoch: [105][ 0/17]	Time  8.906 ( 8.906)	Loss_VinDrCXR_rad15 cls 4.1985e-02 (4.1985e-02)	Loss_VinDrCXR_rad15 mse 4.8981e-02 (4.8981e-02)
Epoch: [105] Train_Loss_cls: 3.1551e-02 Train_Loss_mse: 3.4219e-02
Epoch: [105][ 0/17]	Time  8.581 ( 8.581)	Loss_VinDrCXR_rad16 cls 1.2670e-02 (1.2670e-02)	Loss_VinDrCXR_rad16 mse 2.3136e-02 (2.3136e-02)
Epoch: [105] Train_Loss_cls: 1.8411e-02 Train_Loss_mse: 4.8337e-02
Epoch: [105][0/8]	Time  8.627 ( 8.627)	Loss_VinDrCXR_rad17 cls 9.0811e-03 (9.0811e-03)	Loss_VinDrCXR_rad17 mse 1.3142e-02 (1.3142e-02)
Epoch: [105] Train_Loss_cls: 2.5193e-02 Train_Loss_mse: 2.5335e-02
Val_VinDrCXR_rad1: [ 0/30]	Time  7.243 ( 7.243)	Loss 8.6020e-01 (8.6020e-01)
Epoch 0105: avg_val_loss 0.33878, saving model to ./Models/swin_base_Ark_Finetune_17Rad/Ark_PlusArk_Finetune_17Rad/Ark_Finetune_17Rad/Ark_PlusArk_Finetune_17Rad
Epoch: [106][ 0/20]	Time  8.591 ( 8.591)	Loss_VinDrCXR_rad1 cls 2.3740e-03 (2.3740e-03)	Loss_VinDrCXR_rad1 mse 7.6110e-03 (7.6110e-03)
Epoch: [106] Train_Loss_cls: 1.7617e-03 Train_Loss_mse: 7.7997e-03
Epoch: [106][ 0/32]	Time  8.858 ( 8.858)	Loss_VinDrCXR_rad2 cls 4.0887e-04 (4.0887e-04)	Loss_VinDrCXR_rad2 mse 8.7092e-03 (8.7092e-03)
Epoch: [106] Train_Loss_cls: 3.7241e-03 Train_Loss_mse: 8.8941e-03
Epoch: [106][ 0/23]	Time  8.779 ( 8.779)	Loss_VinDrCXR_rad3 cls 6.3226e-04 (6.3226e-04)	Loss_VinDrCXR_rad3 mse 6.8603e-03 (6.8603e-03)
Epoch: [106] Train_Loss_cls: 1.5920e-03 Train_Loss_mse: 7.3908e-03
Epoch: [106][ 0/16]	Time  8.935 ( 8.935)	Loss_VinDrCXR_rad4 cls 1.3698e-02 (1.3698e-02)	Loss_VinDrCXR_rad4 mse 5.2000e-03 (5.2000e-03)
Epoch: [106] Train_Loss_cls: 2.1242e-03 Train_Loss_mse: 6.9791e-03
Epoch: [106][ 0/28]	Time  8.178 ( 8.178)	Loss_VinDrCXR_rad5 cls 2.3883e-04 (2.3883e-04)	Loss_VinDrCXR_rad5 mse 6.9026e-03 (6.9026e-03)
Epoch: [106] Train_Loss_cls: 3.2533e-03 Train_Loss_mse: 8.1616e-03
Epoch: [106][ 0/21]	Time  9.043 ( 9.043)	Loss_VinDrCXR_rad6 cls 3.4483e-04 (3.4483e-04)	Loss_VinDrCXR_rad6 mse 5.4598e-03 (5.4598e-03)
Epoch: [106] Train_Loss_cls: 5.9801e-04 Train_Loss_mse: 6.6480e-03
Epoch: [106][ 0/18]	Time  9.158 ( 9.158)	Loss_VinDrCXR_rad7 cls 1.8821e-04 (1.8821e-04)	Loss_VinDrCXR_rad7 mse 6.9125e-03 (6.9125e-03)
Epoch: [106] Train_Loss_cls: 2.0566e-03 Train_Loss_mse: 1.7230e-02
Epoch: [106][ 0/66]	Time  8.813 ( 8.813)	Loss_VinDrCXR_rad8 cls 4.4527e-01 (4.4527e-01)	Loss_VinDrCXR_rad8 mse 1.6817e-01 (1.6817e-01)
Epoch: [106][50/66]	Time  0.978 ( 1.198)	Loss_VinDrCXR_rad8 cls 1.0450e-01 (1.0293e-01)	Loss_VinDrCXR_rad8 mse 4.9814e-01 (2.3828e-01)
Epoch: [106] Train_Loss_cls: 1.0288e-01 Train_Loss_mse: 2.3012e-01
Epoch: [106][ 0/62]	Time  8.913 ( 8.913)	Loss_VinDrCXR_rad9 cls 2.0546e-01 (2.0546e-01)	Loss_VinDrCXR_rad9 mse 4.2064e-01 (4.2064e-01)
Epoch: [106][50/62]	Time  0.975 ( 1.157)	Loss_VinDrCXR_rad9 cls 1.7347e-01 (1.4274e-01)	Loss_VinDrCXR_rad9 mse 5.1257e-01 (2.8139e-01)
Epoch: [106] Train_Loss_cls: 1.4162e-01 Train_Loss_mse: 2.6599e-01
Epoch: [106][ 0/65]	Time  9.100 ( 9.100)	Loss_VinDrCXR_rad10 cls 1.1856e-01 (1.1856e-01)	Loss_VinDrCXR_rad10 mse 7.9538e-01 (7.9538e-01)
Epoch: [106][50/65]	Time  0.975 ( 1.168)	Loss_VinDrCXR_rad10 cls 8.9917e-02 (1.0960e-01)	Loss_VinDrCXR_rad10 mse 9.8655e-02 (2.5673e-01)
Epoch: [106] Train_Loss_cls: 1.0765e-01 Train_Loss_mse: 2.5318e-01
Epoch: [106][ 0/16]	Time  8.919 ( 8.919)	Loss_VinDrCXR_rad11 cls 5.0947e-02 (5.0947e-02)	Loss_VinDrCXR_rad11 mse 6.7926e-02 (6.7926e-02)
Epoch: [106] Train_Loss_cls: 2.1049e-02 Train_Loss_mse: 3.6513e-02
Epoch: [106][ 0/17]	Time  8.751 ( 8.751)	Loss_VinDrCXR_rad12 cls 9.2766e-03 (9.2766e-03)	Loss_VinDrCXR_rad12 mse 4.0172e-02 (4.0172e-02)
Epoch: [106] Train_Loss_cls: 1.9595e-02 Train_Loss_mse: 2.9840e-02
Epoch: [106][ 0/17]	Time  8.756 ( 8.756)	Loss_VinDrCXR_rad13 cls 1.3622e-02 (1.3622e-02)	Loss_VinDrCXR_rad13 mse 2.5763e-02 (2.5763e-02)
Epoch: [106] Train_Loss_cls: 2.2523e-02 Train_Loss_mse: 2.9541e-02
Epoch: [106][ 0/15]	Time  8.963 ( 8.963)	Loss_VinDrCXR_rad14 cls 2.5442e-02 (2.5442e-02)	Loss_VinDrCXR_rad14 mse 2.3296e-02 (2.3296e-02)
Epoch: [106] Train_Loss_cls: 2.9556e-02 Train_Loss_mse: 7.5206e-02
Epoch: [106][ 0/17]	Time  9.298 ( 9.298)	Loss_VinDrCXR_rad15 cls 3.3735e-02 (3.3735e-02)	Loss_VinDrCXR_rad15 mse 3.2720e-02 (3.2720e-02)
Epoch: [106] Train_Loss_cls: 2.5885e-02 Train_Loss_mse: 4.0897e-02
Epoch: [106][ 0/17]	Time  8.590 ( 8.590)	Loss_VinDrCXR_rad16 cls 3.7014e-02 (3.7014e-02)	Loss_VinDrCXR_rad16 mse 3.7840e-02 (3.7840e-02)
Epoch: [106] Train_Loss_cls: 1.5983e-02 Train_Loss_mse: 4.3313e-02
Epoch: [106][0/8]	Time  8.537 ( 8.537)	Loss_VinDrCXR_rad17 cls 4.4576e-02 (4.4576e-02)	Loss_VinDrCXR_rad17 mse 3.8901e-02 (3.8901e-02)
Epoch: [106] Train_Loss_cls: 2.4833e-02 Train_Loss_mse: 2.4616e-02
Val_VinDrCXR_rad1: [ 0/30]	Time  7.366 ( 7.366)	Loss 8.8040e-01 (8.8040e-01)
Epoch 0106: avg_val_loss 0.34956, saving model to ./Models/swin_base_Ark_Finetune_17Rad/Ark_PlusArk_Finetune_17Rad/Ark_Finetune_17Rad/Ark_PlusArk_Finetune_17Rad
Epoch: [107][ 0/20]	Time  9.163 ( 9.163)	Loss_VinDrCXR_rad1 cls 8.4241e-03 (8.4241e-03)	Loss_VinDrCXR_rad1 mse 9.3011e-03 (9.3011e-03)
Epoch: [107] Train_Loss_cls: 2.0217e-03 Train_Loss_mse: 8.3311e-03
Epoch: [107][ 0/32]	Time  9.845 ( 9.845)	Loss_VinDrCXR_rad2 cls 1.3952e-02 (1.3952e-02)	Loss_VinDrCXR_rad2 mse 7.1286e-03 (7.1286e-03)
Epoch: [107] Train_Loss_cls: 3.9279e-03 Train_Loss_mse: 1.7223e-02
Epoch: [107][ 0/23]	Time  8.520 ( 8.520)	Loss_VinDrCXR_rad3 cls 5.4122e-04 (5.4122e-04)	Loss_VinDrCXR_rad3 mse 5.9987e-03 (5.9987e-03)
Epoch: [107] Train_Loss_cls: 1.0213e-03 Train_Loss_mse: 7.8032e-03
Epoch: [107][ 0/16]	Time  8.435 ( 8.435)	Loss_VinDrCXR_rad4 cls 1.4061e-02 (1.4061e-02)	Loss_VinDrCXR_rad4 mse 5.3896e-03 (5.3896e-03)
Epoch: [107] Train_Loss_cls: 2.1357e-03 Train_Loss_mse: 6.9597e-03
Epoch: [107][ 0/28]	Time  8.290 ( 8.290)	Loss_VinDrCXR_rad5 cls 8.1226e-03 (8.1226e-03)	Loss_VinDrCXR_rad5 mse 5.7456e-03 (5.7456e-03)
Epoch: [107] Train_Loss_cls: 3.0373e-03 Train_Loss_mse: 8.3296e-03
Epoch: [107][ 0/21]	Time  8.739 ( 8.739)	Loss_VinDrCXR_rad6 cls 3.0111e-03 (3.0111e-03)	Loss_VinDrCXR_rad6 mse 7.1011e-03 (7.1011e-03)
Epoch: [107] Train_Loss_cls: 5.6875e-04 Train_Loss_mse: 7.3649e-03
Epoch: [107][ 0/18]	Time  8.465 ( 8.465)	Loss_VinDrCXR_rad7 cls 1.2921e-04 (1.2921e-04)	Loss_VinDrCXR_rad7 mse 9.8153e-03 (9.8153e-03)
Epoch: [107] Train_Loss_cls: 2.1233e-03 Train_Loss_mse: 6.7574e-03
Epoch: [107][ 0/66]	Time  8.988 ( 8.988)	Loss_VinDrCXR_rad8 cls 4.4234e-01 (4.4234e-01)	Loss_VinDrCXR_rad8 mse 5.3060e-01 (5.3060e-01)
Epoch: [107][50/66]	Time  0.976 ( 1.141)	Loss_VinDrCXR_rad8 cls 1.0883e-01 (1.0752e-01)	Loss_VinDrCXR_rad8 mse 1.8698e-01 (2.9596e-01)
Epoch: [107] Train_Loss_cls: 1.0349e-01 Train_Loss_mse: 2.9178e-01
Epoch: [107][ 0/62]	Time  8.636 ( 8.636)	Loss_VinDrCXR_rad9 cls 1.1778e-01 (1.1778e-01)	Loss_VinDrCXR_rad9 mse 1.3020e-01 (1.3020e-01)
Epoch: [107][50/62]	Time  0.977 ( 1.139)	Loss_VinDrCXR_rad9 cls 1.3882e-01 (1.3957e-01)	Loss_VinDrCXR_rad9 mse 2.5608e-01 (2.5922e-01)
Epoch: [107] Train_Loss_cls: 1.4125e-01 Train_Loss_mse: 2.5928e-01
Epoch: [107][ 0/65]	Time  8.645 ( 8.645)	Loss_VinDrCXR_rad10 cls 1.1634e-01 (1.1634e-01)	Loss_VinDrCXR_rad10 mse 5.3392e-01 (5.3392e-01)
Epoch: [107][50/65]	Time  0.975 ( 1.149)	Loss_VinDrCXR_rad10 cls 9.4411e-02 (1.0723e-01)	Loss_VinDrCXR_rad10 mse 2.8478e-01 (2.6159e-01)
Epoch: [107] Train_Loss_cls: 1.0684e-01 Train_Loss_mse: 2.6070e-01
Epoch: [107][ 0/16]	Time  9.183 ( 9.183)	Loss_VinDrCXR_rad11 cls 2.8971e-02 (2.8971e-02)	Loss_VinDrCXR_rad11 mse 2.5632e-02 (2.5632e-02)
Epoch: [107] Train_Loss_cls: 2.5333e-02 Train_Loss_mse: 4.9188e-02
Epoch: [107][ 0/17]	Time  8.691 ( 8.691)	Loss_VinDrCXR_rad12 cls 8.5928e-03 (8.5928e-03)	Loss_VinDrCXR_rad12 mse 2.0135e-02 (2.0135e-02)
Epoch: [107] Train_Loss_cls: 1.9422e-02 Train_Loss_mse: 2.8292e-02
Epoch: [107][ 0/17]	Time  8.524 ( 8.524)	Loss_VinDrCXR_rad13 cls 1.6409e-02 (1.6409e-02)	Loss_VinDrCXR_rad13 mse 1.3005e-02 (1.3005e-02)
Epoch: [107] Train_Loss_cls: 2.7626e-02 Train_Loss_mse: 3.0430e-02
Epoch: [107][ 0/15]	Time  8.757 ( 8.757)	Loss_VinDrCXR_rad14 cls 5.1135e-02 (5.1135e-02)	Loss_VinDrCXR_rad14 mse 3.4389e-01 (3.4389e-01)
Epoch: [107] Train_Loss_cls: 3.0636e-02 Train_Loss_mse: 9.2255e-02
Epoch: [107][ 0/17]	Time  8.725 ( 8.725)	Loss_VinDrCXR_rad15 cls 3.8791e-02 (3.8791e-02)	Loss_VinDrCXR_rad15 mse 2.3325e-02 (2.3325e-02)
Epoch: [107] Train_Loss_cls: 3.0167e-02 Train_Loss_mse: 5.7245e-02
Epoch: [107][ 0/17]	Time  9.185 ( 9.185)	Loss_VinDrCXR_rad16 cls 8.6981e-03 (8.6981e-03)	Loss_VinDrCXR_rad16 mse 1.8212e-02 (1.8212e-02)
Epoch: [107] Train_Loss_cls: 1.6443e-02 Train_Loss_mse: 4.6862e-02
Epoch: [107][0/8]	Time  8.530 ( 8.530)	Loss_VinDrCXR_rad17 cls 7.0070e-02 (7.0070e-02)	Loss_VinDrCXR_rad17 mse 2.1057e-02 (2.1057e-02)
Epoch: [107] Train_Loss_cls: 2.2652e-02 Train_Loss_mse: 1.9045e-02
Val_VinDrCXR_rad1: [ 0/30]	Time  7.424 ( 7.424)	Loss 9.7704e-01 (9.7704e-01)
Epoch 0107: avg_val_loss 0.37456, saving model to ./Models/swin_base_Ark_Finetune_17Rad/Ark_PlusArk_Finetune_17Rad/Ark_Finetune_17Rad/Ark_PlusArk_Finetune_17Rad
Epoch: [108][ 0/20]	Time  8.705 ( 8.705)	Loss_VinDrCXR_rad1 cls 1.3463e-02 (1.3463e-02)	Loss_VinDrCXR_rad1 mse 6.2958e-03 (6.2958e-03)
Epoch: [108] Train_Loss_cls: 1.4659e-03 Train_Loss_mse: 6.5222e-03
Epoch: [108][ 0/32]	Time  9.303 ( 9.303)	Loss_VinDrCXR_rad2 cls 2.7880e-04 (2.7880e-04)	Loss_VinDrCXR_rad2 mse 7.4251e-03 (7.4251e-03)
Epoch: [108] Train_Loss_cls: 3.7419e-03 Train_Loss_mse: 7.5595e-03
Epoch: [108][ 0/23]	Time  9.082 ( 9.082)	Loss_VinDrCXR_rad3 cls 5.7835e-03 (5.7835e-03)	Loss_VinDrCXR_rad3 mse 7.5160e-03 (7.5160e-03)
Epoch: [108] Train_Loss_cls: 1.4943e-03 Train_Loss_mse: 7.1290e-03
Epoch: [108][ 0/16]	Time  8.651 ( 8.651)	Loss_VinDrCXR_rad4 cls 1.1225e-03 (1.1225e-03)	Loss_VinDrCXR_rad4 mse 6.3808e-03 (6.3808e-03)
Epoch: [108] Train_Loss_cls: 2.0763e-03 Train_Loss_mse: 6.4395e-03
Epoch: [108][ 0/28]	Time  8.868 ( 8.868)	Loss_VinDrCXR_rad5 cls 1.9035e-04 (1.9035e-04)	Loss_VinDrCXR_rad5 mse 5.3177e-03 (5.3177e-03)
Epoch: [108] Train_Loss_cls: 2.7223e-03 Train_Loss_mse: 1.5807e-02
Epoch: [108][ 0/21]	Time  9.731 ( 9.731)	Loss_VinDrCXR_rad6 cls 4.8936e-04 (4.8936e-04)	Loss_VinDrCXR_rad6 mse 6.3291e-03 (6.3291e-03)
Epoch: [108] Train_Loss_cls: 4.5193e-04 Train_Loss_mse: 1.0494e-02
Epoch: [108][ 0/18]	Time  8.768 ( 8.768)	Loss_VinDrCXR_rad7 cls 1.9482e-04 (1.9482e-04)	Loss_VinDrCXR_rad7 mse 4.7193e-03 (4.7193e-03)
Epoch: [108] Train_Loss_cls: 2.0791e-03 Train_Loss_mse: 7.5112e-03
Epoch: [108][ 0/66]	Time  8.878 ( 8.878)	Loss_VinDrCXR_rad8 cls 3.5055e-01 (3.5055e-01)	Loss_VinDrCXR_rad8 mse 8.3505e-02 (8.3505e-02)
Epoch: [108][50/66]	Time  0.975 ( 1.165)	Loss_VinDrCXR_rad8 cls 1.1292e-01 (1.0281e-01)	Loss_VinDrCXR_rad8 mse 2.4112e-01 (2.3321e-01)
Epoch: [108] Train_Loss_cls: 1.0144e-01 Train_Loss_mse: 2.4302e-01
Epoch: [108][ 0/62]	Time  9.569 ( 9.569)	Loss_VinDrCXR_rad9 cls 1.6269e-01 (1.6269e-01)	Loss_VinDrCXR_rad9 mse 1.6257e-01 (1.6257e-01)
Epoch: [108][50/62]	Time  0.974 ( 1.183)	Loss_VinDrCXR_rad9 cls 1.3603e-01 (1.4494e-01)	Loss_VinDrCXR_rad9 mse 2.0259e-01 (2.6704e-01)
Epoch: [108] Train_Loss_cls: 1.4441e-01 Train_Loss_mse: 3.0622e-01
Epoch: [108][ 0/65]	Time  8.629 ( 8.629)	Loss_VinDrCXR_rad10 cls 1.2396e-01 (1.2396e-01)	Loss_VinDrCXR_rad10 mse 1.1369e-01 (1.1369e-01)
Epoch: [108][50/65]	Time  0.977 ( 1.134)	Loss_VinDrCXR_rad10 cls 9.8391e-02 (1.0898e-01)	Loss_VinDrCXR_rad10 mse 1.7946e-01 (2.8731e-01)
Epoch: [108] Train_Loss_cls: 1.1049e-01 Train_Loss_mse: 2.9476e-01
Epoch: [108][ 0/16]	Time  9.253 ( 9.253)	Loss_VinDrCXR_rad11 cls 6.0911e-02 (6.0911e-02)	Loss_VinDrCXR_rad11 mse 3.9059e-02 (3.9059e-02)
Epoch: [108] Train_Loss_cls: 3.0308e-02 Train_Loss_mse: 5.9445e-02
Epoch: [108][ 0/17]	Time  9.179 ( 9.179)	Loss_VinDrCXR_rad12 cls 1.2538e-02 (1.2538e-02)	Loss_VinDrCXR_rad12 mse 2.3423e-02 (2.3423e-02)
Epoch: [108] Train_Loss_cls: 1.7480e-02 Train_Loss_mse: 4.2376e-02
Epoch: [108][ 0/17]	Time  8.639 ( 8.639)	Loss_VinDrCXR_rad13 cls 2.2166e-02 (2.2166e-02)	Loss_VinDrCXR_rad13 mse 3.3907e-02 (3.3907e-02)
Epoch: [108] Train_Loss_cls: 2.7742e-02 Train_Loss_mse: 4.4269e-02
Epoch: [108][ 0/15]	Time  8.979 ( 8.979)	Loss_VinDrCXR_rad14 cls 4.9291e-02 (4.9291e-02)	Loss_VinDrCXR_rad14 mse 5.0094e-02 (5.0094e-02)
Epoch: [108] Train_Loss_cls: 3.0234e-02 Train_Loss_mse: 5.5798e-02
Epoch: [108][ 0/17]	Time  8.516 ( 8.516)	Loss_VinDrCXR_rad15 cls 4.3979e-02 (4.3979e-02)	Loss_VinDrCXR_rad15 mse 5.7178e-02 (5.7178e-02)
Epoch: [108] Train_Loss_cls: 3.0288e-02 Train_Loss_mse: 5.7693e-02
Epoch: [108][ 0/17]	Time  8.887 ( 8.887)	Loss_VinDrCXR_rad16 cls 1.8406e-02 (1.8406e-02)	Loss_VinDrCXR_rad16 mse 3.1308e-02 (3.1308e-02)
Epoch: [108] Train_Loss_cls: 1.9266e-02 Train_Loss_mse: 6.7817e-02
Epoch: [108][0/8]	Time  8.976 ( 8.976)	Loss_VinDrCXR_rad17 cls 2.3648e-02 (2.3648e-02)	Loss_VinDrCXR_rad17 mse 5.0120e-02 (5.0120e-02)
Epoch: [108] Train_Loss_cls: 1.8518e-02 Train_Loss_mse: 1.9540e-02
Val_VinDrCXR_rad1: [ 0/30]	Time  7.344 ( 7.344)	Loss 9.7599e-01 (9.7599e-01)
Epoch 0108: avg_val_loss 0.38162, saving model to ./Models/swin_base_Ark_Finetune_17Rad/Ark_PlusArk_Finetune_17Rad/Ark_Finetune_17Rad/Ark_PlusArk_Finetune_17Rad
Epoch: [109][ 0/20]	Time  8.830 ( 8.830)	Loss_VinDrCXR_rad1 cls 1.3449e-03 (1.3449e-03)	Loss_VinDrCXR_rad1 mse 5.5775e-03 (5.5775e-03)
Epoch: [109] Train_Loss_cls: 1.4137e-03 Train_Loss_mse: 7.3323e-03
Epoch: [109][ 0/32]	Time  8.787 ( 8.787)	Loss_VinDrCXR_rad2 cls 2.8027e-04 (2.8027e-04)	Loss_VinDrCXR_rad2 mse 7.2992e-03 (7.2992e-03)
Epoch: [109] Train_Loss_cls: 4.4387e-03 Train_Loss_mse: 1.1670e-02
Epoch: [109][ 0/23]	Time  8.641 ( 8.641)	Loss_VinDrCXR_rad3 cls 8.6583e-04 (8.6583e-04)	Loss_VinDrCXR_rad3 mse 6.5830e-03 (6.5830e-03)
Epoch: [109] Train_Loss_cls: 1.9601e-03 Train_Loss_mse: 9.3058e-03
Epoch: [109][ 0/16]	Time  9.043 ( 9.043)	Loss_VinDrCXR_rad4 cls 2.8004e-04 (2.8004e-04)	Loss_VinDrCXR_rad4 mse 5.4378e-03 (5.4378e-03)
Epoch: [109] Train_Loss_cls: 1.9626e-03 Train_Loss_mse: 6.1941e-03
Epoch: [109][ 0/28]	Time  8.046 ( 8.046)	Loss_VinDrCXR_rad5 cls 1.1357e-02 (1.1357e-02)	Loss_VinDrCXR_rad5 mse 2.1667e-02 (2.1667e-02)
Epoch: [109] Train_Loss_cls: 2.3738e-03 Train_Loss_mse: 6.6440e-03
Epoch: [109][ 0/21]	Time  8.957 ( 8.957)	Loss_VinDrCXR_rad6 cls 2.6926e-04 (2.6926e-04)	Loss_VinDrCXR_rad6 mse 9.5308e-03 (9.5308e-03)
Epoch: [109] Train_Loss_cls: 3.4973e-04 Train_Loss_mse: 6.9763e-03
Epoch: [109][ 0/18]	Time  8.611 ( 8.611)	Loss_VinDrCXR_rad7 cls 1.4152e-04 (1.4152e-04)	Loss_VinDrCXR_rad7 mse 4.8544e-03 (4.8544e-03)
Epoch: [109] Train_Loss_cls: 2.1968e-03 Train_Loss_mse: 5.9158e-03
Epoch: [109][ 0/66]	Time  8.954 ( 8.954)	Loss_VinDrCXR_rad8 cls 4.6329e-01 (4.6329e-01)	Loss_VinDrCXR_rad8 mse 1.1213e-01 (1.1213e-01)
Epoch: [109][50/66]	Time  0.975 ( 1.165)	Loss_VinDrCXR_rad8 cls 6.7445e-02 (1.0792e-01)	Loss_VinDrCXR_rad8 mse 1.5458e-01 (2.7252e-01)
Epoch: [109] Train_Loss_cls: 1.0255e-01 Train_Loss_mse: 2.5836e-01
Epoch: [109][ 0/62]	Time  8.849 ( 8.849)	Loss_VinDrCXR_rad9 cls 1.8016e-01 (1.8016e-01)	Loss_VinDrCXR_rad9 mse 2.0421e-01 (2.0421e-01)
Epoch: [109][50/62]	Time  0.976 ( 1.169)	Loss_VinDrCXR_rad9 cls 1.4069e-01 (1.4266e-01)	Loss_VinDrCXR_rad9 mse 1.3721e-01 (2.3759e-01)
Epoch: [109] Train_Loss_cls: 1.4285e-01 Train_Loss_mse: 2.3899e-01
Epoch: [109][ 0/65]	Time  8.858 ( 8.858)	Loss_VinDrCXR_rad10 cls 1.5325e-01 (1.5325e-01)	Loss_VinDrCXR_rad10 mse 6.3291e-01 (6.3291e-01)
Epoch: [109][50/65]	Time  0.974 ( 1.175)	Loss_VinDrCXR_rad10 cls 1.1463e-01 (1.0575e-01)	Loss_VinDrCXR_rad10 mse 1.6412e-01 (2.3132e-01)
Epoch: [109] Train_Loss_cls: 1.0580e-01 Train_Loss_mse: 2.2290e-01
Epoch: [109][ 0/16]	Time  9.128 ( 9.128)	Loss_VinDrCXR_rad11 cls 4.6053e-02 (4.6053e-02)	Loss_VinDrCXR_rad11 mse 3.1662e-02 (3.1662e-02)
Epoch: [109] Train_Loss_cls: 2.4269e-02 Train_Loss_mse: 2.8167e-02
Epoch: [109][ 0/17]	Time  8.856 ( 8.856)	Loss_VinDrCXR_rad12 cls 3.2293e-02 (3.2293e-02)	Loss_VinDrCXR_rad12 mse 5.2484e-02 (5.2484e-02)
Epoch: [109] Train_Loss_cls: 2.4151e-02 Train_Loss_mse: 5.6311e-02
Epoch: [109][ 0/17]	Time  8.350 ( 8.350)	Loss_VinDrCXR_rad13 cls 3.6871e-02 (3.6871e-02)	Loss_VinDrCXR_rad13 mse 2.6757e-02 (2.6757e-02)
Epoch: [109] Train_Loss_cls: 2.5688e-02 Train_Loss_mse: 4.9670e-02
Epoch: [109][ 0/15]	Time  8.537 ( 8.537)	Loss_VinDrCXR_rad14 cls 4.9219e-02 (4.9219e-02)	Loss_VinDrCXR_rad14 mse 4.0782e-02 (4.0782e-02)
Epoch: [109] Train_Loss_cls: 2.8669e-02 Train_Loss_mse: 5.1862e-02
Epoch: [109][ 0/17]	Time  9.195 ( 9.195)	Loss_VinDrCXR_rad15 cls 2.6656e-02 (2.6656e-02)	Loss_VinDrCXR_rad15 mse 2.5561e-02 (2.5561e-02)
Epoch: [109] Train_Loss_cls: 2.9779e-02 Train_Loss_mse: 3.6107e-02
Epoch: [109][ 0/17]	Time  9.362 ( 9.362)	Loss_VinDrCXR_rad16 cls 2.7895e-02 (2.7895e-02)	Loss_VinDrCXR_rad16 mse 2.7367e-02 (2.7367e-02)
Epoch: [109] Train_Loss_cls: 2.2241e-02 Train_Loss_mse: 4.6493e-02
Epoch: [109][0/8]	Time  8.625 ( 8.625)	Loss_VinDrCXR_rad17 cls 1.3757e-02 (1.3757e-02)	Loss_VinDrCXR_rad17 mse 1.1492e-02 (1.1492e-02)
Epoch: [109] Train_Loss_cls: 1.9222e-02 Train_Loss_mse: 1.6372e-02
Val_VinDrCXR_rad1: [ 0/30]	Time  7.614 ( 7.614)	Loss 9.0818e-01 (9.0818e-01)
Epoch 0109: avg_val_loss 0.34328, saving model to ./Models/swin_base_Ark_Finetune_17Rad/Ark_PlusArk_Finetune_17Rad/Ark_Finetune_17Rad/Ark_PlusArk_Finetune_17Rad
Epoch: [110][ 0/20]	Time  8.851 ( 8.851)	Loss_VinDrCXR_rad1 cls 1.6603e-03 (1.6603e-03)	Loss_VinDrCXR_rad1 mse 6.4052e-03 (6.4052e-03)
Epoch: [110] Train_Loss_cls: 1.6031e-03 Train_Loss_mse: 7.0754e-03
Epoch: [110][ 0/32]	Time  9.069 ( 9.069)	Loss_VinDrCXR_rad2 cls 3.5524e-04 (3.5524e-04)	Loss_VinDrCXR_rad2 mse 5.6812e-03 (5.6812e-03)
Epoch: [110] Train_Loss_cls: 3.6383e-03 Train_Loss_mse: 7.1358e-03
Epoch: [110][ 0/23]	Time  9.234 ( 9.234)	Loss_VinDrCXR_rad3 cls 1.1027e-03 (1.1027e-03)	Loss_VinDrCXR_rad3 mse 6.2625e-03 (6.2625e-03)
Epoch: [110] Train_Loss_cls: 1.4134e-03 Train_Loss_mse: 6.8671e-03
Epoch: [110][ 0/16]	Time  8.509 ( 8.509)	Loss_VinDrCXR_rad4 cls 2.4740e-04 (2.4740e-04)	Loss_VinDrCXR_rad4 mse 6.0169e-03 (6.0169e-03)
Epoch: [110] Train_Loss_cls: 2.0780e-03 Train_Loss_mse: 5.8467e-03
Epoch: [110][ 0/28]	Time  8.128 ( 8.128)	Loss_VinDrCXR_rad5 cls 1.9420e-04 (1.9420e-04)	Loss_VinDrCXR_rad5 mse 4.4179e-03 (4.4179e-03)
Epoch: [110] Train_Loss_cls: 2.9849e-03 Train_Loss_mse: 5.9162e-03
Epoch: [110][ 0/21]	Time  8.488 ( 8.488)	Loss_VinDrCXR_rad6 cls 4.9405e-04 (4.9405e-04)	Loss_VinDrCXR_rad6 mse 6.2198e-03 (6.2198e-03)
Epoch: [110] Train_Loss_cls: 7.3031e-04 Train_Loss_mse: 6.1340e-03
Epoch: [110][ 0/18]	Time  8.538 ( 8.538)	Loss_VinDrCXR_rad7 cls 1.6065e-04 (1.6065e-04)	Loss_VinDrCXR_rad7 mse 6.1526e-03 (6.1526e-03)
Epoch: [110] Train_Loss_cls: 1.8615e-03 Train_Loss_mse: 6.6370e-03
Epoch: [110][ 0/66]	Time  8.854 ( 8.854)	Loss_VinDrCXR_rad8 cls 4.0200e-01 (4.0200e-01)	Loss_VinDrCXR_rad8 mse 9.1070e-02 (9.1070e-02)
Epoch: [110][50/66]	Time  0.976 ( 1.187)	Loss_VinDrCXR_rad8 cls 7.8142e-02 (1.0501e-01)	Loss_VinDrCXR_rad8 mse 2.7618e-01 (2.4816e-01)
Epoch: [110] Train_Loss_cls: 1.0138e-01 Train_Loss_mse: 2.4444e-01
Epoch: [110][ 0/62]	Time  8.757 ( 8.757)	Loss_VinDrCXR_rad9 cls 2.2167e-01 (2.2167e-01)	Loss_VinDrCXR_rad9 mse 5.2759e-01 (5.2759e-01)
Epoch: [110][50/62]	Time  0.980 ( 1.150)	Loss_VinDrCXR_rad9 cls 2.0097e-01 (1.4800e-01)	Loss_VinDrCXR_rad9 mse 2.9156e-01 (2.8339e-01)
Epoch: [110] Train_Loss_cls: 1.4415e-01 Train_Loss_mse: 2.8430e-01
Epoch: [110][ 0/65]	Time  8.452 ( 8.452)	Loss_VinDrCXR_rad10 cls 1.0139e-01 (1.0139e-01)	Loss_VinDrCXR_rad10 mse 5.3758e-01 (5.3758e-01)
Epoch: [110][50/65]	Time  0.975 ( 1.145)	Loss_VinDrCXR_rad10 cls 1.0956e-01 (1.0883e-01)	Loss_VinDrCXR_rad10 mse 1.3513e-01 (2.7330e-01)
Epoch: [110] Train_Loss_cls: 1.0931e-01 Train_Loss_mse: 2.7875e-01
Epoch: [110][ 0/16]	Time  8.561 ( 8.561)	Loss_VinDrCXR_rad11 cls 6.3423e-02 (6.3423e-02)	Loss_VinDrCXR_rad11 mse 3.9038e-02 (3.9038e-02)
Epoch: [110] Train_Loss_cls: 2.6422e-02 Train_Loss_mse: 3.5917e-02
Epoch: [110][ 0/17]	Time  8.891 ( 8.891)	Loss_VinDrCXR_rad12 cls 4.6069e-02 (4.6069e-02)	Loss_VinDrCXR_rad12 mse 4.4853e-02 (4.4853e-02)
Epoch: [110] Train_Loss_cls: 2.2007e-02 Train_Loss_mse: 5.2021e-02
Epoch: [110][ 0/17]	Time  8.915 ( 8.915)	Loss_VinDrCXR_rad13 cls 2.5660e-02 (2.5660e-02)	Loss_VinDrCXR_rad13 mse 3.0394e-02 (3.0394e-02)
Epoch: [110] Train_Loss_cls: 2.6587e-02 Train_Loss_mse: 5.5720e-02
Epoch: [110][ 0/15]	Time  8.765 ( 8.765)	Loss_VinDrCXR_rad14 cls 2.1639e-02 (2.1639e-02)	Loss_VinDrCXR_rad14 mse 2.7216e-02 (2.7216e-02)
Epoch: [110] Train_Loss_cls: 3.1281e-02 Train_Loss_mse: 5.8976e-02
Epoch: [110][ 0/17]	Time  8.753 ( 8.753)	Loss_VinDrCXR_rad15 cls 1.5203e-02 (1.5203e-02)	Loss_VinDrCXR_rad15 mse 4.7908e-02 (4.7908e-02)
Epoch: [110] Train_Loss_cls: 2.9841e-02 Train_Loss_mse: 6.3175e-02
Epoch: [110][ 0/17]	Time  9.269 ( 9.269)	Loss_VinDrCXR_rad16 cls 3.3634e-02 (3.3634e-02)	Loss_VinDrCXR_rad16 mse 4.2281e-02 (4.2281e-02)
Epoch: [110] Train_Loss_cls: 1.8608e-02 Train_Loss_mse: 3.5649e-02
Epoch: [110][0/8]	Time  9.074 ( 9.074)	Loss_VinDrCXR_rad17 cls 1.3856e-02 (1.3856e-02)	Loss_VinDrCXR_rad17 mse 3.0679e-02 (3.0679e-02)
Epoch: [110] Train_Loss_cls: 1.8891e-02 Train_Loss_mse: 2.2013e-02
Val_VinDrCXR_rad1: [ 0/30]	Time  7.833 ( 7.833)	Loss 8.8761e-01 (8.8761e-01)
Epoch 0110: avg_val_loss 0.33147, saving model to ./Models/swin_base_Ark_Finetune_17Rad/Ark_PlusArk_Finetune_17Rad/Ark_Finetune_17Rad/Ark_PlusArk_Finetune_17Rad
>>VinDrCXR_rad1 Disease = ['PE', 'Lung tumor', 'Pneumonia', 'Tuberculosis', 'Other diseases', 'No finding']
>>VinDrCXR_rad1:Student AUC = [0.9843	0.9308	0.9547	0.9582	0.8414	0.9538], 
Teacher AUC = [0.982 	0.9326	0.9591	0.9538	0.8485	0.9463]

>>VinDrCXR_rad1: Student mAUC = 0.9372, Teacher mAUC = 0.9370
Omni-pretraining stage: 
Student meanAUC = 
[[0.9468759507134883], [0.9454261264448013], [0.9389692516963958], [0.9338567099466557], [0.9322285595158992], [0.9267613086784795], [0.9269031959521569], [0.9311978881171713], [0.9322738966995839], [0.9282953834234174], [0.929972291939886], [0.9318785771175087], [0.937211098360474]] 
Teacher meanAUC = 
[[0.9468759507134883], [0.9460270675389304], [0.9413547485728361], [0.9352525270339678], [0.933640160889925], [0.9253586349249475], [0.9311537710751477], [0.9326593268703175], [0.9311490937056109], [0.9340407878121827], [0.9299489031778979], [0.9354695743205612], [0.9370271512949998]]

Epoch: [111][ 0/20]	Time  9.132 ( 9.132)	Loss_VinDrCXR_rad1 cls 1.3652e-03 (1.3652e-03)	Loss_VinDrCXR_rad1 mse 5.8946e-03 (5.8946e-03)
Epoch: [111] Train_Loss_cls: 2.0632e-03 Train_Loss_mse: 1.7977e-02
Epoch: [111][ 0/32]	Time  9.234 ( 9.234)	Loss_VinDrCXR_rad2 cls 1.2415e-02 (1.2415e-02)	Loss_VinDrCXR_rad2 mse 6.9548e-03 (6.9548e-03)
Epoch: [111] Train_Loss_cls: 4.0838e-03 Train_Loss_mse: 8.5939e-03
Epoch: [111][ 0/23]	Time  9.345 ( 9.345)	Loss_VinDrCXR_rad3 cls 5.5621e-04 (5.5621e-04)	Loss_VinDrCXR_rad3 mse 6.2494e-03 (6.2494e-03)
Epoch: [111] Train_Loss_cls: 1.1121e-03 Train_Loss_mse: 7.7664e-03
Epoch: [111][ 0/16]	Time  8.914 ( 8.914)	Loss_VinDrCXR_rad4 cls 2.4639e-04 (2.4639e-04)	Loss_VinDrCXR_rad4 mse 4.3880e-03 (4.3880e-03)
Epoch: [111] Train_Loss_cls: 2.0983e-03 Train_Loss_mse: 6.2002e-03
Epoch: [111][ 0/28]	Time  9.094 ( 9.094)	Loss_VinDrCXR_rad5 cls 2.8602e-04 (2.8602e-04)	Loss_VinDrCXR_rad5 mse 5.7439e-03 (5.7439e-03)
Epoch: [111] Train_Loss_cls: 3.0184e-03 Train_Loss_mse: 6.1643e-03
Epoch: [111][ 0/21]	Time  8.844 ( 8.844)	Loss_VinDrCXR_rad6 cls 9.5545e-04 (9.5545e-04)	Loss_VinDrCXR_rad6 mse 7.1504e-03 (7.1504e-03)
Epoch: [111] Train_Loss_cls: 6.8171e-04 Train_Loss_mse: 6.2752e-03
Epoch: [111][ 0/18]	Time  9.099 ( 9.099)	Loss_VinDrCXR_rad7 cls 1.4251e-02 (1.4251e-02)	Loss_VinDrCXR_rad7 mse 4.6269e-03 (4.6269e-03)
Epoch: [111] Train_Loss_cls: 1.8016e-03 Train_Loss_mse: 5.8428e-03
Epoch: [111][ 0/66]	Time  8.420 ( 8.420)	Loss_VinDrCXR_rad8 cls 3.6276e-01 (3.6276e-01)	Loss_VinDrCXR_rad8 mse 2.0224e-01 (2.0224e-01)
Epoch: [111][50/66]	Time  1.699 ( 1.180)	Loss_VinDrCXR_rad8 cls 1.0460e-01 (1.0716e-01)	Loss_VinDrCXR_rad8 mse 9.8090e-02 (2.4638e-01)
Epoch: [111] Train_Loss_cls: 1.0432e-01 Train_Loss_mse: 2.3509e-01
Epoch: [111][ 0/62]	Time  8.942 ( 8.942)	Loss_VinDrCXR_rad9 cls 1.9102e-01 (1.9102e-01)	Loss_VinDrCXR_rad9 mse 4.9924e-01 (4.9924e-01)
Epoch: [111][50/62]	Time  0.978 ( 1.211)	Loss_VinDrCXR_rad9 cls 1.4304e-01 (1.4604e-01)	Loss_VinDrCXR_rad9 mse 1.1206e-01 (2.5676e-01)
Epoch: [111] Train_Loss_cls: 1.4405e-01 Train_Loss_mse: 2.5857e-01
Epoch: [111][ 0/65]	Time  9.230 ( 9.230)	Loss_VinDrCXR_rad10 cls 1.4044e-01 (1.4044e-01)	Loss_VinDrCXR_rad10 mse 4.5312e-01 (4.5312e-01)
Epoch: [111][50/65]	Time  0.974 ( 1.187)	Loss_VinDrCXR_rad10 cls 1.0877e-01 (1.1337e-01)	Loss_VinDrCXR_rad10 mse 1.2098e-01 (2.3652e-01)
Epoch: [111] Train_Loss_cls: 1.1222e-01 Train_Loss_mse: 2.4681e-01
Epoch: [111][ 0/16]	Time  9.216 ( 9.216)	Loss_VinDrCXR_rad11 cls 8.2541e-02 (8.2541e-02)	Loss_VinDrCXR_rad11 mse 4.1342e-01 (4.1342e-01)
Epoch: [111] Train_Loss_cls: 3.0937e-02 Train_Loss_mse: 8.6731e-02
Epoch: [111][ 0/17]	Time  9.142 ( 9.142)	Loss_VinDrCXR_rad12 cls 1.2909e-02 (1.2909e-02)	Loss_VinDrCXR_rad12 mse 3.2713e-02 (3.2713e-02)
Epoch: [111] Train_Loss_cls: 2.1123e-02 Train_Loss_mse: 5.8518e-02
Epoch: [111][ 0/17]	Time  9.028 ( 9.028)	Loss_VinDrCXR_rad13 cls 3.9248e-02 (3.9248e-02)	Loss_VinDrCXR_rad13 mse 2.6683e-02 (2.6683e-02)
Epoch: [111] Train_Loss_cls: 2.5715e-02 Train_Loss_mse: 3.2448e-02
Epoch: [111][ 0/15]	Time  8.859 ( 8.859)	Loss_VinDrCXR_rad14 cls 4.5575e-02 (4.5575e-02)	Loss_VinDrCXR_rad14 mse 2.4360e-02 (2.4360e-02)
Epoch: [111] Train_Loss_cls: 3.2540e-02 Train_Loss_mse: 8.9108e-02
Epoch: [111][ 0/17]	Time  8.646 ( 8.646)	Loss_VinDrCXR_rad15 cls 2.2233e-02 (2.2233e-02)	Loss_VinDrCXR_rad15 mse 3.7548e-02 (3.7548e-02)
Epoch: [111] Train_Loss_cls: 2.4496e-02 Train_Loss_mse: 4.3516e-02
Epoch: [111][ 0/17]	Time  9.003 ( 9.003)	Loss_VinDrCXR_rad16 cls 8.1194e-03 (8.1194e-03)	Loss_VinDrCXR_rad16 mse 3.2587e-02 (3.2587e-02)
Epoch: [111] Train_Loss_cls: 1.7267e-02 Train_Loss_mse: 2.7612e-02
Epoch: [111][0/8]	Time  8.964 ( 8.964)	Loss_VinDrCXR_rad17 cls 2.7593e-02 (2.7593e-02)	Loss_VinDrCXR_rad17 mse 1.3322e-02 (1.3322e-02)
Epoch: [111] Train_Loss_cls: 2.6779e-02 Train_Loss_mse: 1.8388e-02
Val_VinDrCXR_rad1: [ 0/30]	Time  7.654 ( 7.654)	Loss 8.9746e-01 (8.9746e-01)
Epoch 0111: avg_val_loss 0.33675, saving model to ./Models/swin_base_Ark_Finetune_17Rad/Ark_PlusArk_Finetune_17Rad/Ark_Finetune_17Rad/Ark_PlusArk_Finetune_17Rad
Epoch: [112][ 0/20]	Time  8.706 ( 8.706)	Loss_VinDrCXR_rad1 cls 8.9215e-04 (8.9215e-04)	Loss_VinDrCXR_rad1 mse 5.4360e-03 (5.4360e-03)
Epoch: [112] Train_Loss_cls: 1.5170e-03 Train_Loss_mse: 6.6073e-03
Epoch: [112][ 0/32]	Time  8.885 ( 8.885)	Loss_VinDrCXR_rad2 cls 4.5415e-04 (4.5415e-04)	Loss_VinDrCXR_rad2 mse 6.0473e-03 (6.0473e-03)
Epoch: [112] Train_Loss_cls: 3.3529e-03 Train_Loss_mse: 6.9802e-03
Epoch: [112][ 0/23]	Time  9.032 ( 9.032)	Loss_VinDrCXR_rad3 cls 5.4247e-03 (5.4247e-03)	Loss_VinDrCXR_rad3 mse 5.3160e-03 (5.3160e-03)
Epoch: [112] Train_Loss_cls: 1.6038e-03 Train_Loss_mse: 6.4544e-03
Epoch: [112][ 0/16]	Time  8.848 ( 8.848)	Loss_VinDrCXR_rad4 cls 1.6992e-04 (1.6992e-04)	Loss_VinDrCXR_rad4 mse 4.6536e-03 (4.6536e-03)
Epoch: [112] Train_Loss_cls: 2.2839e-03 Train_Loss_mse: 5.5758e-03
Epoch: [112][ 0/28]	Time  8.310 ( 8.310)	Loss_VinDrCXR_rad5 cls 1.7499e-04 (1.7499e-04)	Loss_VinDrCXR_rad5 mse 4.5586e-03 (4.5586e-03)
Epoch: [112] Train_Loss_cls: 3.5569e-03 Train_Loss_mse: 5.9087e-03
Epoch: [112][ 0/21]	Time  8.797 ( 8.797)	Loss_VinDrCXR_rad6 cls 5.9436e-04 (5.9436e-04)	Loss_VinDrCXR_rad6 mse 5.1412e-03 (5.1412e-03)
Epoch: [112] Train_Loss_cls: 3.6495e-04 Train_Loss_mse: 5.9649e-03
Epoch: [112][ 0/18]	Time  9.171 ( 9.171)	Loss_VinDrCXR_rad7 cls 1.5157e-04 (1.5157e-04)	Loss_VinDrCXR_rad7 mse 7.3686e-03 (7.3686e-03)
Epoch: [112] Train_Loss_cls: 2.0137e-03 Train_Loss_mse: 5.5389e-03
Epoch: [112][ 0/66]	Time  8.707 ( 8.707)	Loss_VinDrCXR_rad8 cls 4.3922e-01 (4.3922e-01)	Loss_VinDrCXR_rad8 mse 7.5530e-01 (7.5530e-01)
Epoch: [112][50/66]	Time  0.976 ( 1.194)	Loss_VinDrCXR_rad8 cls 8.9708e-02 (1.0990e-01)	Loss_VinDrCXR_rad8 mse 9.4195e-02 (2.8031e-01)
Epoch: [112] Train_Loss_cls: 1.0593e-01 Train_Loss_mse: 2.8378e-01
Epoch: [112][ 0/62]	Time  8.644 ( 8.644)	Loss_VinDrCXR_rad9 cls 1.9784e-01 (1.9784e-01)	Loss_VinDrCXR_rad9 mse 1.4504e-01 (1.4504e-01)
Epoch: [112][50/62]	Time  0.978 ( 1.198)	Loss_VinDrCXR_rad9 cls 1.4723e-01 (1.5198e-01)	Loss_VinDrCXR_rad9 mse 3.7054e-01 (2.7595e-01)
Epoch: [112] Train_Loss_cls: 1.5010e-01 Train_Loss_mse: 2.7836e-01
Epoch: [112][ 0/65]	Time  8.703 ( 8.703)	Loss_VinDrCXR_rad10 cls 1.5778e-01 (1.5778e-01)	Loss_VinDrCXR_rad10 mse 6.2815e-01 (6.2815e-01)
Epoch: [112][50/65]	Time  0.976 ( 1.175)	Loss_VinDrCXR_rad10 cls 1.2548e-01 (1.1417e-01)	Loss_VinDrCXR_rad10 mse 1.4961e-01 (2.6772e-01)
Epoch: [112] Train_Loss_cls: 1.1332e-01 Train_Loss_mse: 2.6595e-01
Epoch: [112][ 0/16]	Time  9.345 ( 9.345)	Loss_VinDrCXR_rad11 cls 6.9842e-02 (6.9842e-02)	Loss_VinDrCXR_rad11 mse 4.0210e-02 (4.0210e-02)
Epoch: [112] Train_Loss_cls: 2.6488e-02 Train_Loss_mse: 5.3279e-02
Epoch: [112][ 0/17]	Time  8.595 ( 8.595)	Loss_VinDrCXR_rad12 cls 2.5556e-02 (2.5556e-02)	Loss_VinDrCXR_rad12 mse 1.7584e-02 (1.7584e-02)
Epoch: [112] Train_Loss_cls: 2.3516e-02 Train_Loss_mse: 2.4997e-02
Epoch: [112][ 0/17]	Time  8.999 ( 8.999)	Loss_VinDrCXR_rad13 cls 4.1287e-02 (4.1287e-02)	Loss_VinDrCXR_rad13 mse 3.0333e-01 (3.0333e-01)
Epoch: [112] Train_Loss_cls: 2.5973e-02 Train_Loss_mse: 7.2497e-02
Epoch: [112][ 0/15]	Time  8.296 ( 8.296)	Loss_VinDrCXR_rad14 cls 3.0102e-02 (3.0102e-02)	Loss_VinDrCXR_rad14 mse 2.0686e-02 (2.0686e-02)
Epoch: [112] Train_Loss_cls: 2.9438e-02 Train_Loss_mse: 5.4364e-02
Epoch: [112][ 0/17]	Time  8.710 ( 8.710)	Loss_VinDrCXR_rad15 cls 5.6686e-02 (5.6686e-02)	Loss_VinDrCXR_rad15 mse 5.5872e-02 (5.5872e-02)
Epoch: [112] Train_Loss_cls: 3.1025e-02 Train_Loss_mse: 8.2296e-02
Epoch: [112][ 0/17]	Time  8.447 ( 8.447)	Loss_VinDrCXR_rad16 cls 2.6110e-02 (2.6110e-02)	Loss_VinDrCXR_rad16 mse 2.4923e-02 (2.4923e-02)
Epoch: [112] Train_Loss_cls: 1.8135e-02 Train_Loss_mse: 2.8801e-02
Epoch: [112][0/8]	Time  9.026 ( 9.026)	Loss_VinDrCXR_rad17 cls 2.0650e-02 (2.0650e-02)	Loss_VinDrCXR_rad17 mse 1.0571e-02 (1.0571e-02)
Epoch: [112] Train_Loss_cls: 2.3428e-02 Train_Loss_mse: 1.4984e-02
Val_VinDrCXR_rad1: [ 0/30]	Time  7.366 ( 7.366)	Loss 9.1813e-01 (9.1813e-01)
Epoch 0112: avg_val_loss 0.35144, saving model to ./Models/swin_base_Ark_Finetune_17Rad/Ark_PlusArk_Finetune_17Rad/Ark_Finetune_17Rad/Ark_PlusArk_Finetune_17Rad
Epoch: [113][ 0/20]	Time  8.908 ( 8.908)	Loss_VinDrCXR_rad1 cls 5.2672e-03 (5.2672e-03)	Loss_VinDrCXR_rad1 mse 5.8840e-03 (5.8840e-03)
Epoch: [113] Train_Loss_cls: 1.6989e-03 Train_Loss_mse: 6.4461e-03
Epoch: [113][ 0/32]	Time  8.734 ( 8.734)	Loss_VinDrCXR_rad2 cls 5.6811e-04 (5.6811e-04)	Loss_VinDrCXR_rad2 mse 6.4357e-03 (6.4357e-03)
Epoch: [113] Train_Loss_cls: 4.2289e-03 Train_Loss_mse: 6.9627e-03
Epoch: [113][ 0/23]	Time  8.498 ( 8.498)	Loss_VinDrCXR_rad3 cls 2.4108e-02 (2.4108e-02)	Loss_VinDrCXR_rad3 mse 9.5923e-03 (9.5923e-03)
Epoch: [113] Train_Loss_cls: 2.4818e-03 Train_Loss_mse: 6.1716e-03
Epoch: [113][ 0/16]	Time  8.868 ( 8.868)	Loss_VinDrCXR_rad4 cls 1.8617e-04 (1.8617e-04)	Loss_VinDrCXR_rad4 mse 5.7127e-03 (5.7127e-03)
Epoch: [113] Train_Loss_cls: 2.2197e-03 Train_Loss_mse: 5.2347e-03
Epoch: [113][ 0/28]	Time  8.714 ( 8.714)	Loss_VinDrCXR_rad5 cls 2.6828e-04 (2.6828e-04)	Loss_VinDrCXR_rad5 mse 3.9649e-03 (3.9649e-03)
Epoch: [113] Train_Loss_cls: 4.0824e-03 Train_Loss_mse: 1.3735e-02
Epoch: [113][ 0/21]	Time  8.653 ( 8.653)	Loss_VinDrCXR_rad6 cls 2.5106e-04 (2.5106e-04)	Loss_VinDrCXR_rad6 mse 6.7450e-03 (6.7450e-03)
Epoch: [113] Train_Loss_cls: 3.5123e-04 Train_Loss_mse: 1.0882e-02
Epoch: [113][ 0/18]	Time  8.820 ( 8.820)	Loss_VinDrCXR_rad7 cls 1.6012e-03 (1.6012e-03)	Loss_VinDrCXR_rad7 mse 8.0617e-03 (8.0617e-03)
Epoch: [113] Train_Loss_cls: 2.0429e-03 Train_Loss_mse: 6.1740e-03
Epoch: [113][ 0/66]	Time  8.752 ( 8.752)	Loss_VinDrCXR_rad8 cls 4.0417e-01 (4.0417e-01)	Loss_VinDrCXR_rad8 mse 1.2969e-01 (1.2969e-01)
Epoch: [113][50/66]	Time  0.978 ( 1.141)	Loss_VinDrCXR_rad8 cls 1.0333e-01 (1.0876e-01)	Loss_VinDrCXR_rad8 mse 1.4989e-01 (2.8460e-01)
Epoch: [113] Train_Loss_cls: 1.0778e-01 Train_Loss_mse: 2.8183e-01
Epoch: [113][ 0/62]	Time  9.182 ( 9.182)	Loss_VinDrCXR_rad9 cls 1.6756e-01 (1.6756e-01)	Loss_VinDrCXR_rad9 mse 4.7725e-01 (4.7725e-01)
Epoch: [113][50/62]	Time  0.975 ( 1.162)	Loss_VinDrCXR_rad9 cls 1.5785e-01 (1.5128e-01)	Loss_VinDrCXR_rad9 mse 2.1210e-01 (2.9551e-01)
Epoch: [113] Train_Loss_cls: 1.5170e-01 Train_Loss_mse: 2.9912e-01
Epoch: [113][ 0/65]	Time  9.246 ( 9.246)	Loss_VinDrCXR_rad10 cls 1.1226e-01 (1.1226e-01)	Loss_VinDrCXR_rad10 mse 2.4137e-01 (2.4137e-01)
Epoch: [113][50/65]	Time  0.976 ( 1.168)	Loss_VinDrCXR_rad10 cls 1.3970e-01 (1.1456e-01)	Loss_VinDrCXR_rad10 mse 7.2954e-01 (2.4494e-01)
Epoch: [113] Train_Loss_cls: 1.1346e-01 Train_Loss_mse: 2.4714e-01
Epoch: [113][ 0/16]	Time  9.322 ( 9.322)	Loss_VinDrCXR_rad11 cls 4.4576e-02 (4.4576e-02)	Loss_VinDrCXR_rad11 mse 6.9299e-02 (6.9299e-02)
Epoch: [113] Train_Loss_cls: 2.1646e-02 Train_Loss_mse: 2.7011e-02
Epoch: [113][ 0/17]	Time  9.228 ( 9.228)	Loss_VinDrCXR_rad12 cls 2.1230e-02 (2.1230e-02)	Loss_VinDrCXR_rad12 mse 6.3613e-02 (6.3613e-02)
Epoch: [113] Train_Loss_cls: 1.7537e-02 Train_Loss_mse: 3.2678e-02
Epoch: [113][ 0/17]	Time  8.563 ( 8.563)	Loss_VinDrCXR_rad13 cls 2.4555e-02 (2.4555e-02)	Loss_VinDrCXR_rad13 mse 3.0885e-01 (3.0885e-01)
Epoch: [113] Train_Loss_cls: 2.7114e-02 Train_Loss_mse: 6.8913e-02
Epoch: [113][ 0/15]	Time  8.567 ( 8.567)	Loss_VinDrCXR_rad14 cls 5.0369e-02 (5.0369e-02)	Loss_VinDrCXR_rad14 mse 2.0508e-01 (2.0508e-01)
Epoch: [113] Train_Loss_cls: 3.5477e-02 Train_Loss_mse: 1.1693e-01
Epoch: [113][ 0/17]	Time  8.777 ( 8.777)	Loss_VinDrCXR_rad15 cls 1.7275e-02 (1.7275e-02)	Loss_VinDrCXR_rad15 mse 9.2385e-02 (9.2385e-02)
Epoch: [113] Train_Loss_cls: 3.0602e-02 Train_Loss_mse: 3.4795e-02
Epoch: [113][ 0/17]	Time  8.502 ( 8.502)	Loss_VinDrCXR_rad16 cls 3.1320e-02 (3.1320e-02)	Loss_VinDrCXR_rad16 mse 3.8475e-01 (3.8475e-01)
Epoch: [113] Train_Loss_cls: 1.7375e-02 Train_Loss_mse: 6.9121e-02
Epoch: [113][0/8]	Time  8.630 ( 8.630)	Loss_VinDrCXR_rad17 cls 1.2448e-02 (1.2448e-02)	Loss_VinDrCXR_rad17 mse 1.4674e-02 (1.4674e-02)
Epoch: [113] Train_Loss_cls: 2.6887e-02 Train_Loss_mse: 2.5917e-02
Val_VinDrCXR_rad1: [ 0/30]	Time  7.096 ( 7.096)	Loss 8.9093e-01 (8.9093e-01)
Epoch 0113: avg_val_loss 0.34175, saving model to ./Models/swin_base_Ark_Finetune_17Rad/Ark_PlusArk_Finetune_17Rad/Ark_Finetune_17Rad/Ark_PlusArk_Finetune_17Rad
Epoch: [114][ 0/20]	Time  8.535 ( 8.535)	Loss_VinDrCXR_rad1 cls 1.0338e-03 (1.0338e-03)	Loss_VinDrCXR_rad1 mse 6.9955e-03 (6.9955e-03)
Epoch: [114] Train_Loss_cls: 1.4271e-03 Train_Loss_mse: 7.0870e-03
Epoch: [114][ 0/32]	Time  8.848 ( 8.848)	Loss_VinDrCXR_rad2 cls 3.7760e-04 (3.7760e-04)	Loss_VinDrCXR_rad2 mse 5.6530e-03 (5.6530e-03)
Epoch: [114] Train_Loss_cls: 3.4327e-03 Train_Loss_mse: 1.0630e-02
Epoch: [114][ 0/23]	Time  8.789 ( 8.789)	Loss_VinDrCXR_rad3 cls 4.5258e-04 (4.5258e-04)	Loss_VinDrCXR_rad3 mse 6.6841e-03 (6.6841e-03)
Epoch: [114] Train_Loss_cls: 1.4927e-03 Train_Loss_mse: 8.0587e-03
Epoch: [114][ 0/16]	Time  8.720 ( 8.720)	Loss_VinDrCXR_rad4 cls 1.0427e-03 (1.0427e-03)	Loss_VinDrCXR_rad4 mse 1.5860e-02 (1.5860e-02)
Epoch: [114] Train_Loss_cls: 2.0838e-03 Train_Loss_mse: 6.0592e-03
Epoch: [114][ 0/28]	Time  8.568 ( 8.568)	Loss_VinDrCXR_rad5 cls 1.3702e-02 (1.3702e-02)	Loss_VinDrCXR_rad5 mse 7.4433e-03 (7.4433e-03)
Epoch: [114] Train_Loss_cls: 2.2438e-03 Train_Loss_mse: 1.8681e-02
Epoch: [114][ 0/21]	Time  8.578 ( 8.578)	Loss_VinDrCXR_rad6 cls 3.3981e-04 (3.3981e-04)	Loss_VinDrCXR_rad6 mse 5.2050e-03 (5.2050e-03)
Epoch: [114] Train_Loss_cls: 3.2885e-04 Train_Loss_mse: 1.2577e-02
Epoch: [114][ 0/18]	Time  8.540 ( 8.540)	Loss_VinDrCXR_rad7 cls 1.3931e-04 (1.3931e-04)	Loss_VinDrCXR_rad7 mse 5.4292e-03 (5.4292e-03)
Epoch: [114] Train_Loss_cls: 2.2364e-03 Train_Loss_mse: 6.2270e-03
Epoch: [114][ 0/66]	Time  8.448 ( 8.448)	Loss_VinDrCXR_rad8 cls 2.9542e-01 (2.9542e-01)	Loss_VinDrCXR_rad8 mse 5.1992e-01 (5.1992e-01)
Epoch: [114][50/66]	Time  0.976 ( 1.159)	Loss_VinDrCXR_rad8 cls 1.2881e-01 (1.0854e-01)	Loss_VinDrCXR_rad8 mse 5.6637e-01 (2.9076e-01)
Epoch: [114] Train_Loss_cls: 1.0567e-01 Train_Loss_mse: 2.7009e-01
Epoch: [114][ 0/62]	Time  8.988 ( 8.988)	Loss_VinDrCXR_rad9 cls 2.5198e-01 (2.5198e-01)	Loss_VinDrCXR_rad9 mse 6.1581e-01 (6.1581e-01)
Epoch: [114][50/62]	Time  0.976 ( 1.161)	Loss_VinDrCXR_rad9 cls 1.3715e-01 (1.4827e-01)	Loss_VinDrCXR_rad9 mse 5.0202e-01 (3.1615e-01)
Epoch: [114] Train_Loss_cls: 1.4697e-01 Train_Loss_mse: 3.1397e-01
Epoch: [114][ 0/65]	Time  8.838 ( 8.838)	Loss_VinDrCXR_rad10 cls 1.1985e-01 (1.1985e-01)	Loss_VinDrCXR_rad10 mse 2.8440e-01 (2.8440e-01)
Epoch: [114][50/65]	Time  0.979 ( 1.160)	Loss_VinDrCXR_rad10 cls 1.0227e-01 (1.1282e-01)	Loss_VinDrCXR_rad10 mse 1.7318e-01 (3.0218e-01)
Epoch: [114] Train_Loss_cls: 1.1022e-01 Train_Loss_mse: 2.8341e-01
Epoch: [114][ 0/16]	Time  8.697 ( 8.697)	Loss_VinDrCXR_rad11 cls 4.0692e-02 (4.0692e-02)	Loss_VinDrCXR_rad11 mse 1.9487e-02 (1.9487e-02)
Epoch: [114] Train_Loss_cls: 2.1836e-02 Train_Loss_mse: 7.1931e-02
Epoch: [114][ 0/17]	Time  8.970 ( 8.970)	Loss_VinDrCXR_rad12 cls 2.6212e-02 (2.6212e-02)	Loss_VinDrCXR_rad12 mse 2.3171e-02 (2.3171e-02)
Epoch: [114] Train_Loss_cls: 2.2716e-02 Train_Loss_mse: 4.0265e-02
Epoch: [114][ 0/17]	Time  8.750 ( 8.750)	Loss_VinDrCXR_rad13 cls 1.1190e-02 (1.1190e-02)	Loss_VinDrCXR_rad13 mse 3.2613e-02 (3.2613e-02)
Epoch: [114] Train_Loss_cls: 2.6587e-02 Train_Loss_mse: 3.2255e-02
Epoch: [114][ 0/15]	Time  8.583 ( 8.583)	Loss_VinDrCXR_rad14 cls 2.1387e-02 (2.1387e-02)	Loss_VinDrCXR_rad14 mse 1.8764e-02 (1.8764e-02)
Epoch: [114] Train_Loss_cls: 3.4129e-02 Train_Loss_mse: 4.1158e-02
Epoch: [114][ 0/17]	Time  9.082 ( 9.082)	Loss_VinDrCXR_rad15 cls 3.6267e-02 (3.6267e-02)	Loss_VinDrCXR_rad15 mse 1.0441e-01 (1.0441e-01)
Epoch: [114] Train_Loss_cls: 2.8612e-02 Train_Loss_mse: 3.6223e-02
Epoch: [114][ 0/17]	Time  8.820 ( 8.820)	Loss_VinDrCXR_rad16 cls 7.3151e-03 (7.3151e-03)	Loss_VinDrCXR_rad16 mse 1.6465e-02 (1.6465e-02)
Epoch: [114] Train_Loss_cls: 1.8644e-02 Train_Loss_mse: 2.9328e-02
Epoch: [114][0/8]	Time  8.305 ( 8.305)	Loss_VinDrCXR_rad17 cls 3.0508e-03 (3.0508e-03)	Loss_VinDrCXR_rad17 mse 9.9700e-03 (9.9700e-03)
Epoch: [114] Train_Loss_cls: 1.8331e-02 Train_Loss_mse: 1.3308e-02
Val_VinDrCXR_rad1: [ 0/30]	Time  7.386 ( 7.386)	Loss 9.3089e-01 (9.3089e-01)
Epoch 0114: avg_val_loss 0.36649, saving model to ./Models/swin_base_Ark_Finetune_17Rad/Ark_PlusArk_Finetune_17Rad/Ark_Finetune_17Rad/Ark_PlusArk_Finetune_17Rad
Epoch: [115][ 0/20]	Time  8.882 ( 8.882)	Loss_VinDrCXR_rad1 cls 7.3955e-03 (7.3955e-03)	Loss_VinDrCXR_rad1 mse 1.0917e-02 (1.0917e-02)
Epoch: [115] Train_Loss_cls: 1.6993e-03 Train_Loss_mse: 6.3462e-03
Epoch: [115][ 0/32]	Time  8.439 ( 8.439)	Loss_VinDrCXR_rad2 cls 3.4352e-04 (3.4352e-04)	Loss_VinDrCXR_rad2 mse 6.0197e-03 (6.0197e-03)
Epoch: [115] Train_Loss_cls: 3.3585e-03 Train_Loss_mse: 6.6433e-03
Epoch: [115][ 0/23]	Time  8.248 ( 8.248)	Loss_VinDrCXR_rad3 cls 4.1114e-04 (4.1114e-04)	Loss_VinDrCXR_rad3 mse 5.8407e-03 (5.8407e-03)
Epoch: [115] Train_Loss_cls: 2.4304e-03 Train_Loss_mse: 6.2659e-03
Epoch: [115][ 0/16]	Time  8.153 ( 8.153)	Loss_VinDrCXR_rad4 cls 2.7557e-04 (2.7557e-04)	Loss_VinDrCXR_rad4 mse 5.5125e-03 (5.5125e-03)
Epoch: [115] Train_Loss_cls: 1.9572e-03 Train_Loss_mse: 5.6818e-03
Epoch: [115][ 0/28]	Time  8.650 ( 8.650)	Loss_VinDrCXR_rad5 cls 2.8235e-04 (2.8235e-04)	Loss_VinDrCXR_rad5 mse 3.9279e-03 (3.9279e-03)
Epoch: [115] Train_Loss_cls: 2.3390e-03 Train_Loss_mse: 7.0318e-03
Epoch: [115][ 0/21]	Time  8.438 ( 8.438)	Loss_VinDrCXR_rad6 cls 4.3058e-03 (4.3058e-03)	Loss_VinDrCXR_rad6 mse 1.2135e-02 (1.2135e-02)
Epoch: [115] Train_Loss_cls: 5.2547e-04 Train_Loss_mse: 8.9721e-03
Epoch: [115][ 0/18]	Time  8.841 ( 8.841)	Loss_VinDrCXR_rad7 cls 1.4070e-04 (1.4070e-04)	Loss_VinDrCXR_rad7 mse 5.0208e-03 (5.0208e-03)
Epoch: [115] Train_Loss_cls: 2.2197e-03 Train_Loss_mse: 6.1012e-03
Epoch: [115][ 0/66]	Time  8.898 ( 8.898)	Loss_VinDrCXR_rad8 cls 4.3246e-01 (4.3246e-01)	Loss_VinDrCXR_rad8 mse 4.6260e-01 (4.6260e-01)
Epoch: [115][50/66]	Time  0.975 ( 1.191)	Loss_VinDrCXR_rad8 cls 1.0189e-01 (1.0593e-01)	Loss_VinDrCXR_rad8 mse 5.6927e-01 (2.6405e-01)
Epoch: [115] Train_Loss_cls: 1.0277e-01 Train_Loss_mse: 2.5539e-01
Epoch: [115][ 0/62]	Time  8.717 ( 8.717)	Loss_VinDrCXR_rad9 cls 1.4949e-01 (1.4949e-01)	Loss_VinDrCXR_rad9 mse 1.3910e-01 (1.3910e-01)
Epoch: [115][50/62]	Time  0.976 ( 1.158)	Loss_VinDrCXR_rad9 cls 1.1675e-01 (1.4553e-01)	Loss_VinDrCXR_rad9 mse 4.5068e-01 (2.8329e-01)
Epoch: [115] Train_Loss_cls: 1.4814e-01 Train_Loss_mse: 2.9587e-01
Epoch: [115][ 0/65]	Time  8.829 ( 8.829)	Loss_VinDrCXR_rad10 cls 1.7546e-01 (1.7546e-01)	Loss_VinDrCXR_rad10 mse 1.5654e+00 (1.5654e+00)
Epoch: [115][50/65]	Time  0.975 ( 1.164)	Loss_VinDrCXR_rad10 cls 9.7530e-02 (1.3650e-01)	Loss_VinDrCXR_rad10 mse 5.6164e-01 (4.3395e-01)
Epoch: [115] Train_Loss_cls: 1.3261e-01 Train_Loss_mse: 3.9057e-01
Epoch: [115][ 0/16]	Time  8.500 ( 8.500)	Loss_VinDrCXR_rad11 cls 2.7234e-02 (2.7234e-02)	Loss_VinDrCXR_rad11 mse 3.4245e-02 (3.4245e-02)
Epoch: [115] Train_Loss_cls: 2.3630e-02 Train_Loss_mse: 6.3191e-02
Epoch: [115][ 0/17]	Time  8.720 ( 8.720)	Loss_VinDrCXR_rad12 cls 1.7110e-02 (1.7110e-02)	Loss_VinDrCXR_rad12 mse 2.7098e-02 (2.7098e-02)
Epoch: [115] Train_Loss_cls: 2.5401e-02 Train_Loss_mse: 5.4335e-02
Epoch: [115][ 0/17]	Time  9.184 ( 9.184)	Loss_VinDrCXR_rad13 cls 1.8184e-02 (1.8184e-02)	Loss_VinDrCXR_rad13 mse 2.8470e-02 (2.8470e-02)
Epoch: [115] Train_Loss_cls: 3.1392e-02 Train_Loss_mse: 3.2504e-02
Epoch: [115][ 0/15]	Time  8.618 ( 8.618)	Loss_VinDrCXR_rad14 cls 6.4027e-02 (6.4027e-02)	Loss_VinDrCXR_rad14 mse 1.2967e-01 (1.2967e-01)
Epoch: [115] Train_Loss_cls: 3.3510e-02 Train_Loss_mse: 5.6226e-02
Epoch: [115][ 0/17]	Time  8.674 ( 8.674)	Loss_VinDrCXR_rad15 cls 3.7209e-02 (3.7209e-02)	Loss_VinDrCXR_rad15 mse 3.2536e-02 (3.2536e-02)
Epoch: [115] Train_Loss_cls: 2.5680e-02 Train_Loss_mse: 6.5827e-02
Epoch: [115][ 0/17]	Time  8.612 ( 8.612)	Loss_VinDrCXR_rad16 cls 1.7795e-02 (1.7795e-02)	Loss_VinDrCXR_rad16 mse 8.4417e-02 (8.4417e-02)
Epoch: [115] Train_Loss_cls: 1.9406e-02 Train_Loss_mse: 8.6130e-02
Epoch: [115][0/8]	Time  8.243 ( 8.243)	Loss_VinDrCXR_rad17 cls 5.8144e-02 (5.8144e-02)	Loss_VinDrCXR_rad17 mse 1.2752e-02 (1.2752e-02)
Epoch: [115] Train_Loss_cls: 2.5523e-02 Train_Loss_mse: 2.4866e-02
Val_VinDrCXR_rad1: [ 0/30]	Time  7.360 ( 7.360)	Loss 9.4664e-01 (9.4664e-01)
Epoch 0115: avg_val_loss 0.36557, saving model to ./Models/swin_base_Ark_Finetune_17Rad/Ark_PlusArk_Finetune_17Rad/Ark_Finetune_17Rad/Ark_PlusArk_Finetune_17Rad
Epoch: [116][ 0/20]	Time  8.126 ( 8.126)	Loss_VinDrCXR_rad1 cls 1.5860e-03 (1.5860e-03)	Loss_VinDrCXR_rad1 mse 8.8054e-03 (8.8054e-03)
Epoch: [116] Train_Loss_cls: 1.9612e-03 Train_Loss_mse: 8.0392e-03
Epoch: [116][ 0/32]	Time 10.132 (10.132)	Loss_VinDrCXR_rad2 cls 3.3910e-04 (3.3910e-04)	Loss_VinDrCXR_rad2 mse 7.5002e-03 (7.5002e-03)
Epoch: [116] Train_Loss_cls: 4.8173e-03 Train_Loss_mse: 7.1426e-03
Epoch: [116][ 0/23]	Time  9.072 ( 9.072)	Loss_VinDrCXR_rad3 cls 1.3465e-03 (1.3465e-03)	Loss_VinDrCXR_rad3 mse 8.5036e-03 (8.5036e-03)
Epoch: [116] Train_Loss_cls: 2.0071e-03 Train_Loss_mse: 6.4772e-03
Epoch: [116][ 0/16]	Time  8.997 ( 8.997)	Loss_VinDrCXR_rad4 cls 3.0843e-04 (3.0843e-04)	Loss_VinDrCXR_rad4 mse 9.6255e-03 (9.6255e-03)
Epoch: [116] Train_Loss_cls: 2.1921e-03 Train_Loss_mse: 5.3959e-03
Epoch: [116][ 0/28]	Time  8.847 ( 8.847)	Loss_VinDrCXR_rad5 cls 2.7733e-04 (2.7733e-04)	Loss_VinDrCXR_rad5 mse 5.8251e-03 (5.8251e-03)
Epoch: [116] Train_Loss_cls: 2.8668e-03 Train_Loss_mse: 1.8352e-02
Epoch: [116][ 0/21]	Time  8.594 ( 8.594)	Loss_VinDrCXR_rad6 cls 4.1713e-04 (4.1713e-04)	Loss_VinDrCXR_rad6 mse 6.0790e-03 (6.0790e-03)
Epoch: [116] Train_Loss_cls: 7.8274e-04 Train_Loss_mse: 6.9464e-03
Epoch: [116][ 0/18]	Time  8.983 ( 8.983)	Loss_VinDrCXR_rad7 cls 1.5783e-02 (1.5783e-02)	Loss_VinDrCXR_rad7 mse 6.4113e-03 (6.4113e-03)
Epoch: [116] Train_Loss_cls: 2.2925e-03 Train_Loss_mse: 5.5951e-03
Epoch: [116][ 0/66]	Time  9.113 ( 9.113)	Loss_VinDrCXR_rad8 cls 2.9938e-01 (2.9938e-01)	Loss_VinDrCXR_rad8 mse 5.0373e-01 (5.0373e-01)
Epoch: [116][50/66]	Time  0.988 ( 1.162)	Loss_VinDrCXR_rad8 cls 1.2436e-01 (1.1414e-01)	Loss_VinDrCXR_rad8 mse 4.7914e-01 (3.4282e-01)
Epoch: [116] Train_Loss_cls: 1.1069e-01 Train_Loss_mse: 3.4058e-01
Epoch: [116][ 0/62]	Time  8.873 ( 8.873)	Loss_VinDrCXR_rad9 cls 1.3579e-01 (1.3579e-01)	Loss_VinDrCXR_rad9 mse 1.0722e-01 (1.0722e-01)
Epoch: [116][50/62]	Time  0.975 ( 1.184)	Loss_VinDrCXR_rad9 cls 1.3128e-01 (1.5524e-01)	Loss_VinDrCXR_rad9 mse 1.7130e-01 (4.0448e-01)
Epoch: [116] Train_Loss_cls: 1.5430e-01 Train_Loss_mse: 3.8980e-01
Epoch: [116][ 0/65]	Time  8.740 ( 8.740)	Loss_VinDrCXR_rad10 cls 1.0639e-01 (1.0639e-01)	Loss_VinDrCXR_rad10 mse 1.3500e-01 (1.3500e-01)
Epoch: [116][50/65]	Time  0.976 ( 1.163)	Loss_VinDrCXR_rad10 cls 1.0897e-01 (1.1736e-01)	Loss_VinDrCXR_rad10 mse 3.1051e-01 (3.3852e-01)
Epoch: [116] Train_Loss_cls: 1.1642e-01 Train_Loss_mse: 3.2476e-01
Epoch: [116][ 0/16]	Time  8.357 ( 8.357)	Loss_VinDrCXR_rad11 cls 6.1566e-02 (6.1566e-02)	Loss_VinDrCXR_rad11 mse 1.7954e-02 (1.7954e-02)
Epoch: [116] Train_Loss_cls: 2.9133e-02 Train_Loss_mse: 5.3789e-02
Epoch: [116][ 0/17]	Time  9.100 ( 9.100)	Loss_VinDrCXR_rad12 cls 2.8482e-03 (2.8482e-03)	Loss_VinDrCXR_rad12 mse 1.8206e-02 (1.8206e-02)
Epoch: [116] Train_Loss_cls: 2.1497e-02 Train_Loss_mse: 6.7404e-02
Epoch: [116][ 0/17]	Time  8.508 ( 8.508)	Loss_VinDrCXR_rad13 cls 1.2041e-02 (1.2041e-02)	Loss_VinDrCXR_rad13 mse 3.9139e-02 (3.9139e-02)
Epoch: [116] Train_Loss_cls: 3.0432e-02 Train_Loss_mse: 5.4302e-02
Epoch: [116][ 0/15]	Time  8.442 ( 8.442)	Loss_VinDrCXR_rad14 cls 6.7913e-02 (6.7913e-02)	Loss_VinDrCXR_rad14 mse 3.8687e-01 (3.8687e-01)
Epoch: [116] Train_Loss_cls: 3.4964e-02 Train_Loss_mse: 6.5234e-02
Epoch: [116][ 0/17]	Time  8.810 ( 8.810)	Loss_VinDrCXR_rad15 cls 3.1368e-02 (3.1368e-02)	Loss_VinDrCXR_rad15 mse 1.5614e-02 (1.5614e-02)
Epoch: [116] Train_Loss_cls: 3.3577e-02 Train_Loss_mse: 5.5026e-02
Epoch: [116][ 0/17]	Time  8.712 ( 8.712)	Loss_VinDrCXR_rad16 cls 1.7645e-02 (1.7645e-02)	Loss_VinDrCXR_rad16 mse 2.5275e-02 (2.5275e-02)
Epoch: [116] Train_Loss_cls: 1.9532e-02 Train_Loss_mse: 3.9277e-02
Epoch: [116][0/8]	Time  8.611 ( 8.611)	Loss_VinDrCXR_rad17 cls 1.3958e-02 (1.3958e-02)	Loss_VinDrCXR_rad17 mse 1.2768e-02 (1.2768e-02)
Epoch: [116] Train_Loss_cls: 2.1737e-02 Train_Loss_mse: 1.8196e-02
Val_VinDrCXR_rad1: [ 0/30]	Time  7.419 ( 7.419)	Loss 8.3987e-01 (8.3987e-01)
Epoch 0116: avg_val_loss 0.32476, saving model to ./Models/swin_base_Ark_Finetune_17Rad/Ark_PlusArk_Finetune_17Rad/Ark_Finetune_17Rad/Ark_PlusArk_Finetune_17Rad
Epoch: [117][ 0/20]	Time  8.763 ( 8.763)	Loss_VinDrCXR_rad1 cls 1.4701e-03 (1.4701e-03)	Loss_VinDrCXR_rad1 mse 6.0971e-03 (6.0971e-03)
Epoch: [117] Train_Loss_cls: 2.4092e-03 Train_Loss_mse: 6.9329e-03
Epoch: [117][ 0/32]	Time  8.690 ( 8.690)	Loss_VinDrCXR_rad2 cls 4.1476e-04 (4.1476e-04)	Loss_VinDrCXR_rad2 mse 5.8329e-03 (5.8329e-03)
Epoch: [117] Train_Loss_cls: 4.0112e-03 Train_Loss_mse: 7.6479e-03
Epoch: [117][ 0/23]	Time  8.649 ( 8.649)	Loss_VinDrCXR_rad3 cls 2.1315e-04 (2.1315e-04)	Loss_VinDrCXR_rad3 mse 6.1429e-03 (6.1429e-03)
Epoch: [117] Train_Loss_cls: 7.9615e-04 Train_Loss_mse: 6.3236e-03
Epoch: [117][ 0/16]	Time  9.106 ( 9.106)	Loss_VinDrCXR_rad4 cls 2.2532e-04 (2.2532e-04)	Loss_VinDrCXR_rad4 mse 5.4442e-03 (5.4442e-03)
Epoch: [117] Train_Loss_cls: 2.2275e-03 Train_Loss_mse: 6.0206e-03
Epoch: [117][ 0/28]	Time  8.509 ( 8.509)	Loss_VinDrCXR_rad5 cls 5.2420e-03 (5.2420e-03)	Loss_VinDrCXR_rad5 mse 5.9852e-03 (5.9852e-03)
Epoch: [117] Train_Loss_cls: 3.1858e-03 Train_Loss_mse: 6.2426e-03
Epoch: [117][ 0/21]	Time  8.819 ( 8.819)	Loss_VinDrCXR_rad6 cls 3.6647e-04 (3.6647e-04)	Loss_VinDrCXR_rad6 mse 5.0625e-03 (5.0625e-03)
Epoch: [117] Train_Loss_cls: 4.3926e-04 Train_Loss_mse: 1.1219e-02
Epoch: [117][ 0/18]	Time  8.750 ( 8.750)	Loss_VinDrCXR_rad7 cls 1.6729e-02 (1.6729e-02)	Loss_VinDrCXR_rad7 mse 7.6610e-03 (7.6610e-03)
Epoch: [117] Train_Loss_cls: 2.0443e-03 Train_Loss_mse: 6.9929e-03
Epoch: [117][ 0/66]	Time  9.250 ( 9.250)	Loss_VinDrCXR_rad8 cls 3.8013e-01 (3.8013e-01)	Loss_VinDrCXR_rad8 mse 9.7452e-02 (9.7452e-02)
Epoch: [117][50/66]	Time  0.977 ( 1.205)	Loss_VinDrCXR_rad8 cls 1.0828e-01 (1.1192e-01)	Loss_VinDrCXR_rad8 mse 1.9613e-01 (2.6394e-01)
Epoch: [117] Train_Loss_cls: 1.0865e-01 Train_Loss_mse: 2.6299e-01
Epoch: [117][ 0/62]	Time  9.259 ( 9.259)	Loss_VinDrCXR_rad9 cls 2.0822e-01 (2.0822e-01)	Loss_VinDrCXR_rad9 mse 4.1734e-01 (4.1734e-01)
Epoch: [117][50/62]	Time  0.978 ( 1.226)	Loss_VinDrCXR_rad9 cls 1.4475e-01 (1.5245e-01)	Loss_VinDrCXR_rad9 mse 1.2460e-01 (3.2508e-01)
Epoch: [117] Train_Loss_cls: 1.5254e-01 Train_Loss_mse: 3.1787e-01
Epoch: [117][ 0/65]	Time  8.865 ( 8.865)	Loss_VinDrCXR_rad10 cls 1.3391e-01 (1.3391e-01)	Loss_VinDrCXR_rad10 mse 7.0969e-01 (7.0969e-01)
Epoch: [117][50/65]	Time  0.976 ( 1.212)	Loss_VinDrCXR_rad10 cls 1.1841e-01 (1.1911e-01)	Loss_VinDrCXR_rad10 mse 7.1847e-01 (3.1185e-01)
Epoch: [117] Train_Loss_cls: 1.2028e-01 Train_Loss_mse: 3.1967e-01
Epoch: [117][ 0/16]	Time  8.721 ( 8.721)	Loss_VinDrCXR_rad11 cls 5.1055e-02 (5.1055e-02)	Loss_VinDrCXR_rad11 mse 2.5539e-02 (2.5539e-02)
Epoch: [117] Train_Loss_cls: 3.4830e-02 Train_Loss_mse: 6.1097e-02
Epoch: [117][ 0/17]	Time  8.525 ( 8.525)	Loss_VinDrCXR_rad12 cls 2.0277e-02 (2.0277e-02)	Loss_VinDrCXR_rad12 mse 2.0102e-01 (2.0102e-01)
Epoch: [117] Train_Loss_cls: 2.2677e-02 Train_Loss_mse: 5.7633e-02
Epoch: [117][ 0/17]	Time  8.903 ( 8.903)	Loss_VinDrCXR_rad13 cls 2.6581e-02 (2.6581e-02)	Loss_VinDrCXR_rad13 mse 2.8816e-02 (2.8816e-02)
Epoch: [117] Train_Loss_cls: 2.9668e-02 Train_Loss_mse: 5.9079e-02
Epoch: [117][ 0/15]	Time  8.718 ( 8.718)	Loss_VinDrCXR_rad14 cls 5.4665e-02 (5.4665e-02)	Loss_VinDrCXR_rad14 mse 2.9248e-02 (2.9248e-02)
Epoch: [117] Train_Loss_cls: 2.9084e-02 Train_Loss_mse: 4.1714e-02
Epoch: [117][ 0/17]	Time  8.394 ( 8.394)	Loss_VinDrCXR_rad15 cls 3.4520e-02 (3.4520e-02)	Loss_VinDrCXR_rad15 mse 5.1061e-02 (5.1061e-02)
Epoch: [117] Train_Loss_cls: 2.8531e-02 Train_Loss_mse: 5.5624e-02
Epoch: [117][ 0/17]	Time  8.706 ( 8.706)	Loss_VinDrCXR_rad16 cls 1.5259e-02 (1.5259e-02)	Loss_VinDrCXR_rad16 mse 2.0664e-02 (2.0664e-02)
Epoch: [117] Train_Loss_cls: 1.6810e-02 Train_Loss_mse: 3.1038e-02
Epoch: [117][0/8]	Time  8.469 ( 8.469)	Loss_VinDrCXR_rad17 cls 4.5262e-03 (4.5262e-03)	Loss_VinDrCXR_rad17 mse 8.9218e-03 (8.9218e-03)
Epoch: [117] Train_Loss_cls: 2.9124e-02 Train_Loss_mse: 1.7074e-02
Val_VinDrCXR_rad1: [ 0/30]	Time  7.645 ( 7.645)	Loss 8.7610e-01 (8.7610e-01)
Epoch 0117: avg_val_loss 0.34299, saving model to ./Models/swin_base_Ark_Finetune_17Rad/Ark_PlusArk_Finetune_17Rad/Ark_Finetune_17Rad/Ark_PlusArk_Finetune_17Rad
Epoch: [118][ 0/20]	Time  8.697 ( 8.697)	Loss_VinDrCXR_rad1 cls 1.5008e-02 (1.5008e-02)	Loss_VinDrCXR_rad1 mse 2.1393e-02 (2.1393e-02)
Epoch: [118] Train_Loss_cls: 2.4716e-03 Train_Loss_mse: 8.1984e-03
Epoch: [118][ 0/32]	Time  9.022 ( 9.022)	Loss_VinDrCXR_rad2 cls 3.0693e-04 (3.0693e-04)	Loss_VinDrCXR_rad2 mse 5.5941e-03 (5.5941e-03)
Epoch: [118] Train_Loss_cls: 4.6072e-03 Train_Loss_mse: 7.9658e-03
Epoch: [118][ 0/23]	Time  8.781 ( 8.781)	Loss_VinDrCXR_rad3 cls 5.1634e-04 (5.1634e-04)	Loss_VinDrCXR_rad3 mse 8.1644e-03 (8.1644e-03)
Epoch: [118] Train_Loss_cls: 1.5548e-03 Train_Loss_mse: 1.1798e-02
Epoch: [118][ 0/16]	Time  9.039 ( 9.039)	Loss_VinDrCXR_rad4 cls 2.2384e-04 (2.2384e-04)	Loss_VinDrCXR_rad4 mse 5.5764e-03 (5.5764e-03)
Epoch: [118] Train_Loss_cls: 1.9410e-03 Train_Loss_mse: 6.0608e-03
Epoch: [118][ 0/28]	Time  8.708 ( 8.708)	Loss_VinDrCXR_rad5 cls 1.1111e-02 (1.1111e-02)	Loss_VinDrCXR_rad5 mse 4.8847e-03 (4.8847e-03)
Epoch: [118] Train_Loss_cls: 2.5291e-03 Train_Loss_mse: 1.9669e-02
Epoch: [118][ 0/21]	Time  8.847 ( 8.847)	Loss_VinDrCXR_rad6 cls 2.3114e-03 (2.3114e-03)	Loss_VinDrCXR_rad6 mse 1.2595e-02 (1.2595e-02)
Epoch: [118] Train_Loss_cls: 5.0175e-04 Train_Loss_mse: 2.3179e-02
Epoch: [118][ 0/18]	Time  8.376 ( 8.376)	Loss_VinDrCXR_rad7 cls 2.7177e-04 (2.7177e-04)	Loss_VinDrCXR_rad7 mse 6.8595e-03 (6.8595e-03)
Epoch: [118] Train_Loss_cls: 2.2835e-03 Train_Loss_mse: 6.6086e-03
Epoch: [118][ 0/66]	Time  9.150 ( 9.150)	Loss_VinDrCXR_rad8 cls 3.9669e-01 (3.9669e-01)	Loss_VinDrCXR_rad8 mse 1.0680e-01 (1.0680e-01)
Epoch: [118][50/66]	Time  0.978 ( 1.192)	Loss_VinDrCXR_rad8 cls 9.7224e-02 (1.1452e-01)	Loss_VinDrCXR_rad8 mse 8.8539e-02 (2.9075e-01)
Epoch: [118] Train_Loss_cls: 1.1101e-01 Train_Loss_mse: 2.8865e-01
Epoch: [118][ 0/62]	Time  9.056 ( 9.056)	Loss_VinDrCXR_rad9 cls 1.4943e-01 (1.4943e-01)	Loss_VinDrCXR_rad9 mse 1.6312e-01 (1.6312e-01)
Epoch: [118][50/62]	Time  0.979 ( 1.137)	Loss_VinDrCXR_rad9 cls 1.3880e-01 (1.5706e-01)	Loss_VinDrCXR_rad9 mse 2.3851e-01 (3.5123e-01)
Epoch: [118] Train_Loss_cls: 1.5415e-01 Train_Loss_mse: 3.3216e-01
Epoch: [118][ 0/65]	Time  8.395 ( 8.395)	Loss_VinDrCXR_rad10 cls 1.2051e-01 (1.2051e-01)	Loss_VinDrCXR_rad10 mse 1.1939e-01 (1.1939e-01)
Epoch: [118][50/65]	Time  0.976 ( 1.126)	Loss_VinDrCXR_rad10 cls 1.4052e-01 (1.1472e-01)	Loss_VinDrCXR_rad10 mse 1.1063e+00 (2.9729e-01)
Epoch: [118] Train_Loss_cls: 1.1378e-01 Train_Loss_mse: 3.0103e-01
Epoch: [118][ 0/16]	Time  9.009 ( 9.009)	Loss_VinDrCXR_rad11 cls 5.9881e-02 (5.9881e-02)	Loss_VinDrCXR_rad11 mse 8.8211e-02 (8.8211e-02)
Epoch: [118] Train_Loss_cls: 2.9500e-02 Train_Loss_mse: 4.6230e-02
Epoch: [118][ 0/17]	Time  9.152 ( 9.152)	Loss_VinDrCXR_rad12 cls 2.7152e-02 (2.7152e-02)	Loss_VinDrCXR_rad12 mse 6.1799e-02 (6.1799e-02)
Epoch: [118] Train_Loss_cls: 2.5264e-02 Train_Loss_mse: 3.0260e-02
Epoch: [118][ 0/17]	Time  9.871 ( 9.871)	Loss_VinDrCXR_rad13 cls 7.7094e-03 (7.7094e-03)	Loss_VinDrCXR_rad13 mse 1.8718e-02 (1.8718e-02)
Epoch: [118] Train_Loss_cls: 2.9259e-02 Train_Loss_mse: 3.1744e-02
Epoch: [118][ 0/15]	Time  9.734 ( 9.734)	Loss_VinDrCXR_rad14 cls 3.8418e-02 (3.8418e-02)	Loss_VinDrCXR_rad14 mse 1.3656e-02 (1.3656e-02)
Epoch: [118] Train_Loss_cls: 3.6255e-02 Train_Loss_mse: 3.0224e-02
Epoch: [118][ 0/17]	Time  8.394 ( 8.394)	Loss_VinDrCXR_rad15 cls 4.6483e-02 (4.6483e-02)	Loss_VinDrCXR_rad15 mse 3.7517e-02 (3.7517e-02)
Epoch: [118] Train_Loss_cls: 3.2732e-02 Train_Loss_mse: 3.9570e-02
Epoch: [118][ 0/17]	Time  9.317 ( 9.317)	Loss_VinDrCXR_rad16 cls 3.4984e-02 (3.4984e-02)	Loss_VinDrCXR_rad16 mse 4.1685e-01 (4.1685e-01)
Epoch: [118] Train_Loss_cls: 2.1638e-02 Train_Loss_mse: 6.2179e-02
Epoch: [118][0/8]	Time  8.588 ( 8.588)	Loss_VinDrCXR_rad17 cls 1.2226e-02 (1.2226e-02)	Loss_VinDrCXR_rad17 mse 1.4695e-02 (1.4695e-02)
Epoch: [118] Train_Loss_cls: 2.7937e-02 Train_Loss_mse: 2.9690e-02
Val_VinDrCXR_rad1: [ 0/30]	Time  8.590 ( 8.590)	Loss 8.3422e-01 (8.3422e-01)
Epoch 0118: avg_val_loss 0.33086, saving model to ./Models/swin_base_Ark_Finetune_17Rad/Ark_PlusArk_Finetune_17Rad/Ark_Finetune_17Rad/Ark_PlusArk_Finetune_17Rad
Epoch: [119][ 0/20]	Time  8.534 ( 8.534)	Loss_VinDrCXR_rad1 cls 2.0611e-03 (2.0611e-03)	Loss_VinDrCXR_rad1 mse 6.6263e-03 (6.6263e-03)
Epoch: [119] Train_Loss_cls: 1.8179e-03 Train_Loss_mse: 1.5589e-02
Epoch: [119][ 0/32]	Time  8.979 ( 8.979)	Loss_VinDrCXR_rad2 cls 5.3228e-04 (5.3228e-04)	Loss_VinDrCXR_rad2 mse 7.5083e-03 (7.5083e-03)
Epoch: [119] Train_Loss_cls: 3.8835e-03 Train_Loss_mse: 7.1661e-03
Epoch: [119][ 0/23]	Time  8.565 ( 8.565)	Loss_VinDrCXR_rad3 cls 1.3866e-03 (1.3866e-03)	Loss_VinDrCXR_rad3 mse 9.3646e-03 (9.3646e-03)
Epoch: [119] Train_Loss_cls: 1.1822e-03 Train_Loss_mse: 5.9810e-03
Epoch: [119][ 0/16]	Time  9.809 ( 9.809)	Loss_VinDrCXR_rad4 cls 2.7156e-04 (2.7156e-04)	Loss_VinDrCXR_rad4 mse 8.8228e-03 (8.8228e-03)
Epoch: [119] Train_Loss_cls: 2.0382e-03 Train_Loss_mse: 5.4063e-03
Epoch: [119][ 0/28]	Time  8.236 ( 8.236)	Loss_VinDrCXR_rad5 cls 2.8714e-04 (2.8714e-04)	Loss_VinDrCXR_rad5 mse 4.8161e-03 (4.8161e-03)
Epoch: [119] Train_Loss_cls: 3.6304e-03 Train_Loss_mse: 1.7778e-02
Epoch: [119][ 0/21]	Time  8.698 ( 8.698)	Loss_VinDrCXR_rad6 cls 3.3648e-04 (3.3648e-04)	Loss_VinDrCXR_rad6 mse 3.6819e-03 (3.6819e-03)
Epoch: [119] Train_Loss_cls: 4.4009e-04 Train_Loss_mse: 6.7960e-03
Epoch: [119][ 0/18]	Time  8.924 ( 8.924)	Loss_VinDrCXR_rad7 cls 2.1421e-04 (2.1421e-04)	Loss_VinDrCXR_rad7 mse 4.6052e-03 (4.6052e-03)
Epoch: [119] Train_Loss_cls: 1.7496e-03 Train_Loss_mse: 5.7452e-03
Epoch: [119][ 0/66]	Time  8.752 ( 8.752)	Loss_VinDrCXR_rad8 cls 3.6319e-01 (3.6319e-01)	Loss_VinDrCXR_rad8 mse 1.1382e-01 (1.1382e-01)
Epoch: [119][50/66]	Time  0.978 ( 1.143)	Loss_VinDrCXR_rad8 cls 1.0209e-01 (1.1561e-01)	Loss_VinDrCXR_rad8 mse 1.3125e-01 (2.4490e-01)
Epoch: [119] Train_Loss_cls: 1.1228e-01 Train_Loss_mse: 2.4397e-01
Epoch: [119][ 0/62]	Time  8.584 ( 8.584)	Loss_VinDrCXR_rad9 cls 1.2055e-01 (1.2055e-01)	Loss_VinDrCXR_rad9 mse 1.8700e-01 (1.8700e-01)
Epoch: [119][50/62]	Time  0.975 ( 1.185)	Loss_VinDrCXR_rad9 cls 1.3063e-01 (1.5238e-01)	Loss_VinDrCXR_rad9 mse 3.4507e-01 (3.1120e-01)
Epoch: [119] Train_Loss_cls: 1.5074e-01 Train_Loss_mse: 3.1288e-01
Epoch: [119][ 0/65]	Time  8.993 ( 8.993)	Loss_VinDrCXR_rad10 cls 1.0236e-01 (1.0236e-01)	Loss_VinDrCXR_rad10 mse 5.6339e-02 (5.6339e-02)
Epoch: [119][50/65]	Time  0.978 ( 1.164)	Loss_VinDrCXR_rad10 cls 1.1790e-01 (1.1584e-01)	Loss_VinDrCXR_rad10 mse 4.8660e-01 (3.3289e-01)
Epoch: [119] Train_Loss_cls: 1.1446e-01 Train_Loss_mse: 3.3415e-01
Epoch: [119][ 0/16]	Time  9.165 ( 9.165)	Loss_VinDrCXR_rad11 cls 6.1170e-02 (6.1170e-02)	Loss_VinDrCXR_rad11 mse 6.8355e-02 (6.8355e-02)
Epoch: [119] Train_Loss_cls: 2.5433e-02 Train_Loss_mse: 3.5325e-02
Epoch: [119][ 0/17]	Time  9.189 ( 9.189)	Loss_VinDrCXR_rad12 cls 5.8660e-02 (5.8660e-02)	Loss_VinDrCXR_rad12 mse 1.2800e-01 (1.2800e-01)
Epoch: [119] Train_Loss_cls: 2.3053e-02 Train_Loss_mse: 3.7929e-02
Epoch: [119][ 0/17]	Time  8.487 ( 8.487)	Loss_VinDrCXR_rad13 cls 3.6801e-02 (3.6801e-02)	Loss_VinDrCXR_rad13 mse 2.6719e-02 (2.6719e-02)
Epoch: [119] Train_Loss_cls: 2.4738e-02 Train_Loss_mse: 3.6123e-02
Epoch: [119][ 0/15]	Time  8.746 ( 8.746)	Loss_VinDrCXR_rad14 cls 2.8873e-02 (2.8873e-02)	Loss_VinDrCXR_rad14 mse 2.2041e-02 (2.2041e-02)
Epoch: [119] Train_Loss_cls: 3.5175e-02 Train_Loss_mse: 5.9983e-02
Epoch: [119][ 0/17]	Time  8.910 ( 8.910)	Loss_VinDrCXR_rad15 cls 2.6951e-02 (2.6951e-02)	Loss_VinDrCXR_rad15 mse 1.4251e-02 (1.4251e-02)
Epoch: [119] Train_Loss_cls: 2.7096e-02 Train_Loss_mse: 4.0005e-02
Epoch: [119][ 0/17]	Time  8.612 ( 8.612)	Loss_VinDrCXR_rad16 cls 1.0683e-02 (1.0683e-02)	Loss_VinDrCXR_rad16 mse 1.1544e-02 (1.1544e-02)
Epoch: [119] Train_Loss_cls: 1.8292e-02 Train_Loss_mse: 2.6934e-02
Epoch: [119][0/8]	Time  8.550 ( 8.550)	Loss_VinDrCXR_rad17 cls 2.4793e-02 (2.4793e-02)	Loss_VinDrCXR_rad17 mse 2.7196e-02 (2.7196e-02)
Epoch: [119] Train_Loss_cls: 2.3385e-02 Train_Loss_mse: 1.5736e-02
Val_VinDrCXR_rad1: [ 0/30]	Time  7.594 ( 7.594)	Loss 9.0871e-01 (9.0871e-01)
Epoch 0119: avg_val_loss 0.36002, saving model to ./Models/swin_base_Ark_Finetune_17Rad/Ark_PlusArk_Finetune_17Rad/Ark_Finetune_17Rad/Ark_PlusArk_Finetune_17Rad
Epoch: [120][ 0/20]	Time  8.224 ( 8.224)	Loss_VinDrCXR_rad1 cls 1.2377e-03 (1.2377e-03)	Loss_VinDrCXR_rad1 mse 8.4068e-03 (8.4068e-03)
Epoch: [120] Train_Loss_cls: 1.6808e-03 Train_Loss_mse: 7.0030e-03
Epoch: [120][ 0/32]	Time  9.172 ( 9.172)	Loss_VinDrCXR_rad2 cls 5.3603e-04 (5.3603e-04)	Loss_VinDrCXR_rad2 mse 6.8928e-03 (6.8928e-03)
Epoch: [120] Train_Loss_cls: 3.6858e-03 Train_Loss_mse: 6.1505e-03
Epoch: [120][ 0/23]	Time  8.666 ( 8.666)	Loss_VinDrCXR_rad3 cls 1.0883e-03 (1.0883e-03)	Loss_VinDrCXR_rad3 mse 5.0022e-03 (5.0022e-03)
Epoch: [120] Train_Loss_cls: 1.5509e-03 Train_Loss_mse: 8.7795e-03
Epoch: [120][ 0/16]	Time  8.592 ( 8.592)	Loss_VinDrCXR_rad4 cls 2.5693e-04 (2.5693e-04)	Loss_VinDrCXR_rad4 mse 4.9702e-03 (4.9702e-03)
Epoch: [120] Train_Loss_cls: 1.8392e-03 Train_Loss_mse: 6.0513e-03
Epoch: [120][ 0/28]	Time  8.700 ( 8.700)	Loss_VinDrCXR_rad5 cls 7.7515e-04 (7.7515e-04)	Loss_VinDrCXR_rad5 mse 7.0363e-03 (7.0363e-03)
Epoch: [120] Train_Loss_cls: 2.4874e-03 Train_Loss_mse: 1.7214e-02
Epoch: [120][ 0/21]	Time  8.385 ( 8.385)	Loss_VinDrCXR_rad6 cls 2.6311e-03 (2.6311e-03)	Loss_VinDrCXR_rad6 mse 4.1058e-03 (4.1058e-03)
Epoch: [120] Train_Loss_cls: 6.5830e-04 Train_Loss_mse: 2.1697e-02
Epoch: [120][ 0/18]	Time  9.123 ( 9.123)	Loss_VinDrCXR_rad7 cls 1.3963e-02 (1.3963e-02)	Loss_VinDrCXR_rad7 mse 4.3956e-03 (4.3956e-03)
Epoch: [120] Train_Loss_cls: 1.8343e-03 Train_Loss_mse: 6.2328e-03
Epoch: [120][ 0/66]	Time  9.220 ( 9.220)	Loss_VinDrCXR_rad8 cls 3.5922e-01 (3.5922e-01)	Loss_VinDrCXR_rad8 mse 5.2777e-01 (5.2777e-01)
Epoch: [120][50/66]	Time  0.976 ( 1.183)	Loss_VinDrCXR_rad8 cls 1.0973e-01 (1.1530e-01)	Loss_VinDrCXR_rad8 mse 1.3998e-01 (2.7592e-01)
Epoch: [120] Train_Loss_cls: 1.1414e-01 Train_Loss_mse: 2.9694e-01
Epoch: [120][ 0/62]	Time  8.512 ( 8.512)	Loss_VinDrCXR_rad9 cls 1.9106e-01 (1.9106e-01)	Loss_VinDrCXR_rad9 mse 5.2328e-01 (5.2328e-01)
Epoch: [120][50/62]	Time  0.977 ( 1.208)	Loss_VinDrCXR_rad9 cls 1.3508e-01 (1.5654e-01)	Loss_VinDrCXR_rad9 mse 3.2198e-01 (3.4865e-01)
Epoch: [120] Train_Loss_cls: 1.5722e-01 Train_Loss_mse: 3.4573e-01
Epoch: [120][ 0/65]	Time  8.493 ( 8.493)	Loss_VinDrCXR_rad10 cls 1.1177e-01 (1.1177e-01)	Loss_VinDrCXR_rad10 mse 2.3052e-01 (2.3052e-01)
Epoch: [120][50/65]	Time  0.974 ( 1.138)	Loss_VinDrCXR_rad10 cls 1.3995e-01 (1.1974e-01)	Loss_VinDrCXR_rad10 mse 8.5928e-01 (3.3439e-01)
Epoch: [120] Train_Loss_cls: 1.1753e-01 Train_Loss_mse: 3.1876e-01
Epoch: [120][ 0/16]	Time  8.279 ( 8.279)	Loss_VinDrCXR_rad11 cls 4.5970e-02 (4.5970e-02)	Loss_VinDrCXR_rad11 mse 1.5425e-02 (1.5425e-02)
Epoch: [120] Train_Loss_cls: 2.5311e-02 Train_Loss_mse: 2.8371e-02
Epoch: [120][ 0/17]	Time  8.885 ( 8.885)	Loss_VinDrCXR_rad12 cls 1.8976e-02 (1.8976e-02)	Loss_VinDrCXR_rad12 mse 2.5626e-01 (2.5626e-01)
Epoch: [120] Train_Loss_cls: 2.3389e-02 Train_Loss_mse: 4.8784e-02
Epoch: [120][ 0/17]	Time  8.863 ( 8.863)	Loss_VinDrCXR_rad13 cls 2.0666e-02 (2.0666e-02)	Loss_VinDrCXR_rad13 mse 2.0215e-02 (2.0215e-02)
Epoch: [120] Train_Loss_cls: 2.4862e-02 Train_Loss_mse: 3.5422e-02
Epoch: [120][ 0/15]	Time  8.960 ( 8.960)	Loss_VinDrCXR_rad14 cls 4.9726e-02 (4.9726e-02)	Loss_VinDrCXR_rad14 mse 1.5239e-02 (1.5239e-02)
Epoch: [120] Train_Loss_cls: 3.3605e-02 Train_Loss_mse: 8.4220e-02
Epoch: [120][ 0/17]	Time  8.563 ( 8.563)	Loss_VinDrCXR_rad15 cls 3.6263e-02 (3.6263e-02)	Loss_VinDrCXR_rad15 mse 1.5849e-02 (1.5849e-02)
Epoch: [120] Train_Loss_cls: 3.0691e-02 Train_Loss_mse: 2.8108e-02
Epoch: [120][ 0/17]	Time  8.685 ( 8.685)	Loss_VinDrCXR_rad16 cls 1.4627e-02 (1.4627e-02)	Loss_VinDrCXR_rad16 mse 1.6799e-02 (1.6799e-02)
Epoch: [120] Train_Loss_cls: 1.7660e-02 Train_Loss_mse: 3.0545e-02
Epoch: [120][0/8]	Time  8.910 ( 8.910)	Loss_VinDrCXR_rad17 cls 5.7215e-03 (5.7215e-03)	Loss_VinDrCXR_rad17 mse 7.6102e-03 (7.6102e-03)
Epoch: [120] Train_Loss_cls: 2.4919e-02 Train_Loss_mse: 1.6757e-02
Val_VinDrCXR_rad1: [ 0/30]	Time  7.519 ( 7.519)	Loss 8.6286e-01 (8.6286e-01)
Epoch 0120: avg_val_loss 0.33438, saving model to ./Models/swin_base_Ark_Finetune_17Rad/Ark_PlusArk_Finetune_17Rad/Ark_Finetune_17Rad/Ark_PlusArk_Finetune_17Rad
>>VinDrCXR_rad1 Disease = ['PE', 'Lung tumor', 'Pneumonia', 'Tuberculosis', 'Other diseases', 'No finding']
>>VinDrCXR_rad1:Student AUC = [0.9778	0.9408	0.9517	0.9529	0.8511	0.9548], 
Teacher AUC = [0.9769	0.9428	0.9578	0.9565	0.8495	0.9492]

>>VinDrCXR_rad1: Student mAUC = 0.9382, Teacher mAUC = 0.9388
Omni-pretraining stage: 
Student meanAUC = 
[[0.9468759507134883], [0.9454261264448013], [0.9389692516963958], [0.9338567099466557], [0.9322285595158992], [0.9267613086784795], [0.9269031959521569], [0.9311978881171713], [0.9322738966995839], [0.9282953834234174], [0.929972291939886], [0.9318785771175087], [0.937211098360474], [0.9381919883273343]] 
Teacher meanAUC = 
[[0.9468759507134883], [0.9460270675389304], [0.9413547485728361], [0.9352525270339678], [0.933640160889925], [0.9253586349249475], [0.9311537710751477], [0.9326593268703175], [0.9311490937056109], [0.9340407878121827], [0.9299489031778979], [0.9354695743205612], [0.9370271512949998], [0.9387894655012321]]

Epoch: [121][ 0/20]	Time  8.800 ( 8.800)	Loss_VinDrCXR_rad1 cls 8.7192e-03 (8.7192e-03)	Loss_VinDrCXR_rad1 mse 6.5124e-03 (6.5124e-03)
Epoch: [121] Train_Loss_cls: 2.7492e-03 Train_Loss_mse: 6.2677e-03
Epoch: [121][ 0/32]	Time  8.624 ( 8.624)	Loss_VinDrCXR_rad2 cls 3.9706e-04 (3.9706e-04)	Loss_VinDrCXR_rad2 mse 6.9510e-03 (6.9510e-03)
Epoch: [121] Train_Loss_cls: 3.8499e-03 Train_Loss_mse: 7.0432e-03
Epoch: [121][ 0/23]	Time  8.780 ( 8.780)	Loss_VinDrCXR_rad3 cls 6.6517e-04 (6.6517e-04)	Loss_VinDrCXR_rad3 mse 3.7453e-03 (3.7453e-03)
Epoch: [121] Train_Loss_cls: 1.2760e-03 Train_Loss_mse: 9.6050e-03
Epoch: [121][ 0/16]	Time  8.488 ( 8.488)	Loss_VinDrCXR_rad4 cls 3.4843e-04 (3.4843e-04)	Loss_VinDrCXR_rad4 mse 5.0753e-03 (5.0753e-03)
Epoch: [121] Train_Loss_cls: 2.4525e-03 Train_Loss_mse: 4.9669e-03
Epoch: [121][ 0/28]	Time  8.799 ( 8.799)	Loss_VinDrCXR_rad5 cls 1.6163e-04 (1.6163e-04)	Loss_VinDrCXR_rad5 mse 6.9385e-03 (6.9385e-03)
Epoch: [121] Train_Loss_cls: 3.3100e-03 Train_Loss_mse: 5.8628e-03
Epoch: [121][ 0/21]	Time  8.842 ( 8.842)	Loss_VinDrCXR_rad6 cls 6.6147e-04 (6.6147e-04)	Loss_VinDrCXR_rad6 mse 6.5030e-03 (6.5030e-03)
Epoch: [121] Train_Loss_cls: 5.0029e-04 Train_Loss_mse: 2.2401e-02
Epoch: [121][ 0/18]	Time  8.802 ( 8.802)	Loss_VinDrCXR_rad7 cls 1.3319e-04 (1.3319e-04)	Loss_VinDrCXR_rad7 mse 4.8551e-03 (4.8551e-03)
Epoch: [121] Train_Loss_cls: 2.5139e-03 Train_Loss_mse: 5.8033e-03
Epoch: [121][ 0/66]	Time  8.959 ( 8.959)	Loss_VinDrCXR_rad8 cls 4.0331e-01 (4.0331e-01)	Loss_VinDrCXR_rad8 mse 4.9087e-01 (4.9087e-01)
Epoch: [121][50/66]	Time  0.975 ( 1.151)	Loss_VinDrCXR_rad8 cls 1.4109e-01 (1.1414e-01)	Loss_VinDrCXR_rad8 mse 2.4622e-01 (3.2469e-01)
Epoch: [121] Train_Loss_cls: 1.1161e-01 Train_Loss_mse: 3.2563e-01
Epoch: [121][ 0/62]	Time  8.822 ( 8.822)	Loss_VinDrCXR_rad9 cls 1.4221e-01 (1.4221e-01)	Loss_VinDrCXR_rad9 mse 3.1040e-01 (3.1040e-01)
Epoch: [121][50/62]	Time  0.976 ( 1.175)	Loss_VinDrCXR_rad9 cls 1.4399e-01 (1.4817e-01)	Loss_VinDrCXR_rad9 mse 3.2037e-01 (2.7825e-01)
Epoch: [121] Train_Loss_cls: 1.5014e-01 Train_Loss_mse: 2.9447e-01
Epoch: [121][ 0/65]	Time  9.559 ( 9.559)	Loss_VinDrCXR_rad10 cls 1.6281e-01 (1.6281e-01)	Loss_VinDrCXR_rad10 mse 1.2528e+00 (1.2528e+00)
Epoch: [121][50/65]	Time  0.975 ( 1.215)	Loss_VinDrCXR_rad10 cls 1.0736e-01 (1.1675e-01)	Loss_VinDrCXR_rad10 mse 2.2488e-01 (3.4507e-01)
Epoch: [121] Train_Loss_cls: 1.1657e-01 Train_Loss_mse: 3.4513e-01
Epoch: [121][ 0/16]	Time  8.560 ( 8.560)	Loss_VinDrCXR_rad11 cls 3.9249e-02 (3.9249e-02)	Loss_VinDrCXR_rad11 mse 3.0939e-02 (3.0939e-02)
Epoch: [121] Train_Loss_cls: 2.4367e-02 Train_Loss_mse: 4.5344e-02
Epoch: [121][ 0/17]	Time  8.881 ( 8.881)	Loss_VinDrCXR_rad12 cls 1.6867e-02 (1.6867e-02)	Loss_VinDrCXR_rad12 mse 1.8576e-02 (1.8576e-02)
Epoch: [121] Train_Loss_cls: 2.1000e-02 Train_Loss_mse: 3.9837e-02
Epoch: [121][ 0/17]	Time  8.650 ( 8.650)	Loss_VinDrCXR_rad13 cls 2.8352e-02 (2.8352e-02)	Loss_VinDrCXR_rad13 mse 2.6341e-02 (2.6341e-02)
Epoch: [121] Train_Loss_cls: 2.9926e-02 Train_Loss_mse: 3.4956e-02
Epoch: [121][ 0/15]	Time  8.959 ( 8.959)	Loss_VinDrCXR_rad14 cls 3.8486e-02 (3.8486e-02)	Loss_VinDrCXR_rad14 mse 2.2487e-02 (2.2487e-02)
Epoch: [121] Train_Loss_cls: 3.0530e-02 Train_Loss_mse: 6.1818e-02
Epoch: [121][ 0/17]	Time  8.952 ( 8.952)	Loss_VinDrCXR_rad15 cls 4.6839e-02 (4.6839e-02)	Loss_VinDrCXR_rad15 mse 6.1428e-02 (6.1428e-02)
Epoch: [121] Train_Loss_cls: 3.1579e-02 Train_Loss_mse: 5.3826e-02
Epoch: [121][ 0/17]	Time  8.958 ( 8.958)	Loss_VinDrCXR_rad16 cls 2.5928e-02 (2.5928e-02)	Loss_VinDrCXR_rad16 mse 2.0106e-02 (2.0106e-02)
Epoch: [121] Train_Loss_cls: 2.1384e-02 Train_Loss_mse: 2.7404e-02
Epoch: [121][0/8]	Time  8.655 ( 8.655)	Loss_VinDrCXR_rad17 cls 3.6432e-02 (3.6432e-02)	Loss_VinDrCXR_rad17 mse 1.4303e-02 (1.4303e-02)
Epoch: [121] Train_Loss_cls: 1.9777e-02 Train_Loss_mse: 1.0955e-02
Val_VinDrCXR_rad1: [ 0/30]	Time  7.698 ( 7.698)	Loss 9.3610e-01 (9.3610e-01)
Epoch 0121: avg_val_loss 0.35840, saving model to ./Models/swin_base_Ark_Finetune_17Rad/Ark_PlusArk_Finetune_17Rad/Ark_Finetune_17Rad/Ark_PlusArk_Finetune_17Rad
Epoch: [122][ 0/20]	Time  8.743 ( 8.743)	Loss_VinDrCXR_rad1 cls 1.3066e-03 (1.3066e-03)	Loss_VinDrCXR_rad1 mse 5.1526e-03 (5.1526e-03)
Epoch: [122] Train_Loss_cls: 1.9355e-03 Train_Loss_mse: 6.0805e-03
Epoch: [122][ 0/32]	Time  9.180 ( 9.180)	Loss_VinDrCXR_rad2 cls 7.4538e-04 (7.4538e-04)	Loss_VinDrCXR_rad2 mse 7.5678e-03 (7.5678e-03)
Epoch: [122] Train_Loss_cls: 3.6927e-03 Train_Loss_mse: 6.5528e-03
Epoch: [122][ 0/23]	Time  8.548 ( 8.548)	Loss_VinDrCXR_rad3 cls 4.3591e-04 (4.3591e-04)	Loss_VinDrCXR_rad3 mse 5.2135e-03 (5.2135e-03)
Epoch: [122] Train_Loss_cls: 2.0068e-03 Train_Loss_mse: 2.0991e-02
Epoch: [122][ 0/16]	Time  8.672 ( 8.672)	Loss_VinDrCXR_rad4 cls 2.9699e-04 (2.9699e-04)	Loss_VinDrCXR_rad4 mse 5.4034e-03 (5.4034e-03)
Epoch: [122] Train_Loss_cls: 2.1119e-03 Train_Loss_mse: 5.5155e-03
Epoch: [122][ 0/28]	Time  8.200 ( 8.200)	Loss_VinDrCXR_rad5 cls 2.7300e-04 (2.7300e-04)	Loss_VinDrCXR_rad5 mse 3.7821e-03 (3.7821e-03)
Epoch: [122] Train_Loss_cls: 2.8216e-03 Train_Loss_mse: 5.3382e-03
Epoch: [122][ 0/21]	Time  8.636 ( 8.636)	Loss_VinDrCXR_rad6 cls 1.0456e-03 (1.0456e-03)	Loss_VinDrCXR_rad6 mse 5.1560e-03 (5.1560e-03)
Epoch: [122] Train_Loss_cls: 5.7270e-04 Train_Loss_mse: 5.4729e-03
Epoch: [122][ 0/18]	Time  8.450 ( 8.450)	Loss_VinDrCXR_rad7 cls 1.9005e-04 (1.9005e-04)	Loss_VinDrCXR_rad7 mse 3.8453e-03 (3.8453e-03)
Epoch: [122] Train_Loss_cls: 1.9862e-03 Train_Loss_mse: 6.6255e-03
Epoch: [122][ 0/66]	Time  9.012 ( 9.012)	Loss_VinDrCXR_rad8 cls 3.8683e-01 (3.8683e-01)	Loss_VinDrCXR_rad8 mse 2.2419e-01 (2.2419e-01)
Epoch: [122][50/66]	Time  0.982 ( 1.189)	Loss_VinDrCXR_rad8 cls 1.5492e-01 (1.1004e-01)	Loss_VinDrCXR_rad8 mse 1.6811e-01 (2.4741e-01)
Epoch: [122] Train_Loss_cls: 1.0916e-01 Train_Loss_mse: 2.6467e-01
Epoch: [122][ 0/62]	Time  9.012 ( 9.012)	Loss_VinDrCXR_rad9 cls 1.3697e-01 (1.3697e-01)	Loss_VinDrCXR_rad9 mse 1.2361e-01 (1.2361e-01)
Epoch: [122][50/62]	Time  0.975 ( 1.226)	Loss_VinDrCXR_rad9 cls 1.5497e-01 (1.5374e-01)	Loss_VinDrCXR_rad9 mse 1.8068e-01 (3.4050e-01)
Epoch: [122] Train_Loss_cls: 1.5223e-01 Train_Loss_mse: 3.2272e-01
Epoch: [122][ 0/65]	Time  8.779 ( 8.779)	Loss_VinDrCXR_rad10 cls 1.2627e-01 (1.2627e-01)	Loss_VinDrCXR_rad10 mse 2.4406e-01 (2.4406e-01)
Epoch: [122][50/65]	Time  0.977 ( 1.177)	Loss_VinDrCXR_rad10 cls 1.0398e-01 (1.1603e-01)	Loss_VinDrCXR_rad10 mse 1.1985e-01 (3.1159e-01)
Epoch: [122] Train_Loss_cls: 1.1609e-01 Train_Loss_mse: 3.1880e-01
Epoch: [122][ 0/16]	Time  8.369 ( 8.369)	Loss_VinDrCXR_rad11 cls 2.0430e-02 (2.0430e-02)	Loss_VinDrCXR_rad11 mse 1.9495e-02 (1.9495e-02)
Epoch: [122] Train_Loss_cls: 2.3324e-02 Train_Loss_mse: 3.7827e-02
Epoch: [122][ 0/17]	Time  8.914 ( 8.914)	Loss_VinDrCXR_rad12 cls 4.0069e-02 (4.0069e-02)	Loss_VinDrCXR_rad12 mse 2.3796e-02 (2.3796e-02)
Epoch: [122] Train_Loss_cls: 2.0232e-02 Train_Loss_mse: 5.3953e-02
Epoch: [122][ 0/17]	Time  8.826 ( 8.826)	Loss_VinDrCXR_rad13 cls 3.0266e-02 (3.0266e-02)	Loss_VinDrCXR_rad13 mse 2.4111e-02 (2.4111e-02)
Epoch: [122] Train_Loss_cls: 2.6552e-02 Train_Loss_mse: 4.2895e-02
Epoch: [122][ 0/15]	Time  9.116 ( 9.116)	Loss_VinDrCXR_rad14 cls 3.6211e-02 (3.6211e-02)	Loss_VinDrCXR_rad14 mse 2.5380e-02 (2.5380e-02)
Epoch: [122] Train_Loss_cls: 3.4473e-02 Train_Loss_mse: 2.9215e-02
Epoch: [122][ 0/17]	Time  9.325 ( 9.325)	Loss_VinDrCXR_rad15 cls 2.1555e-02 (2.1555e-02)	Loss_VinDrCXR_rad15 mse 1.3320e-02 (1.3320e-02)
Epoch: [122] Train_Loss_cls: 3.1257e-02 Train_Loss_mse: 3.3573e-02
Epoch: [122][ 0/17]	Time  8.410 ( 8.410)	Loss_VinDrCXR_rad16 cls 1.6913e-02 (1.6913e-02)	Loss_VinDrCXR_rad16 mse 2.6653e-02 (2.6653e-02)
Epoch: [122] Train_Loss_cls: 2.2211e-02 Train_Loss_mse: 2.9552e-02
Epoch: [122][0/8]	Time  9.761 ( 9.761)	Loss_VinDrCXR_rad17 cls 8.0578e-03 (8.0578e-03)	Loss_VinDrCXR_rad17 mse 1.4107e-02 (1.4107e-02)
Epoch: [122] Train_Loss_cls: 2.4345e-02 Train_Loss_mse: 1.4437e-02
Val_VinDrCXR_rad1: [ 0/30]	Time  7.162 ( 7.162)	Loss 8.3578e-01 (8.3578e-01)
Epoch 0122: avg_val_loss 0.32028, saving model to ./Models/swin_base_Ark_Finetune_17Rad/Ark_PlusArk_Finetune_17Rad/Ark_Finetune_17Rad/Ark_PlusArk_Finetune_17Rad
Epoch: [123][ 0/20]	Time  9.672 ( 9.672)	Loss_VinDrCXR_rad1 cls 6.4841e-03 (6.4841e-03)	Loss_VinDrCXR_rad1 mse 6.4546e-03 (6.4546e-03)
Epoch: [123] Train_Loss_cls: 1.9325e-03 Train_Loss_mse: 5.6662e-03
Epoch: [123][ 0/32]	Time  8.681 ( 8.681)	Loss_VinDrCXR_rad2 cls 3.7378e-04 (3.7378e-04)	Loss_VinDrCXR_rad2 mse 4.4078e-03 (4.4078e-03)
Epoch: [123] Train_Loss_cls: 4.1215e-03 Train_Loss_mse: 6.7325e-03
Epoch: [123][ 0/23]	Time  9.803 ( 9.803)	Loss_VinDrCXR_rad3 cls 3.9215e-04 (3.9215e-04)	Loss_VinDrCXR_rad3 mse 5.4711e-03 (5.4711e-03)
Epoch: [123] Train_Loss_cls: 7.9952e-04 Train_Loss_mse: 7.1418e-03
Epoch: [123][ 0/16]	Time  8.995 ( 8.995)	Loss_VinDrCXR_rad4 cls 2.5595e-04 (2.5595e-04)	Loss_VinDrCXR_rad4 mse 4.9225e-03 (4.9225e-03)
Epoch: [123] Train_Loss_cls: 2.0254e-03 Train_Loss_mse: 5.0525e-03
Epoch: [123][ 0/28]	Time  9.048 ( 9.048)	Loss_VinDrCXR_rad5 cls 6.7267e-03 (6.7267e-03)	Loss_VinDrCXR_rad5 mse 6.3977e-03 (6.3977e-03)
Epoch: [123] Train_Loss_cls: 2.5365e-03 Train_Loss_mse: 5.2513e-03
Epoch: [123][ 0/21]	Time  8.514 ( 8.514)	Loss_VinDrCXR_rad6 cls 5.1263e-04 (5.1263e-04)	Loss_VinDrCXR_rad6 mse 1.4255e-02 (1.4255e-02)
Epoch: [123] Train_Loss_cls: 5.3140e-04 Train_Loss_mse: 6.9685e-03
Epoch: [123][ 0/18]	Time  8.613 ( 8.613)	Loss_VinDrCXR_rad7 cls 1.9130e-04 (1.9130e-04)	Loss_VinDrCXR_rad7 mse 5.0322e-03 (5.0322e-03)
Epoch: [123] Train_Loss_cls: 2.4953e-03 Train_Loss_mse: 5.3931e-03
Epoch: [123][ 0/66]	Time  8.784 ( 8.784)	Loss_VinDrCXR_rad8 cls 4.5214e-01 (4.5214e-01)	Loss_VinDrCXR_rad8 mse 4.7234e-01 (4.7234e-01)
Epoch: [123][50/66]	Time  1.040 ( 1.175)	Loss_VinDrCXR_rad8 cls 1.1169e-01 (1.2002e-01)	Loss_VinDrCXR_rad8 mse 3.7423e-01 (3.3625e-01)
Epoch: [123] Train_Loss_cls: 1.1660e-01 Train_Loss_mse: 3.5659e-01
Epoch: [123][ 0/62]	Time  9.215 ( 9.215)	Loss_VinDrCXR_rad9 cls 1.5206e-01 (1.5206e-01)	Loss_VinDrCXR_rad9 mse 9.7026e-02 (9.7026e-02)
Epoch: [123][50/62]	Time  0.978 ( 1.163)	Loss_VinDrCXR_rad9 cls 1.5454e-01 (1.4894e-01)	Loss_VinDrCXR_rad9 mse 4.8624e-01 (3.6172e-01)
Epoch: [123] Train_Loss_cls: 1.5000e-01 Train_Loss_mse: 3.8071e-01
Epoch: [123][ 0/65]	Time  9.002 ( 9.002)	Loss_VinDrCXR_rad10 cls 1.5770e-01 (1.5770e-01)	Loss_VinDrCXR_rad10 mse 1.8394e-01 (1.8394e-01)
Epoch: [123][50/65]	Time  0.975 ( 1.165)	Loss_VinDrCXR_rad10 cls 9.7069e-02 (1.1593e-01)	Loss_VinDrCXR_rad10 mse 1.0343e-01 (2.9098e-01)
Epoch: [123] Train_Loss_cls: 1.1770e-01 Train_Loss_mse: 3.3250e-01
Epoch: [123][ 0/16]	Time  9.292 ( 9.292)	Loss_VinDrCXR_rad11 cls 3.7790e-02 (3.7790e-02)	Loss_VinDrCXR_rad11 mse 2.3522e-02 (2.3522e-02)
Epoch: [123] Train_Loss_cls: 3.2146e-02 Train_Loss_mse: 8.8120e-02
Epoch: [123][ 0/17]	Time  8.584 ( 8.584)	Loss_VinDrCXR_rad12 cls 5.0048e-02 (5.0048e-02)	Loss_VinDrCXR_rad12 mse 6.4775e-02 (6.4775e-02)
Epoch: [123] Train_Loss_cls: 2.0634e-02 Train_Loss_mse: 3.0635e-02
Epoch: [123][ 0/17]	Time  9.094 ( 9.094)	Loss_VinDrCXR_rad13 cls 4.1921e-02 (4.1921e-02)	Loss_VinDrCXR_rad13 mse 4.7507e-02 (4.7507e-02)
Epoch: [123] Train_Loss_cls: 2.8859e-02 Train_Loss_mse: 2.7334e-02
Epoch: [123][ 0/15]	Time  9.029 ( 9.029)	Loss_VinDrCXR_rad14 cls 1.1250e-02 (1.1250e-02)	Loss_VinDrCXR_rad14 mse 2.8741e-02 (2.8741e-02)
Epoch: [123] Train_Loss_cls: 3.3949e-02 Train_Loss_mse: 3.1121e-02
Epoch: [123][ 0/17]	Time  8.876 ( 8.876)	Loss_VinDrCXR_rad15 cls 2.8405e-02 (2.8405e-02)	Loss_VinDrCXR_rad15 mse 2.3459e-02 (2.3459e-02)
Epoch: [123] Train_Loss_cls: 2.9019e-02 Train_Loss_mse: 5.5755e-02
Epoch: [123][ 0/17]	Time  8.746 ( 8.746)	Loss_VinDrCXR_rad16 cls 1.3863e-02 (1.3863e-02)	Loss_VinDrCXR_rad16 mse 2.3622e-02 (2.3622e-02)
Epoch: [123] Train_Loss_cls: 1.8749e-02 Train_Loss_mse: 4.7635e-02
Epoch: [123][0/8]	Time  8.506 ( 8.506)	Loss_VinDrCXR_rad17 cls 2.7338e-02 (2.7338e-02)	Loss_VinDrCXR_rad17 mse 1.8421e-02 (1.8421e-02)
Epoch: [123] Train_Loss_cls: 2.2137e-02 Train_Loss_mse: 1.8914e-02
Val_VinDrCXR_rad1: [ 0/30]	Time  7.390 ( 7.390)	Loss 9.2825e-01 (9.2825e-01)
Epoch 0123: avg_val_loss 0.36286, saving model to ./Models/swin_base_Ark_Finetune_17Rad/Ark_PlusArk_Finetune_17Rad/Ark_Finetune_17Rad/Ark_PlusArk_Finetune_17Rad
Epoch: [124][ 0/20]	Time  8.861 ( 8.861)	Loss_VinDrCXR_rad1 cls 1.2084e-03 (1.2084e-03)	Loss_VinDrCXR_rad1 mse 8.8375e-03 (8.8375e-03)
Epoch: [124] Train_Loss_cls: 2.1978e-03 Train_Loss_mse: 6.6752e-03
Epoch: [124][ 0/32]	Time  8.562 ( 8.562)	Loss_VinDrCXR_rad2 cls 1.0144e-03 (1.0144e-03)	Loss_VinDrCXR_rad2 mse 1.0972e-02 (1.0972e-02)
Epoch: [124] Train_Loss_cls: 4.1659e-03 Train_Loss_mse: 7.4525e-03
Epoch: [124][ 0/23]	Time  8.965 ( 8.965)	Loss_VinDrCXR_rad3 cls 7.6049e-04 (7.6049e-04)	Loss_VinDrCXR_rad3 mse 5.5392e-03 (5.5392e-03)
Epoch: [124] Train_Loss_cls: 2.3755e-03 Train_Loss_mse: 6.0963e-03
Epoch: [124][ 0/16]	Time  9.013 ( 9.013)	Loss_VinDrCXR_rad4 cls 3.0897e-04 (3.0897e-04)	Loss_VinDrCXR_rad4 mse 4.3750e-03 (4.3750e-03)
Epoch: [124] Train_Loss_cls: 2.0904e-03 Train_Loss_mse: 5.0682e-03
Epoch: [124][ 0/28]	Time  8.811 ( 8.811)	Loss_VinDrCXR_rad5 cls 1.0949e-02 (1.0949e-02)	Loss_VinDrCXR_rad5 mse 4.8192e-03 (4.8192e-03)
Epoch: [124] Train_Loss_cls: 3.0042e-03 Train_Loss_mse: 5.5404e-03
Epoch: [124][ 0/21]	Time  8.390 ( 8.390)	Loss_VinDrCXR_rad6 cls 3.4500e-04 (3.4500e-04)	Loss_VinDrCXR_rad6 mse 5.3143e-03 (5.3143e-03)
Epoch: [124] Train_Loss_cls: 3.7680e-04 Train_Loss_mse: 6.7445e-03
Epoch: [124][ 0/18]	Time  9.142 ( 9.142)	Loss_VinDrCXR_rad7 cls 5.8354e-04 (5.8354e-04)	Loss_VinDrCXR_rad7 mse 6.5937e-03 (6.5937e-03)
Epoch: [124] Train_Loss_cls: 1.9456e-03 Train_Loss_mse: 8.2102e-03
Epoch: [124][ 0/66]	Time  8.929 ( 8.929)	Loss_VinDrCXR_rad8 cls 3.7493e-01 (3.7493e-01)	Loss_VinDrCXR_rad8 mse 7.1308e-01 (7.1308e-01)
Epoch: [124][50/66]	Time  0.975 ( 1.178)	Loss_VinDrCXR_rad8 cls 7.7459e-02 (1.1047e-01)	Loss_VinDrCXR_rad8 mse 3.4896e-01 (3.2080e-01)
Epoch: [124] Train_Loss_cls: 1.0704e-01 Train_Loss_mse: 3.1670e-01
Epoch: [124][ 0/62]	Time  9.252 ( 9.252)	Loss_VinDrCXR_rad9 cls 1.8628e-01 (1.8628e-01)	Loss_VinDrCXR_rad9 mse 2.3156e-01 (2.3156e-01)
Epoch: [124][50/62]	Time  0.978 ( 1.159)	Loss_VinDrCXR_rad9 cls 1.4962e-01 (1.5632e-01)	Loss_VinDrCXR_rad9 mse 4.9389e-01 (3.7655e-01)
Epoch: [124] Train_Loss_cls: 1.5476e-01 Train_Loss_mse: 3.6693e-01
Epoch: [124][ 0/65]	Time  8.827 ( 8.827)	Loss_VinDrCXR_rad10 cls 1.2907e-01 (1.2907e-01)	Loss_VinDrCXR_rad10 mse 6.2220e-01 (6.2220e-01)
Epoch: [124][50/65]	Time  0.977 ( 1.177)	Loss_VinDrCXR_rad10 cls 1.1201e-01 (1.1663e-01)	Loss_VinDrCXR_rad10 mse 1.7537e-01 (3.9865e-01)
Epoch: [124] Train_Loss_cls: 1.1607e-01 Train_Loss_mse: 4.0181e-01
Epoch: [124][ 0/16]	Time  8.435 ( 8.435)	Loss_VinDrCXR_rad11 cls 6.3706e-02 (6.3706e-02)	Loss_VinDrCXR_rad11 mse 3.3433e-02 (3.3433e-02)
Epoch: [124] Train_Loss_cls: 2.8087e-02 Train_Loss_mse: 6.0675e-02
Epoch: [124][ 0/17]	Time  9.282 ( 9.282)	Loss_VinDrCXR_rad12 cls 2.0339e-02 (2.0339e-02)	Loss_VinDrCXR_rad12 mse 1.5290e-02 (1.5290e-02)
Epoch: [124] Train_Loss_cls: 2.6144e-02 Train_Loss_mse: 4.4412e-02
Epoch: [124][ 0/17]	Time  8.417 ( 8.417)	Loss_VinDrCXR_rad13 cls 2.1195e-02 (2.1195e-02)	Loss_VinDrCXR_rad13 mse 1.3868e-02 (1.3868e-02)
Epoch: [124] Train_Loss_cls: 2.9419e-02 Train_Loss_mse: 5.9869e-02
Epoch: [124][ 0/15]	Time  8.498 ( 8.498)	Loss_VinDrCXR_rad14 cls 2.4649e-02 (2.4649e-02)	Loss_VinDrCXR_rad14 mse 2.3956e-02 (2.3956e-02)
Epoch: [124] Train_Loss_cls: 3.3644e-02 Train_Loss_mse: 6.0077e-02
Epoch: [124][ 0/17]	Time  8.982 ( 8.982)	Loss_VinDrCXR_rad15 cls 3.4912e-02 (3.4912e-02)	Loss_VinDrCXR_rad15 mse 3.8104e-02 (3.8104e-02)
Epoch: [124] Train_Loss_cls: 2.9250e-02 Train_Loss_mse: 2.5613e-02
Epoch: [124][ 0/17]	Time  9.677 ( 9.677)	Loss_VinDrCXR_rad16 cls 3.8894e-02 (3.8894e-02)	Loss_VinDrCXR_rad16 mse 2.6842e-02 (2.6842e-02)
Epoch: [124] Train_Loss_cls: 2.0681e-02 Train_Loss_mse: 6.3782e-02
Epoch: [124][0/8]	Time  8.891 ( 8.891)	Loss_VinDrCXR_rad17 cls 2.5062e-02 (2.5062e-02)	Loss_VinDrCXR_rad17 mse 5.6443e-02 (5.6443e-02)
Epoch: [124] Train_Loss_cls: 3.0932e-02 Train_Loss_mse: 3.0184e-02
Val_VinDrCXR_rad1: [ 0/30]	Time  7.236 ( 7.236)	Loss 7.7065e-01 (7.7065e-01)
Epoch 0124: avg_val_loss 0.30564, saving model to ./Models/swin_base_Ark_Finetune_17Rad/Ark_PlusArk_Finetune_17Rad/Ark_Finetune_17Rad/Ark_PlusArk_Finetune_17Rad
Epoch: [125][ 0/20]	Time  8.827 ( 8.827)	Loss_VinDrCXR_rad1 cls 3.4481e-03 (3.4481e-03)	Loss_VinDrCXR_rad1 mse 6.5147e-03 (6.5147e-03)
Epoch: [125] Train_Loss_cls: 2.4994e-03 Train_Loss_mse: 7.1769e-03
Epoch: [125][ 0/32]	Time  9.037 ( 9.037)	Loss_VinDrCXR_rad2 cls 1.8103e-02 (1.8103e-02)	Loss_VinDrCXR_rad2 mse 5.6578e-03 (5.6578e-03)
Epoch: [125] Train_Loss_cls: 4.4351e-03 Train_Loss_mse: 7.4757e-03
Epoch: [125][ 0/23]	Time  8.374 ( 8.374)	Loss_VinDrCXR_rad3 cls 1.4604e-03 (1.4604e-03)	Loss_VinDrCXR_rad3 mse 6.9685e-03 (6.9685e-03)
Epoch: [125] Train_Loss_cls: 1.4096e-03 Train_Loss_mse: 2.8664e-02
Epoch: [125][ 0/16]	Time  8.502 ( 8.502)	Loss_VinDrCXR_rad4 cls 3.3484e-04 (3.3484e-04)	Loss_VinDrCXR_rad4 mse 5.7342e-03 (5.7342e-03)
Epoch: [125] Train_Loss_cls: 2.2017e-03 Train_Loss_mse: 5.6398e-03
Epoch: [125][ 0/28]	Time  8.565 ( 8.565)	Loss_VinDrCXR_rad5 cls 2.0890e-04 (2.0890e-04)	Loss_VinDrCXR_rad5 mse 3.9887e-03 (3.9887e-03)
Epoch: [125] Train_Loss_cls: 2.4901e-03 Train_Loss_mse: 1.9533e-02
Epoch: [125][ 0/21]	Time  8.778 ( 8.778)	Loss_VinDrCXR_rad6 cls 4.3061e-04 (4.3061e-04)	Loss_VinDrCXR_rad6 mse 5.4094e-03 (5.4094e-03)
Epoch: [125] Train_Loss_cls: 4.8271e-04 Train_Loss_mse: 6.6965e-03
Epoch: [125][ 0/18]	Time  8.352 ( 8.352)	Loss_VinDrCXR_rad7 cls 1.9283e-04 (1.9283e-04)	Loss_VinDrCXR_rad7 mse 5.4176e-03 (5.4176e-03)
Epoch: [125] Train_Loss_cls: 1.9108e-03 Train_Loss_mse: 2.6810e-02
Epoch: [125][ 0/66]	Time  8.624 ( 8.624)	Loss_VinDrCXR_rad8 cls 4.6452e-01 (4.6452e-01)	Loss_VinDrCXR_rad8 mse 6.9008e-01 (6.9008e-01)
Epoch: [125][50/66]	Time  0.975 ( 1.178)	Loss_VinDrCXR_rad8 cls 6.8078e-02 (1.1217e-01)	Loss_VinDrCXR_rad8 mse 6.6133e-01 (3.4924e-01)
Epoch: [125] Train_Loss_cls: 1.0958e-01 Train_Loss_mse: 3.3158e-01
Epoch: [125][ 0/62]	Time  9.027 ( 9.027)	Loss_VinDrCXR_rad9 cls 1.7541e-01 (1.7541e-01)	Loss_VinDrCXR_rad9 mse 1.5378e-01 (1.5378e-01)
Epoch: [125][50/62]	Time  0.977 ( 1.165)	Loss_VinDrCXR_rad9 cls 1.1754e-01 (1.5258e-01)	Loss_VinDrCXR_rad9 mse 1.6455e-01 (3.6304e-01)
Epoch: [125] Train_Loss_cls: 1.5248e-01 Train_Loss_mse: 3.7243e-01
Epoch: [125][ 0/65]	Time  8.560 ( 8.560)	Loss_VinDrCXR_rad10 cls 1.4051e-01 (1.4051e-01)	Loss_VinDrCXR_rad10 mse 6.3509e-01 (6.3509e-01)
Epoch: [125][50/65]	Time  0.974 ( 1.152)	Loss_VinDrCXR_rad10 cls 6.8967e-02 (1.1837e-01)	Loss_VinDrCXR_rad10 mse 2.3354e-01 (3.3940e-01)
Epoch: [125] Train_Loss_cls: 1.1753e-01 Train_Loss_mse: 3.5686e-01
Epoch: [125][ 0/16]	Time  8.829 ( 8.829)	Loss_VinDrCXR_rad11 cls 9.3658e-02 (9.3658e-02)	Loss_VinDrCXR_rad11 mse 4.8355e-02 (4.8355e-02)
Epoch: [125] Train_Loss_cls: 3.4724e-02 Train_Loss_mse: 6.7442e-02
Epoch: [125][ 0/17]	Time  8.934 ( 8.934)	Loss_VinDrCXR_rad12 cls 4.2417e-02 (4.2417e-02)	Loss_VinDrCXR_rad12 mse 2.2586e-02 (2.2586e-02)
Epoch: [125] Train_Loss_cls: 2.3813e-02 Train_Loss_mse: 6.5734e-02
Epoch: [125][ 0/17]	Time  8.467 ( 8.467)	Loss_VinDrCXR_rad13 cls 5.3433e-02 (5.3433e-02)	Loss_VinDrCXR_rad13 mse 3.8875e-02 (3.8875e-02)
Epoch: [125] Train_Loss_cls: 2.7735e-02 Train_Loss_mse: 2.8219e-02
Epoch: [125][ 0/15]	Time  8.581 ( 8.581)	Loss_VinDrCXR_rad14 cls 4.7374e-02 (4.7374e-02)	Loss_VinDrCXR_rad14 mse 5.5942e-02 (5.5942e-02)
Epoch: [125] Train_Loss_cls: 4.0108e-02 Train_Loss_mse: 1.2149e-01
Epoch: [125][ 0/17]	Time  8.293 ( 8.293)	Loss_VinDrCXR_rad15 cls 1.7775e-02 (1.7775e-02)	Loss_VinDrCXR_rad15 mse 1.1153e-01 (1.1153e-01)
Epoch: [125] Train_Loss_cls: 2.8465e-02 Train_Loss_mse: 3.3829e-02
Epoch: [125][ 0/17]	Time  8.585 ( 8.585)	Loss_VinDrCXR_rad16 cls 2.3752e-02 (2.3752e-02)	Loss_VinDrCXR_rad16 mse 2.4742e-02 (2.4742e-02)
Epoch: [125] Train_Loss_cls: 2.1066e-02 Train_Loss_mse: 3.0444e-02
Epoch: [125][0/8]	Time  8.759 ( 8.759)	Loss_VinDrCXR_rad17 cls 1.4080e-02 (1.4080e-02)	Loss_VinDrCXR_rad17 mse 7.2902e-03 (7.2902e-03)
Epoch: [125] Train_Loss_cls: 2.2664e-02 Train_Loss_mse: 1.8195e-02
Val_VinDrCXR_rad1: [ 0/30]	Time  7.291 ( 7.291)	Loss 9.0545e-01 (9.0545e-01)
Epoch 0125: avg_val_loss 0.34098, saving model to ./Models/swin_base_Ark_Finetune_17Rad/Ark_PlusArk_Finetune_17Rad/Ark_Finetune_17Rad/Ark_PlusArk_Finetune_17Rad
Epoch: [126][ 0/20]	Time  8.821 ( 8.821)	Loss_VinDrCXR_rad1 cls 2.0732e-03 (2.0732e-03)	Loss_VinDrCXR_rad1 mse 4.6544e-03 (4.6544e-03)
Epoch: [126] Train_Loss_cls: 1.9075e-03 Train_Loss_mse: 5.5808e-03
Epoch: [126][ 0/32]	Time  9.292 ( 9.292)	Loss_VinDrCXR_rad2 cls 1.1907e-02 (1.1907e-02)	Loss_VinDrCXR_rad2 mse 7.2893e-03 (7.2893e-03)
Epoch: [126] Train_Loss_cls: 4.0214e-03 Train_Loss_mse: 6.5943e-03
Epoch: [126][ 0/23]	Time  8.941 ( 8.941)	Loss_VinDrCXR_rad3 cls 8.3937e-04 (8.3937e-04)	Loss_VinDrCXR_rad3 mse 4.8924e-03 (4.8924e-03)
Epoch: [126] Train_Loss_cls: 1.8961e-03 Train_Loss_mse: 5.5247e-03
Epoch: [126][ 0/16]	Time  8.632 ( 8.632)	Loss_VinDrCXR_rad4 cls 2.1183e-04 (2.1183e-04)	Loss_VinDrCXR_rad4 mse 4.7582e-03 (4.7582e-03)
Epoch: [126] Train_Loss_cls: 2.1789e-03 Train_Loss_mse: 4.3586e-03
Epoch: [126][ 0/28]	Time  8.062 ( 8.062)	Loss_VinDrCXR_rad5 cls 4.3387e-04 (4.3387e-04)	Loss_VinDrCXR_rad5 mse 9.4749e-03 (9.4749e-03)
Epoch: [126] Train_Loss_cls: 3.1785e-03 Train_Loss_mse: 7.0232e-03
Epoch: [126][ 0/21]	Time  8.514 ( 8.514)	Loss_VinDrCXR_rad6 cls 6.1666e-04 (6.1666e-04)	Loss_VinDrCXR_rad6 mse 6.7153e-03 (6.7153e-03)
Epoch: [126] Train_Loss_cls: 6.1490e-04 Train_Loss_mse: 6.4336e-03
Epoch: [126][ 0/18]	Time  8.352 ( 8.352)	Loss_VinDrCXR_rad7 cls 1.4732e-02 (1.4732e-02)	Loss_VinDrCXR_rad7 mse 4.0838e-03 (4.0838e-03)
Epoch: [126] Train_Loss_cls: 2.1334e-03 Train_Loss_mse: 5.1253e-03
Epoch: [126][ 0/66]	Time  8.869 ( 8.869)	Loss_VinDrCXR_rad8 cls 4.4903e-01 (4.4903e-01)	Loss_VinDrCXR_rad8 mse 1.6224e-01 (1.6224e-01)
Epoch: [126][50/66]	Time  1.394 ( 1.200)	Loss_VinDrCXR_rad8 cls 1.4535e-01 (1.1772e-01)	Loss_VinDrCXR_rad8 mse 6.4640e-01 (3.6342e-01)
Epoch: [126] Train_Loss_cls: 1.1401e-01 Train_Loss_mse: 3.6139e-01
Epoch: [126][ 0/62]	Time  9.133 ( 9.133)	Loss_VinDrCXR_rad9 cls 2.0266e-01 (2.0266e-01)	Loss_VinDrCXR_rad9 mse 8.7035e-02 (8.7035e-02)
Epoch: [126][50/62]	Time  0.974 ( 1.166)	Loss_VinDrCXR_rad9 cls 1.5965e-01 (1.5764e-01)	Loss_VinDrCXR_rad9 mse 1.7790e-01 (3.9357e-01)
Epoch: [126] Train_Loss_cls: 1.5685e-01 Train_Loss_mse: 3.7797e-01
Epoch: [126][ 0/65]	Time  8.714 ( 8.714)	Loss_VinDrCXR_rad10 cls 9.3679e-02 (9.3679e-02)	Loss_VinDrCXR_rad10 mse 4.2698e-01 (4.2698e-01)
Epoch: [126][50/65]	Time  0.981 ( 1.177)	Loss_VinDrCXR_rad10 cls 1.2546e-01 (1.1610e-01)	Loss_VinDrCXR_rad10 mse 1.4871e-01 (3.3120e-01)
Epoch: [126] Train_Loss_cls: 1.1567e-01 Train_Loss_mse: 3.3904e-01
Epoch: [126][ 0/16]	Time  8.770 ( 8.770)	Loss_VinDrCXR_rad11 cls 5.9260e-02 (5.9260e-02)	Loss_VinDrCXR_rad11 mse 3.7511e-02 (3.7511e-02)
Epoch: [126] Train_Loss_cls: 2.7990e-02 Train_Loss_mse: 8.0383e-02
Epoch: [126][ 0/17]	Time  8.455 ( 8.455)	Loss_VinDrCXR_rad12 cls 2.0953e-02 (2.0953e-02)	Loss_VinDrCXR_rad12 mse 2.3550e-02 (2.3550e-02)
Epoch: [126] Train_Loss_cls: 2.6465e-02 Train_Loss_mse: 6.7344e-02
Epoch: [126][ 0/17]	Time  9.293 ( 9.293)	Loss_VinDrCXR_rad13 cls 2.3868e-02 (2.3868e-02)	Loss_VinDrCXR_rad13 mse 8.4400e-02 (8.4400e-02)
Epoch: [126] Train_Loss_cls: 2.8476e-02 Train_Loss_mse: 6.8359e-02
Epoch: [126][ 0/15]	Time  8.584 ( 8.584)	Loss_VinDrCXR_rad14 cls 5.6540e-02 (5.6540e-02)	Loss_VinDrCXR_rad14 mse 2.7434e-02 (2.7434e-02)
Epoch: [126] Train_Loss_cls: 3.4314e-02 Train_Loss_mse: 6.7023e-02
Epoch: [126][ 0/17]	Time  8.714 ( 8.714)	Loss_VinDrCXR_rad15 cls 4.0693e-02 (4.0693e-02)	Loss_VinDrCXR_rad15 mse 1.1537e-02 (1.1537e-02)
Epoch: [126] Train_Loss_cls: 3.1264e-02 Train_Loss_mse: 4.2432e-02
Epoch: [126][ 0/17]	Time  9.269 ( 9.269)	Loss_VinDrCXR_rad16 cls 2.8321e-02 (2.8321e-02)	Loss_VinDrCXR_rad16 mse 3.3390e-02 (3.3390e-02)
Epoch: [126] Train_Loss_cls: 2.1855e-02 Train_Loss_mse: 4.5378e-02
Epoch: [126][0/8]	Time  8.465 ( 8.465)	Loss_VinDrCXR_rad17 cls 3.2296e-02 (3.2296e-02)	Loss_VinDrCXR_rad17 mse 5.8192e-02 (5.8192e-02)
Epoch: [126] Train_Loss_cls: 2.4534e-02 Train_Loss_mse: 2.4417e-02
Val_VinDrCXR_rad1: [ 0/30]	Time  8.362 ( 8.362)	Loss 9.1742e-01 (9.1742e-01)
Epoch 0126: avg_val_loss 0.33505, saving model to ./Models/swin_base_Ark_Finetune_17Rad/Ark_PlusArk_Finetune_17Rad/Ark_Finetune_17Rad/Ark_PlusArk_Finetune_17Rad
Epoch: [127][ 0/20]	Time  8.857 ( 8.857)	Loss_VinDrCXR_rad1 cls 1.8980e-03 (1.8980e-03)	Loss_VinDrCXR_rad1 mse 5.3100e-03 (5.3100e-03)
Epoch: [127] Train_Loss_cls: 1.9711e-03 Train_Loss_mse: 9.5941e-03
Epoch: [127][ 0/32]	Time  9.720 ( 9.720)	Loss_VinDrCXR_rad2 cls 3.9624e-04 (3.9624e-04)	Loss_VinDrCXR_rad2 mse 6.8535e-03 (6.8535e-03)
Epoch: [127] Train_Loss_cls: 3.9411e-03 Train_Loss_mse: 6.6149e-03
Epoch: [127][ 0/23]	Time  9.053 ( 9.053)	Loss_VinDrCXR_rad3 cls 1.6409e-03 (1.6409e-03)	Loss_VinDrCXR_rad3 mse 5.6718e-03 (5.6718e-03)
Epoch: [127] Train_Loss_cls: 2.2417e-03 Train_Loss_mse: 5.8722e-03
Epoch: [127][ 0/16]	Time  8.030 ( 8.030)	Loss_VinDrCXR_rad4 cls 2.2475e-04 (2.2475e-04)	Loss_VinDrCXR_rad4 mse 3.9963e-03 (3.9963e-03)
Epoch: [127] Train_Loss_cls: 2.2869e-03 Train_Loss_mse: 4.8866e-03
Epoch: [127][ 0/28]	Time  8.364 ( 8.364)	Loss_VinDrCXR_rad5 cls 1.7115e-04 (1.7115e-04)	Loss_VinDrCXR_rad5 mse 3.8873e-03 (3.8873e-03)
Epoch: [127] Train_Loss_cls: 2.9613e-03 Train_Loss_mse: 1.7098e-02
Epoch: [127][ 0/21]	Time  8.499 ( 8.499)	Loss_VinDrCXR_rad6 cls 8.0054e-04 (8.0054e-04)	Loss_VinDrCXR_rad6 mse 5.7024e-03 (5.7024e-03)
Epoch: [127] Train_Loss_cls: 5.6934e-04 Train_Loss_mse: 2.5342e-02
Epoch: [127][ 0/18]	Time  9.041 ( 9.041)	Loss_VinDrCXR_rad7 cls 1.4376e-02 (1.4376e-02)	Loss_VinDrCXR_rad7 mse 5.2244e-03 (5.2244e-03)
Epoch: [127] Train_Loss_cls: 2.0201e-03 Train_Loss_mse: 5.7314e-03
Epoch: [127][ 0/66]	Time  8.547 ( 8.547)	Loss_VinDrCXR_rad8 cls 4.8083e-01 (4.8083e-01)	Loss_VinDrCXR_rad8 mse 1.0682e-01 (1.0682e-01)
Epoch: [127][50/66]	Time  0.977 ( 1.182)	Loss_VinDrCXR_rad8 cls 1.0090e-01 (1.1348e-01)	Loss_VinDrCXR_rad8 mse 3.0383e-01 (3.6403e-01)
Epoch: [127] Train_Loss_cls: 1.1261e-01 Train_Loss_mse: 3.7219e-01
Epoch: [127][ 0/62]	Time  9.299 ( 9.299)	Loss_VinDrCXR_rad9 cls 2.3544e-01 (2.3544e-01)	Loss_VinDrCXR_rad9 mse 2.5523e-01 (2.5523e-01)
Epoch: [127][50/62]	Time  0.975 ( 1.145)	Loss_VinDrCXR_rad9 cls 1.3208e-01 (1.6172e-01)	Loss_VinDrCXR_rad9 mse 5.2123e-01 (3.7176e-01)
Epoch: [127] Train_Loss_cls: 1.6113e-01 Train_Loss_mse: 3.6285e-01
Epoch: [127][ 0/65]	Time  8.588 ( 8.588)	Loss_VinDrCXR_rad10 cls 1.5558e-01 (1.5558e-01)	Loss_VinDrCXR_rad10 mse 1.6037e-01 (1.6037e-01)
Epoch: [127][50/65]	Time  0.976 ( 1.150)	Loss_VinDrCXR_rad10 cls 1.3269e-01 (1.1996e-01)	Loss_VinDrCXR_rad10 mse 4.6375e-01 (3.5010e-01)
Epoch: [127] Train_Loss_cls: 1.2041e-01 Train_Loss_mse: 3.6570e-01
Epoch: [127][ 0/16]	Time  9.303 ( 9.303)	Loss_VinDrCXR_rad11 cls 5.9826e-02 (5.9826e-02)	Loss_VinDrCXR_rad11 mse 6.8653e-02 (6.8653e-02)
Epoch: [127] Train_Loss_cls: 2.4960e-02 Train_Loss_mse: 3.9406e-02
Epoch: [127][ 0/17]	Time  8.558 ( 8.558)	Loss_VinDrCXR_rad12 cls 8.6886e-03 (8.6886e-03)	Loss_VinDrCXR_rad12 mse 1.5188e-02 (1.5188e-02)
Epoch: [127] Train_Loss_cls: 2.8310e-02 Train_Loss_mse: 5.3894e-02
Epoch: [127][ 0/17]	Time  8.427 ( 8.427)	Loss_VinDrCXR_rad13 cls 4.2930e-02 (4.2930e-02)	Loss_VinDrCXR_rad13 mse 4.0262e-02 (4.0262e-02)
Epoch: [127] Train_Loss_cls: 3.2001e-02 Train_Loss_mse: 5.3302e-02
Epoch: [127][ 0/15]	Time  8.483 ( 8.483)	Loss_VinDrCXR_rad14 cls 3.4898e-02 (3.4898e-02)	Loss_VinDrCXR_rad14 mse 2.3556e-02 (2.3556e-02)
Epoch: [127] Train_Loss_cls: 3.4877e-02 Train_Loss_mse: 4.1444e-02
Epoch: [127][ 0/17]	Time  8.689 ( 8.689)	Loss_VinDrCXR_rad15 cls 5.3882e-02 (5.3882e-02)	Loss_VinDrCXR_rad15 mse 4.2432e-02 (4.2432e-02)
Epoch: [127] Train_Loss_cls: 3.0341e-02 Train_Loss_mse: 7.3327e-02
Epoch: [127][ 0/17]	Time  8.988 ( 8.988)	Loss_VinDrCXR_rad16 cls 1.3588e-02 (1.3588e-02)	Loss_VinDrCXR_rad16 mse 4.7745e-02 (4.7745e-02)
Epoch: [127] Train_Loss_cls: 2.0028e-02 Train_Loss_mse: 4.3571e-02
Epoch: [127][0/8]	Time  8.784 ( 8.784)	Loss_VinDrCXR_rad17 cls 1.0671e-02 (1.0671e-02)	Loss_VinDrCXR_rad17 mse 1.7771e-02 (1.7771e-02)
Epoch: [127] Train_Loss_cls: 2.4604e-02 Train_Loss_mse: 1.7857e-02
Val_VinDrCXR_rad1: [ 0/30]	Time  7.161 ( 7.161)	Loss 9.4594e-01 (9.4594e-01)
Epoch 0127: avg_val_loss 0.35143, saving model to ./Models/swin_base_Ark_Finetune_17Rad/Ark_PlusArk_Finetune_17Rad/Ark_Finetune_17Rad/Ark_PlusArk_Finetune_17Rad
Epoch: [128][ 0/20]	Time  8.499 ( 8.499)	Loss_VinDrCXR_rad1 cls 9.3417e-04 (9.3417e-04)	Loss_VinDrCXR_rad1 mse 4.7138e-03 (4.7138e-03)
Epoch: [128] Train_Loss_cls: 1.6810e-03 Train_Loss_mse: 6.2703e-03
Epoch: [128][ 0/32]	Time  8.746 ( 8.746)	Loss_VinDrCXR_rad2 cls 4.0817e-04 (4.0817e-04)	Loss_VinDrCXR_rad2 mse 6.4182e-03 (6.4182e-03)
Epoch: [128] Train_Loss_cls: 4.0811e-03 Train_Loss_mse: 7.0292e-03
Epoch: [128][ 0/23]	Time  9.165 ( 9.165)	Loss_VinDrCXR_rad3 cls 1.0710e-03 (1.0710e-03)	Loss_VinDrCXR_rad3 mse 5.0122e-03 (5.0122e-03)
Epoch: [128] Train_Loss_cls: 2.2339e-03 Train_Loss_mse: 8.7815e-03
Epoch: [128][ 0/16]	Time  8.555 ( 8.555)	Loss_VinDrCXR_rad4 cls 1.3793e-02 (1.3793e-02)	Loss_VinDrCXR_rad4 mse 5.0062e-03 (5.0062e-03)
Epoch: [128] Train_Loss_cls: 2.1940e-03 Train_Loss_mse: 4.9877e-03
Epoch: [128][ 0/28]	Time  8.198 ( 8.198)	Loss_VinDrCXR_rad5 cls 2.6047e-04 (2.6047e-04)	Loss_VinDrCXR_rad5 mse 5.2077e-03 (5.2077e-03)
Epoch: [128] Train_Loss_cls: 3.1233e-03 Train_Loss_mse: 5.5374e-03
Epoch: [128][ 0/21]	Time  8.844 ( 8.844)	Loss_VinDrCXR_rad6 cls 4.3012e-04 (4.3012e-04)	Loss_VinDrCXR_rad6 mse 4.3610e-03 (4.3610e-03)
Epoch: [128] Train_Loss_cls: 7.0593e-04 Train_Loss_mse: 5.8624e-03
Epoch: [128][ 0/18]	Time  8.936 ( 8.936)	Loss_VinDrCXR_rad7 cls 2.0008e-04 (2.0008e-04)	Loss_VinDrCXR_rad7 mse 4.6430e-03 (4.6430e-03)
Epoch: [128] Train_Loss_cls: 2.6902e-03 Train_Loss_mse: 5.3221e-03
Epoch: [128][ 0/66]	Time  8.775 ( 8.775)	Loss_VinDrCXR_rad8 cls 5.8299e-01 (5.8299e-01)	Loss_VinDrCXR_rad8 mse 5.0396e-01 (5.0396e-01)
Epoch: [128][50/66]	Time  0.975 ( 1.132)	Loss_VinDrCXR_rad8 cls 8.6566e-02 (1.1976e-01)	Loss_VinDrCXR_rad8 mse 1.3262e-01 (3.1540e-01)
Epoch: [128] Train_Loss_cls: 1.1711e-01 Train_Loss_mse: 3.1209e-01
Epoch: [128][ 0/62]	Time  8.781 ( 8.781)	Loss_VinDrCXR_rad9 cls 1.6413e-01 (1.6413e-01)	Loss_VinDrCXR_rad9 mse 2.6210e-01 (2.6210e-01)
Epoch: [128][50/62]	Time  0.975 ( 1.173)	Loss_VinDrCXR_rad9 cls 1.5953e-01 (1.5455e-01)	Loss_VinDrCXR_rad9 mse 5.8306e-01 (3.7203e-01)
Epoch: [128] Train_Loss_cls: 1.5322e-01 Train_Loss_mse: 3.6887e-01
Epoch: [128][ 0/65]	Time  8.770 ( 8.770)	Loss_VinDrCXR_rad10 cls 1.1401e-01 (1.1401e-01)	Loss_VinDrCXR_rad10 mse 2.3543e-01 (2.3543e-01)
Epoch: [128][50/65]	Time  0.982 ( 1.158)	Loss_VinDrCXR_rad10 cls 1.2805e-01 (1.2298e-01)	Loss_VinDrCXR_rad10 mse 1.6579e-01 (3.4523e-01)
Epoch: [128] Train_Loss_cls: 1.2080e-01 Train_Loss_mse: 3.6120e-01
Epoch: [128][ 0/16]	Time  8.778 ( 8.778)	Loss_VinDrCXR_rad11 cls 2.7993e-02 (2.7993e-02)	Loss_VinDrCXR_rad11 mse 2.6361e-02 (2.6361e-02)
Epoch: [128] Train_Loss_cls: 3.3345e-02 Train_Loss_mse: 4.4803e-02
Epoch: [128][ 0/17]	Time  8.729 ( 8.729)	Loss_VinDrCXR_rad12 cls 2.9755e-02 (2.9755e-02)	Loss_VinDrCXR_rad12 mse 3.1821e-02 (3.1821e-02)
Epoch: [128] Train_Loss_cls: 2.5366e-02 Train_Loss_mse: 4.8872e-02
Epoch: [128][ 0/17]	Time  8.362 ( 8.362)	Loss_VinDrCXR_rad13 cls 2.5798e-02 (2.5798e-02)	Loss_VinDrCXR_rad13 mse 4.4815e-02 (4.4815e-02)
Epoch: [128] Train_Loss_cls: 3.0764e-02 Train_Loss_mse: 5.0713e-02
Epoch: [128][ 0/15]	Time  8.517 ( 8.517)	Loss_VinDrCXR_rad14 cls 3.8144e-02 (3.8144e-02)	Loss_VinDrCXR_rad14 mse 1.7430e-02 (1.7430e-02)
Epoch: [128] Train_Loss_cls: 3.3125e-02 Train_Loss_mse: 8.5582e-02
Epoch: [128][ 0/17]	Time  8.384 ( 8.384)	Loss_VinDrCXR_rad15 cls 1.7551e-02 (1.7551e-02)	Loss_VinDrCXR_rad15 mse 2.9773e-01 (2.9773e-01)
Epoch: [128] Train_Loss_cls: 3.1743e-02 Train_Loss_mse: 3.8528e-02
Epoch: [128][ 0/17]	Time  8.443 ( 8.443)	Loss_VinDrCXR_rad16 cls 1.5369e-02 (1.5369e-02)	Loss_VinDrCXR_rad16 mse 1.9192e-02 (1.9192e-02)
Epoch: [128] Train_Loss_cls: 1.9651e-02 Train_Loss_mse: 4.2910e-02
Epoch: [128][0/8]	Time  8.330 ( 8.330)	Loss_VinDrCXR_rad17 cls 2.1133e-02 (2.1133e-02)	Loss_VinDrCXR_rad17 mse 2.3144e-02 (2.3144e-02)
Epoch: [128] Train_Loss_cls: 2.2557e-02 Train_Loss_mse: 1.7378e-02
Val_VinDrCXR_rad1: [ 0/30]	Time  7.036 ( 7.036)	Loss 8.1840e-01 (8.1840e-01)
Epoch 0128: avg_val_loss 0.31923, saving model to ./Models/swin_base_Ark_Finetune_17Rad/Ark_PlusArk_Finetune_17Rad/Ark_Finetune_17Rad/Ark_PlusArk_Finetune_17Rad
Epoch: [129][ 0/20]	Time  7.982 ( 7.982)	Loss_VinDrCXR_rad1 cls 3.3881e-03 (3.3881e-03)	Loss_VinDrCXR_rad1 mse 6.6548e-03 (6.6548e-03)
Epoch: [129] Train_Loss_cls: 2.0271e-03 Train_Loss_mse: 8.4529e-03
Epoch: [129][ 0/32]	Time  9.013 ( 9.013)	Loss_VinDrCXR_rad2 cls 3.0511e-03 (3.0511e-03)	Loss_VinDrCXR_rad2 mse 6.1901e-03 (6.1901e-03)
Epoch: [129] Train_Loss_cls: 3.7912e-03 Train_Loss_mse: 5.9100e-03
Epoch: [129][ 0/23]	Time  8.813 ( 8.813)	Loss_VinDrCXR_rad3 cls 7.3891e-04 (7.3891e-04)	Loss_VinDrCXR_rad3 mse 5.0186e-03 (5.0186e-03)
Epoch: [129] Train_Loss_cls: 1.8626e-03 Train_Loss_mse: 5.3871e-03
Epoch: [129][ 0/16]	Time  8.402 ( 8.402)	Loss_VinDrCXR_rad4 cls 3.0292e-04 (3.0292e-04)	Loss_VinDrCXR_rad4 mse 3.6441e-03 (3.6441e-03)
Epoch: [129] Train_Loss_cls: 2.1029e-03 Train_Loss_mse: 4.6295e-03
Epoch: [129][ 0/28]	Time  8.543 ( 8.543)	Loss_VinDrCXR_rad5 cls 2.6399e-04 (2.6399e-04)	Loss_VinDrCXR_rad5 mse 4.3232e-03 (4.3232e-03)
Epoch: [129] Train_Loss_cls: 2.8919e-03 Train_Loss_mse: 5.0966e-03
Epoch: [129][ 0/21]	Time  8.718 ( 8.718)	Loss_VinDrCXR_rad6 cls 5.4693e-04 (5.4693e-04)	Loss_VinDrCXR_rad6 mse 4.3725e-03 (4.3725e-03)
Epoch: [129] Train_Loss_cls: 6.0832e-04 Train_Loss_mse: 2.4041e-02
Epoch: [129][ 0/18]	Time  8.660 ( 8.660)	Loss_VinDrCXR_rad7 cls 1.8293e-04 (1.8293e-04)	Loss_VinDrCXR_rad7 mse 4.4175e-03 (4.4175e-03)
Epoch: [129] Train_Loss_cls: 1.8820e-03 Train_Loss_mse: 6.7252e-03
Epoch: [129][ 0/66]	Time  8.767 ( 8.767)	Loss_VinDrCXR_rad8 cls 3.5794e-01 (3.5794e-01)	Loss_VinDrCXR_rad8 mse 1.5742e-01 (1.5742e-01)
Epoch: [129][50/66]	Time  0.976 ( 1.149)	Loss_VinDrCXR_rad8 cls 9.8440e-02 (1.1178e-01)	Loss_VinDrCXR_rad8 mse 8.4039e-02 (2.8993e-01)
Epoch: [129] Train_Loss_cls: 1.1177e-01 Train_Loss_mse: 2.9368e-01
Epoch: [129][ 0/62]	Time  8.894 ( 8.894)	Loss_VinDrCXR_rad9 cls 1.7143e-01 (1.7143e-01)	Loss_VinDrCXR_rad9 mse 4.5137e-01 (4.5137e-01)
Epoch: [129][50/62]	Time  0.975 ( 1.142)	Loss_VinDrCXR_rad9 cls 1.4717e-01 (1.5711e-01)	Loss_VinDrCXR_rad9 mse 9.5809e-01 (4.0934e-01)
Epoch: [129] Train_Loss_cls: 1.5775e-01 Train_Loss_mse: 4.1389e-01
Epoch: [129][ 0/65]	Time  8.821 ( 8.821)	Loss_VinDrCXR_rad10 cls 1.3612e-01 (1.3612e-01)	Loss_VinDrCXR_rad10 mse 1.4364e+00 (1.4364e+00)
Epoch: [129][50/65]	Time  1.168 ( 1.135)	Loss_VinDrCXR_rad10 cls 1.0008e-01 (1.1755e-01)	Loss_VinDrCXR_rad10 mse 1.8202e-01 (3.7886e-01)
Epoch: [129] Train_Loss_cls: 1.1847e-01 Train_Loss_mse: 3.6627e-01
Epoch: [129][ 0/16]	Time  8.361 ( 8.361)	Loss_VinDrCXR_rad11 cls 5.2763e-02 (5.2763e-02)	Loss_VinDrCXR_rad11 mse 2.2805e-02 (2.2805e-02)
Epoch: [129] Train_Loss_cls: 2.6464e-02 Train_Loss_mse: 3.2744e-02
Epoch: [129][ 0/17]	Time  8.857 ( 8.857)	Loss_VinDrCXR_rad12 cls 3.5306e-02 (3.5306e-02)	Loss_VinDrCXR_rad12 mse 5.3276e-01 (5.3276e-01)
Epoch: [129] Train_Loss_cls: 2.4700e-02 Train_Loss_mse: 9.5947e-02
Epoch: [129][ 0/17]	Time  8.312 ( 8.312)	Loss_VinDrCXR_rad13 cls 4.1609e-02 (4.1609e-02)	Loss_VinDrCXR_rad13 mse 1.6810e-02 (1.6810e-02)
Epoch: [129] Train_Loss_cls: 2.8833e-02 Train_Loss_mse: 4.4613e-02
Epoch: [129][ 0/15]	Time  8.501 ( 8.501)	Loss_VinDrCXR_rad14 cls 1.6275e-02 (1.6275e-02)	Loss_VinDrCXR_rad14 mse 4.0460e-02 (4.0460e-02)
Epoch: [129] Train_Loss_cls: 3.5058e-02 Train_Loss_mse: 4.5257e-02
Epoch: [129][ 0/17]	Time  8.543 ( 8.543)	Loss_VinDrCXR_rad15 cls 4.1301e-02 (4.1301e-02)	Loss_VinDrCXR_rad15 mse 2.7555e-02 (2.7555e-02)
Epoch: [129] Train_Loss_cls: 3.4057e-02 Train_Loss_mse: 3.9775e-02
Epoch: [129][ 0/17]	Time  9.092 ( 9.092)	Loss_VinDrCXR_rad16 cls 3.4952e-02 (3.4952e-02)	Loss_VinDrCXR_rad16 mse 4.4229e-02 (4.4229e-02)
Epoch: [129] Train_Loss_cls: 2.2272e-02 Train_Loss_mse: 4.1945e-02
Epoch: [129][0/8]	Time  8.545 ( 8.545)	Loss_VinDrCXR_rad17 cls 5.2052e-02 (5.2052e-02)	Loss_VinDrCXR_rad17 mse 2.6210e-02 (2.6210e-02)
Epoch: [129] Train_Loss_cls: 2.1580e-02 Train_Loss_mse: 1.3165e-02
Val_VinDrCXR_rad1: [ 0/30]	Time  7.150 ( 7.150)	Loss 9.3263e-01 (9.3263e-01)
Epoch 0129: avg_val_loss 0.35111, saving model to ./Models/swin_base_Ark_Finetune_17Rad/Ark_PlusArk_Finetune_17Rad/Ark_Finetune_17Rad/Ark_PlusArk_Finetune_17Rad
Epoch: [130][ 0/20]	Time  8.271 ( 8.271)	Loss_VinDrCXR_rad1 cls 2.9732e-03 (2.9732e-03)	Loss_VinDrCXR_rad1 mse 7.2111e-03 (7.2111e-03)
Epoch: [130] Train_Loss_cls: 1.4829e-03 Train_Loss_mse: 5.9802e-03
Epoch: [130][ 0/32]	Time  9.115 ( 9.115)	Loss_VinDrCXR_rad2 cls 1.4378e-02 (1.4378e-02)	Loss_VinDrCXR_rad2 mse 7.0681e-03 (7.0681e-03)
Epoch: [130] Train_Loss_cls: 4.3364e-03 Train_Loss_mse: 6.3313e-03
Epoch: [130][ 0/23]	Time  8.851 ( 8.851)	Loss_VinDrCXR_rad3 cls 5.3340e-04 (5.3340e-04)	Loss_VinDrCXR_rad3 mse 7.9306e-03 (7.9306e-03)
Epoch: [130] Train_Loss_cls: 1.1283e-03 Train_Loss_mse: 5.3920e-03
Epoch: [130][ 0/16]	Time  8.091 ( 8.091)	Loss_VinDrCXR_rad4 cls 3.5697e-04 (3.5697e-04)	Loss_VinDrCXR_rad4 mse 5.3383e-03 (5.3383e-03)
Epoch: [130] Train_Loss_cls: 2.1838e-03 Train_Loss_mse: 5.7196e-03
Epoch: [130][ 0/28]	Time  8.451 ( 8.451)	Loss_VinDrCXR_rad5 cls 2.3305e-04 (2.3305e-04)	Loss_VinDrCXR_rad5 mse 3.4126e-03 (3.4126e-03)
Epoch: [130] Train_Loss_cls: 2.6812e-03 Train_Loss_mse: 1.7954e-02
Epoch: [130][ 0/21]	Time  9.225 ( 9.225)	Loss_VinDrCXR_rad6 cls 3.6559e-04 (3.6559e-04)	Loss_VinDrCXR_rad6 mse 4.9736e-03 (4.9736e-03)
Epoch: [130] Train_Loss_cls: 6.1156e-04 Train_Loss_mse: 5.1476e-03
Epoch: [130][ 0/18]	Time  8.206 ( 8.206)	Loss_VinDrCXR_rad7 cls 3.6759e-04 (3.6759e-04)	Loss_VinDrCXR_rad7 mse 5.6881e-03 (5.6881e-03)
Epoch: [130] Train_Loss_cls: 1.8791e-03 Train_Loss_mse: 6.5596e-03
Epoch: [130][ 0/66]	Time  8.481 ( 8.481)	Loss_VinDrCXR_rad8 cls 3.3585e-01 (3.3585e-01)	Loss_VinDrCXR_rad8 mse 4.2094e-01 (4.2094e-01)
Epoch: [130][50/66]	Time  0.979 ( 1.143)	Loss_VinDrCXR_rad8 cls 9.6270e-02 (1.1545e-01)	Loss_VinDrCXR_rad8 mse 8.3572e-02 (3.1119e-01)
Epoch: [130] Train_Loss_cls: 1.1359e-01 Train_Loss_mse: 3.0310e-01
Epoch: [130][ 0/62]	Time  8.944 ( 8.944)	Loss_VinDrCXR_rad9 cls 2.1937e-01 (2.1937e-01)	Loss_VinDrCXR_rad9 mse 1.2569e+00 (1.2569e+00)
Epoch: [130][50/62]	Time  0.975 ( 1.163)	Loss_VinDrCXR_rad9 cls 1.2692e-01 (1.5856e-01)	Loss_VinDrCXR_rad9 mse 3.4987e-01 (4.4953e-01)
Epoch: [130] Train_Loss_cls: 1.5728e-01 Train_Loss_mse: 4.3349e-01
Epoch: [130][ 0/65]	Time  8.701 ( 8.701)	Loss_VinDrCXR_rad10 cls 1.5788e-01 (1.5788e-01)	Loss_VinDrCXR_rad10 mse 5.5641e-01 (5.5641e-01)
Epoch: [130][50/65]	Time  0.976 ( 1.173)	Loss_VinDrCXR_rad10 cls 1.4876e-01 (1.2388e-01)	Loss_VinDrCXR_rad10 mse 1.7158e-01 (3.6540e-01)
Epoch: [130] Train_Loss_cls: 1.2401e-01 Train_Loss_mse: 3.8055e-01
Epoch: [130][ 0/16]	Time  8.916 ( 8.916)	Loss_VinDrCXR_rad11 cls 3.4260e-02 (3.4260e-02)	Loss_VinDrCXR_rad11 mse 4.5480e-02 (4.5480e-02)
Epoch: [130] Train_Loss_cls: 3.4598e-02 Train_Loss_mse: 4.9395e-02
Epoch: [130][ 0/17]	Time  8.421 ( 8.421)	Loss_VinDrCXR_rad12 cls 2.6583e-02 (2.6583e-02)	Loss_VinDrCXR_rad12 mse 6.6814e-02 (6.6814e-02)
Epoch: [130] Train_Loss_cls: 4.0768e-02 Train_Loss_mse: 1.8348e-01
Epoch: [130][ 0/17]	Time  8.389 ( 8.389)	Loss_VinDrCXR_rad13 cls 6.7898e-02 (6.7898e-02)	Loss_VinDrCXR_rad13 mse 4.2575e-02 (4.2575e-02)
Epoch: [130] Train_Loss_cls: 4.6698e-02 Train_Loss_mse: 1.2961e-01
Epoch: [130][ 0/15]	Time  8.638 ( 8.638)	Loss_VinDrCXR_rad14 cls 3.3572e-02 (3.3572e-02)	Loss_VinDrCXR_rad14 mse 3.1433e-02 (3.1433e-02)
Epoch: [130] Train_Loss_cls: 4.8363e-02 Train_Loss_mse: 9.1133e-02
Epoch: [130][ 0/17]	Time  8.810 ( 8.810)	Loss_VinDrCXR_rad15 cls 4.8842e-02 (4.8842e-02)	Loss_VinDrCXR_rad15 mse 2.3046e-02 (2.3046e-02)
Epoch: [130] Train_Loss_cls: 3.8193e-02 Train_Loss_mse: 7.1148e-02
Epoch: [130][ 0/17]	Time  8.341 ( 8.341)	Loss_VinDrCXR_rad16 cls 3.7293e-02 (3.7293e-02)	Loss_VinDrCXR_rad16 mse 4.6504e-02 (4.6504e-02)
Epoch: [130] Train_Loss_cls: 2.2632e-02 Train_Loss_mse: 5.9061e-02
Epoch: [130][0/8]	Time  8.521 ( 8.521)	Loss_VinDrCXR_rad17 cls 1.3268e-02 (1.3268e-02)	Loss_VinDrCXR_rad17 mse 1.4797e-02 (1.4797e-02)
Epoch: [130] Train_Loss_cls: 3.0246e-02 Train_Loss_mse: 4.0729e-02
Val_VinDrCXR_rad1: [ 0/30]	Time  7.376 ( 7.376)	Loss 8.6615e-01 (8.6615e-01)
Epoch 0130: avg_val_loss 0.33989, saving model to ./Models/swin_base_Ark_Finetune_17Rad/Ark_PlusArk_Finetune_17Rad/Ark_Finetune_17Rad/Ark_PlusArk_Finetune_17Rad
>>VinDrCXR_rad1 Disease = ['PE', 'Lung tumor', 'Pneumonia', 'Tuberculosis', 'Other diseases', 'No finding']
>>VinDrCXR_rad1:Student AUC = [0.9815	0.9197	0.9494	0.9531	0.8636	0.9544], 
Teacher AUC = [0.9821	0.9382	0.9575	0.9603	0.849 	0.9532]

>>VinDrCXR_rad1: Student mAUC = 0.9370, Teacher mAUC = 0.9401
Omni-pretraining stage: 
Student meanAUC = 
[[0.9468759507134883], [0.9454261264448013], [0.9389692516963958], [0.9338567099466557], [0.9322285595158992], [0.9267613086784795], [0.9269031959521569], [0.9311978881171713], [0.9322738966995839], [0.9282953834234174], [0.929972291939886], [0.9318785771175087], [0.937211098360474], [0.9381919883273343], [0.9369602586957376]] 
Teacher meanAUC = 
[[0.9468759507134883], [0.9460270675389304], [0.9413547485728361], [0.9352525270339678], [0.933640160889925], [0.9253586349249475], [0.9311537710751477], [0.9326593268703175], [0.9311490937056109], [0.9340407878121827], [0.9299489031778979], [0.9354695743205612], [0.9370271512949998], [0.9387894655012321], [0.9400737372963088]]

Epoch: [131][ 0/20]	Time  8.739 ( 8.739)	Loss_VinDrCXR_rad1 cls 2.6226e-03 (2.6226e-03)	Loss_VinDrCXR_rad1 mse 6.8462e-03 (6.8462e-03)
Epoch: [131] Train_Loss_cls: 2.0278e-03 Train_Loss_mse: 6.8105e-03
Epoch: [131][ 0/32]	Time  8.910 ( 8.910)	Loss_VinDrCXR_rad2 cls 2.8910e-02 (2.8910e-02)	Loss_VinDrCXR_rad2 mse 7.2705e-03 (7.2705e-03)
Epoch: [131] Train_Loss_cls: 3.9597e-03 Train_Loss_mse: 7.6957e-03
Epoch: [131][ 0/23]	Time  8.707 ( 8.707)	Loss_VinDrCXR_rad3 cls 5.0698e-04 (5.0698e-04)	Loss_VinDrCXR_rad3 mse 5.0623e-03 (5.0623e-03)
Epoch: [131] Train_Loss_cls: 2.8679e-03 Train_Loss_mse: 6.9052e-03
Epoch: [131][ 0/16]	Time  9.061 ( 9.061)	Loss_VinDrCXR_rad4 cls 2.7458e-04 (2.7458e-04)	Loss_VinDrCXR_rad4 mse 4.6725e-03 (4.6725e-03)
Epoch: [131] Train_Loss_cls: 2.1447e-03 Train_Loss_mse: 5.5998e-03
Epoch: [131][ 0/28]	Time  8.833 ( 8.833)	Loss_VinDrCXR_rad5 cls 2.7301e-04 (2.7301e-04)	Loss_VinDrCXR_rad5 mse 3.8072e-03 (3.8072e-03)
Epoch: [131] Train_Loss_cls: 2.7022e-03 Train_Loss_mse: 2.3173e-02
Epoch: [131][ 0/21]	Time  8.964 ( 8.964)	Loss_VinDrCXR_rad6 cls 5.2440e-04 (5.2440e-04)	Loss_VinDrCXR_rad6 mse 4.3873e-03 (4.3873e-03)
Epoch: [131] Train_Loss_cls: 5.6420e-04 Train_Loss_mse: 6.7386e-03
Epoch: [131][ 0/18]	Time  8.684 ( 8.684)	Loss_VinDrCXR_rad7 cls 1.4802e-02 (1.4802e-02)	Loss_VinDrCXR_rad7 mse 5.6046e-03 (5.6046e-03)
Epoch: [131] Train_Loss_cls: 1.9137e-03 Train_Loss_mse: 9.2247e-03
Epoch: [131][ 0/66]	Time 10.252 (10.252)	Loss_VinDrCXR_rad8 cls 5.6825e-01 (5.6825e-01)	Loss_VinDrCXR_rad8 mse 1.7085e-01 (1.7085e-01)
Epoch: [131][50/66]	Time  0.989 ( 1.160)	Loss_VinDrCXR_rad8 cls 1.1234e-01 (1.3025e-01)	Loss_VinDrCXR_rad8 mse 5.7121e-01 (3.3784e-01)
Epoch: [131] Train_Loss_cls: 1.2536e-01 Train_Loss_mse: 3.8887e-01
Epoch: [131][ 0/62]	Time  9.194 ( 9.194)	Loss_VinDrCXR_rad9 cls 1.8896e-01 (1.8896e-01)	Loss_VinDrCXR_rad9 mse 1.2240e-01 (1.2240e-01)
Epoch: [131][50/62]	Time  0.977 ( 1.207)	Loss_VinDrCXR_rad9 cls 1.8803e-01 (1.5989e-01)	Loss_VinDrCXR_rad9 mse 9.1494e-01 (3.9939e-01)
Epoch: [131] Train_Loss_cls: 1.5805e-01 Train_Loss_mse: 3.9735e-01
Epoch: [131][ 0/65]	Time  8.917 ( 8.917)	Loss_VinDrCXR_rad10 cls 1.3906e-01 (1.3906e-01)	Loss_VinDrCXR_rad10 mse 6.4371e-01 (6.4371e-01)
Epoch: [131][50/65]	Time  0.975 ( 1.173)	Loss_VinDrCXR_rad10 cls 1.3937e-01 (1.2983e-01)	Loss_VinDrCXR_rad10 mse 3.4203e-01 (4.8969e-01)
Epoch: [131] Train_Loss_cls: 1.3240e-01 Train_Loss_mse: 4.5255e-01
Epoch: [131][ 0/16]	Time  8.611 ( 8.611)	Loss_VinDrCXR_rad11 cls 7.4703e-02 (7.4703e-02)	Loss_VinDrCXR_rad11 mse 3.4126e-02 (3.4126e-02)
Epoch: [131] Train_Loss_cls: 4.2674e-02 Train_Loss_mse: 8.7613e-02
Epoch: [131][ 0/17]	Time  8.858 ( 8.858)	Loss_VinDrCXR_rad12 cls 4.6713e-02 (4.6713e-02)	Loss_VinDrCXR_rad12 mse 1.9046e-02 (1.9046e-02)
Epoch: [131] Train_Loss_cls: 3.0494e-02 Train_Loss_mse: 4.9377e-02
Epoch: [131][ 0/17]	Time 10.167 (10.167)	Loss_VinDrCXR_rad13 cls 3.3187e-02 (3.3187e-02)	Loss_VinDrCXR_rad13 mse 2.6087e-02 (2.6087e-02)
Epoch: [131] Train_Loss_cls: 3.8470e-02 Train_Loss_mse: 6.7506e-02
Epoch: [131][ 0/15]	Time  9.411 ( 9.411)	Loss_VinDrCXR_rad14 cls 5.8984e-02 (5.8984e-02)	Loss_VinDrCXR_rad14 mse 2.7598e-02 (2.7598e-02)
Epoch: [131] Train_Loss_cls: 4.3705e-02 Train_Loss_mse: 9.5170e-02
Epoch: [131][ 0/17]	Time  8.967 ( 8.967)	Loss_VinDrCXR_rad15 cls 3.3441e-02 (3.3441e-02)	Loss_VinDrCXR_rad15 mse 3.4905e-02 (3.4905e-02)
Epoch: [131] Train_Loss_cls: 3.6666e-02 Train_Loss_mse: 5.8020e-02
Epoch: [131][ 0/17]	Time  8.713 ( 8.713)	Loss_VinDrCXR_rad16 cls 2.0100e-02 (2.0100e-02)	Loss_VinDrCXR_rad16 mse 1.2395e-02 (1.2395e-02)
Epoch: [131] Train_Loss_cls: 2.2828e-02 Train_Loss_mse: 4.0130e-02
Epoch: [131][0/8]	Time  8.502 ( 8.502)	Loss_VinDrCXR_rad17 cls 2.7016e-02 (2.7016e-02)	Loss_VinDrCXR_rad17 mse 2.2456e-02 (2.2456e-02)
Epoch: [131] Train_Loss_cls: 2.7787e-02 Train_Loss_mse: 1.6204e-02
Val_VinDrCXR_rad1: [ 0/30]	Time  7.828 ( 7.828)	Loss 8.6497e-01 (8.6497e-01)
Epoch 0131: avg_val_loss 0.33950, saving model to ./Models/swin_base_Ark_Finetune_17Rad/Ark_PlusArk_Finetune_17Rad/Ark_Finetune_17Rad/Ark_PlusArk_Finetune_17Rad
Epoch: [132][ 0/20]	Time  8.612 ( 8.612)	Loss_VinDrCXR_rad1 cls 4.5363e-03 (4.5363e-03)	Loss_VinDrCXR_rad1 mse 7.0917e-03 (7.0917e-03)
Epoch: [132] Train_Loss_cls: 2.0473e-03 Train_Loss_mse: 8.5577e-03
Epoch: [132][ 0/32]	Time  8.899 ( 8.899)	Loss_VinDrCXR_rad2 cls 1.7059e-02 (1.7059e-02)	Loss_VinDrCXR_rad2 mse 1.0206e-02 (1.0206e-02)
Epoch: [132] Train_Loss_cls: 4.6531e-03 Train_Loss_mse: 6.8413e-03
Epoch: [132][ 0/23]	Time  8.497 ( 8.497)	Loss_VinDrCXR_rad3 cls 8.3732e-04 (8.3732e-04)	Loss_VinDrCXR_rad3 mse 7.1946e-03 (7.1946e-03)
Epoch: [132] Train_Loss_cls: 1.4631e-03 Train_Loss_mse: 8.5425e-03
Epoch: [132][ 0/16]	Time  8.645 ( 8.645)	Loss_VinDrCXR_rad4 cls 2.3126e-04 (2.3126e-04)	Loss_VinDrCXR_rad4 mse 4.4204e-03 (4.4204e-03)
Epoch: [132] Train_Loss_cls: 2.2320e-03 Train_Loss_mse: 5.0781e-03
Epoch: [132][ 0/28]	Time  8.208 ( 8.208)	Loss_VinDrCXR_rad5 cls 2.7699e-02 (2.7699e-02)	Loss_VinDrCXR_rad5 mse 5.4990e-03 (5.4990e-03)
Epoch: [132] Train_Loss_cls: 3.3736e-03 Train_Loss_mse: 5.3268e-03
Epoch: [132][ 0/21]	Time  8.679 ( 8.679)	Loss_VinDrCXR_rad6 cls 3.8364e-04 (3.8364e-04)	Loss_VinDrCXR_rad6 mse 1.2343e-02 (1.2343e-02)
Epoch: [132] Train_Loss_cls: 5.5669e-04 Train_Loss_mse: 6.3260e-03
Epoch: [132][ 0/18]	Time  8.760 ( 8.760)	Loss_VinDrCXR_rad7 cls 1.9287e-04 (1.9287e-04)	Loss_VinDrCXR_rad7 mse 4.6425e-03 (4.6425e-03)
Epoch: [132] Train_Loss_cls: 2.2898e-03 Train_Loss_mse: 6.5392e-03
Epoch: [132][ 0/66]	Time  8.659 ( 8.659)	Loss_VinDrCXR_rad8 cls 6.4674e-01 (6.4674e-01)	Loss_VinDrCXR_rad8 mse 9.7200e-01 (9.7200e-01)
Epoch: [132][50/66]	Time  0.975 ( 1.170)	Loss_VinDrCXR_rad8 cls 1.6699e-01 (1.3748e-01)	Loss_VinDrCXR_rad8 mse 1.4786e-01 (3.8534e-01)
Epoch: [132] Train_Loss_cls: 1.4049e-01 Train_Loss_mse: 5.0306e-01
Epoch: [132][ 0/62]	Time  8.744 ( 8.744)	Loss_VinDrCXR_rad9 cls 1.9531e-01 (1.9531e-01)	Loss_VinDrCXR_rad9 mse 1.4518e-01 (1.4518e-01)
Epoch: [132][50/62]	Time  0.977 ( 1.154)	Loss_VinDrCXR_rad9 cls 1.6634e-01 (1.7821e-01)	Loss_VinDrCXR_rad9 mse 4.2491e-01 (4.6591e-01)
Epoch: [132] Train_Loss_cls: 1.7506e-01 Train_Loss_mse: 4.6090e-01
Epoch: [132][ 0/65]	Time  9.084 ( 9.084)	Loss_VinDrCXR_rad10 cls 1.4782e-01 (1.4782e-01)	Loss_VinDrCXR_rad10 mse 5.7231e-01 (5.7231e-01)
Epoch: [132][50/65]	Time  0.976 ( 1.157)	Loss_VinDrCXR_rad10 cls 1.1136e-01 (1.3021e-01)	Loss_VinDrCXR_rad10 mse 4.2853e-01 (3.3267e-01)
Epoch: [132] Train_Loss_cls: 1.2822e-01 Train_Loss_mse: 3.7504e-01
Epoch: [132][ 0/16]	Time  8.526 ( 8.526)	Loss_VinDrCXR_rad11 cls 4.1398e-02 (4.1398e-02)	Loss_VinDrCXR_rad11 mse 3.2160e-02 (3.2160e-02)
Epoch: [132] Train_Loss_cls: 3.2606e-02 Train_Loss_mse: 4.1274e-02
Epoch: [132][ 0/17]	Time  8.918 ( 8.918)	Loss_VinDrCXR_rad12 cls 1.9345e-02 (1.9345e-02)	Loss_VinDrCXR_rad12 mse 3.2696e-02 (3.2696e-02)
Epoch: [132] Train_Loss_cls: 3.2528e-02 Train_Loss_mse: 1.0109e-01
Epoch: [132][ 0/17]	Time  8.230 ( 8.230)	Loss_VinDrCXR_rad13 cls 1.3446e-02 (1.3446e-02)	Loss_VinDrCXR_rad13 mse 1.8008e-02 (1.8008e-02)
Epoch: [132] Train_Loss_cls: 3.5462e-02 Train_Loss_mse: 4.4913e-02
Epoch: [132][ 0/15]	Time  8.405 ( 8.405)	Loss_VinDrCXR_rad14 cls 4.4439e-02 (4.4439e-02)	Loss_VinDrCXR_rad14 mse 7.9420e-02 (7.9420e-02)
Epoch: [132] Train_Loss_cls: 3.8029e-02 Train_Loss_mse: 1.0116e-01
Epoch: [132][ 0/17]	Time  9.052 ( 9.052)	Loss_VinDrCXR_rad15 cls 4.0988e-02 (4.0988e-02)	Loss_VinDrCXR_rad15 mse 4.3396e-01 (4.3396e-01)
Epoch: [132] Train_Loss_cls: 3.7562e-02 Train_Loss_mse: 8.6809e-02
Epoch: [132][ 0/17]	Time  8.425 ( 8.425)	Loss_VinDrCXR_rad16 cls 2.0834e-02 (2.0834e-02)	Loss_VinDrCXR_rad16 mse 1.0462e-01 (1.0462e-01)
Epoch: [132] Train_Loss_cls: 2.3327e-02 Train_Loss_mse: 3.1265e-02
Epoch: [132][0/8]	Time  8.936 ( 8.936)	Loss_VinDrCXR_rad17 cls 3.2165e-02 (3.2165e-02)	Loss_VinDrCXR_rad17 mse 1.5377e-02 (1.5377e-02)
Epoch: [132] Train_Loss_cls: 2.5992e-02 Train_Loss_mse: 1.9874e-02
Val_VinDrCXR_rad1: [ 0/30]	Time  7.576 ( 7.576)	Loss 8.4210e-01 (8.4210e-01)
Epoch 0132: avg_val_loss 0.33279, saving model to ./Models/swin_base_Ark_Finetune_17Rad/Ark_PlusArk_Finetune_17Rad/Ark_Finetune_17Rad/Ark_PlusArk_Finetune_17Rad
Epoch: [133][ 0/20]	Time  8.352 ( 8.352)	Loss_VinDrCXR_rad1 cls 1.4120e-03 (1.4120e-03)	Loss_VinDrCXR_rad1 mse 6.8791e-03 (6.8791e-03)
Epoch: [133] Train_Loss_cls: 1.6423e-03 Train_Loss_mse: 6.3365e-03
Epoch: [133][ 0/32]	Time  8.592 ( 8.592)	Loss_VinDrCXR_rad2 cls 4.1326e-04 (4.1326e-04)	Loss_VinDrCXR_rad2 mse 4.2815e-03 (4.2815e-03)
Epoch: [133] Train_Loss_cls: 4.4455e-03 Train_Loss_mse: 5.9382e-03
Epoch: [133][ 0/23]	Time  9.769 ( 9.769)	Loss_VinDrCXR_rad3 cls 5.6359e-04 (5.6359e-04)	Loss_VinDrCXR_rad3 mse 5.7720e-03 (5.7720e-03)
Epoch: [133] Train_Loss_cls: 2.3910e-03 Train_Loss_mse: 5.8784e-03
Epoch: [133][ 0/16]	Time  8.868 ( 8.868)	Loss_VinDrCXR_rad4 cls 2.5702e-04 (2.5702e-04)	Loss_VinDrCXR_rad4 mse 5.2488e-03 (5.2488e-03)
Epoch: [133] Train_Loss_cls: 2.2863e-03 Train_Loss_mse: 5.4739e-03
Epoch: [133][ 0/28]	Time  8.797 ( 8.797)	Loss_VinDrCXR_rad5 cls 5.8650e-04 (5.8650e-04)	Loss_VinDrCXR_rad5 mse 7.8217e-03 (7.8217e-03)
Epoch: [133] Train_Loss_cls: 3.6706e-03 Train_Loss_mse: 8.6117e-03
Epoch: [133][ 0/21]	Time  9.183 ( 9.183)	Loss_VinDrCXR_rad6 cls 5.9852e-04 (5.9852e-04)	Loss_VinDrCXR_rad6 mse 7.8745e-03 (7.8745e-03)
Epoch: [133] Train_Loss_cls: 7.9323e-04 Train_Loss_mse: 5.7478e-03
Epoch: [133][ 0/18]	Time  9.216 ( 9.216)	Loss_VinDrCXR_rad7 cls 2.2067e-04 (2.2067e-04)	Loss_VinDrCXR_rad7 mse 5.4623e-03 (5.4623e-03)
Epoch: [133] Train_Loss_cls: 1.8691e-03 Train_Loss_mse: 6.0928e-03
Epoch: [133][ 0/66]	Time  8.724 ( 8.724)	Loss_VinDrCXR_rad8 cls 3.5117e-01 (3.5117e-01)	Loss_VinDrCXR_rad8 mse 3.3013e-01 (3.3013e-01)
Epoch: [133][50/66]	Time  0.977 ( 1.131)	Loss_VinDrCXR_rad8 cls 1.0957e-01 (1.2525e-01)	Loss_VinDrCXR_rad8 mse 8.1272e-01 (4.0561e-01)
Epoch: [133] Train_Loss_cls: 1.2531e-01 Train_Loss_mse: 4.4104e-01
Epoch: [133][ 0/62]	Time  9.218 ( 9.218)	Loss_VinDrCXR_rad9 cls 1.3558e-01 (1.3558e-01)	Loss_VinDrCXR_rad9 mse 3.4536e-01 (3.4536e-01)
Epoch: [133][50/62]	Time  0.975 ( 1.176)	Loss_VinDrCXR_rad9 cls 2.2843e-01 (1.7197e-01)	Loss_VinDrCXR_rad9 mse 3.6741e-01 (4.2939e-01)
Epoch: [133] Train_Loss_cls: 1.6857e-01 Train_Loss_mse: 4.3425e-01
Epoch: [133][ 0/65]	Time  9.099 ( 9.099)	Loss_VinDrCXR_rad10 cls 1.3505e-01 (1.3505e-01)	Loss_VinDrCXR_rad10 mse 6.0835e-01 (6.0835e-01)
Epoch: [133][50/65]	Time  1.120 ( 1.152)	Loss_VinDrCXR_rad10 cls 1.4167e-01 (1.3127e-01)	Loss_VinDrCXR_rad10 mse 1.0742e-01 (3.8825e-01)
Epoch: [133] Train_Loss_cls: 1.3003e-01 Train_Loss_mse: 4.0653e-01
Epoch: [133][ 0/16]	Time  8.703 ( 8.703)	Loss_VinDrCXR_rad11 cls 8.6198e-02 (8.6198e-02)	Loss_VinDrCXR_rad11 mse 2.2875e-02 (2.2875e-02)
Epoch: [133] Train_Loss_cls: 3.6242e-02 Train_Loss_mse: 6.1846e-02
Epoch: [133][ 0/17]	Time  9.029 ( 9.029)	Loss_VinDrCXR_rad12 cls 4.1353e-02 (4.1353e-02)	Loss_VinDrCXR_rad12 mse 3.8338e-02 (3.8338e-02)
Epoch: [133] Train_Loss_cls: 2.7353e-02 Train_Loss_mse: 6.9383e-02
Epoch: [133][ 0/17]	Time  9.391 ( 9.391)	Loss_VinDrCXR_rad13 cls 3.9277e-02 (3.9277e-02)	Loss_VinDrCXR_rad13 mse 2.3304e-02 (2.3304e-02)
Epoch: [133] Train_Loss_cls: 3.1652e-02 Train_Loss_mse: 5.8511e-02
Epoch: [133][ 0/15]	Time  9.118 ( 9.118)	Loss_VinDrCXR_rad14 cls 4.4811e-02 (4.4811e-02)	Loss_VinDrCXR_rad14 mse 4.7428e-02 (4.7428e-02)
Epoch: [133] Train_Loss_cls: 3.8338e-02 Train_Loss_mse: 1.6526e-01
Epoch: [133][ 0/17]	Time  8.557 ( 8.557)	Loss_VinDrCXR_rad15 cls 6.4790e-02 (6.4790e-02)	Loss_VinDrCXR_rad15 mse 2.8441e-02 (2.8441e-02)
Epoch: [133] Train_Loss_cls: 3.3439e-02 Train_Loss_mse: 3.9154e-02
Epoch: [133][ 0/17]	Time  9.265 ( 9.265)	Loss_VinDrCXR_rad16 cls 3.4951e-02 (3.4951e-02)	Loss_VinDrCXR_rad16 mse 2.2693e-02 (2.2693e-02)
Epoch: [133] Train_Loss_cls: 2.3209e-02 Train_Loss_mse: 2.4642e-02
Epoch: [133][0/8]	Time  9.208 ( 9.208)	Loss_VinDrCXR_rad17 cls 1.0272e-02 (1.0272e-02)	Loss_VinDrCXR_rad17 mse 8.7324e-03 (8.7324e-03)
Epoch: [133] Train_Loss_cls: 1.9705e-02 Train_Loss_mse: 1.3541e-02
Val_VinDrCXR_rad1: [ 0/30]	Time  7.593 ( 7.593)	Loss 7.9779e-01 (7.9779e-01)
Epoch 0133: avg_val_loss 0.31511, saving model to ./Models/swin_base_Ark_Finetune_17Rad/Ark_PlusArk_Finetune_17Rad/Ark_Finetune_17Rad/Ark_PlusArk_Finetune_17Rad
Epoch: [134][ 0/20]	Time  8.544 ( 8.544)	Loss_VinDrCXR_rad1 cls 1.5010e-03 (1.5010e-03)	Loss_VinDrCXR_rad1 mse 5.6002e-03 (5.6002e-03)
Epoch: [134] Train_Loss_cls: 1.6791e-03 Train_Loss_mse: 6.5373e-03
Epoch: [134][ 0/32]	Time  8.869 ( 8.869)	Loss_VinDrCXR_rad2 cls 8.5587e-04 (8.5587e-04)	Loss_VinDrCXR_rad2 mse 9.4506e-03 (9.4506e-03)
Epoch: [134] Train_Loss_cls: 3.9442e-03 Train_Loss_mse: 7.1642e-03
Epoch: [134][ 0/23]	Time  8.581 ( 8.581)	Loss_VinDrCXR_rad3 cls 3.7960e-04 (3.7960e-04)	Loss_VinDrCXR_rad3 mse 5.1092e-03 (5.1092e-03)
Epoch: [134] Train_Loss_cls: 2.1415e-03 Train_Loss_mse: 5.8622e-03
Epoch: [134][ 0/16]	Time  8.459 ( 8.459)	Loss_VinDrCXR_rad4 cls 1.1076e-03 (1.1076e-03)	Loss_VinDrCXR_rad4 mse 4.5030e-03 (4.5030e-03)
Epoch: [134] Train_Loss_cls: 2.1542e-03 Train_Loss_mse: 5.1713e-03
Epoch: [134][ 0/28]	Time  8.715 ( 8.715)	Loss_VinDrCXR_rad5 cls 3.0959e-04 (3.0959e-04)	Loss_VinDrCXR_rad5 mse 5.9162e-03 (5.9162e-03)
Epoch: [134] Train_Loss_cls: 3.8129e-03 Train_Loss_mse: 5.4100e-03
Epoch: [134][ 0/21]	Time 10.670 (10.670)	Loss_VinDrCXR_rad6 cls 3.9890e-04 (3.9890e-04)	Loss_VinDrCXR_rad6 mse 5.2157e-03 (5.2157e-03)
Epoch: [134] Train_Loss_cls: 3.7295e-04 Train_Loss_mse: 1.8361e-02
Epoch: [134][ 0/18]	Time  9.046 ( 9.046)	Loss_VinDrCXR_rad7 cls 2.0663e-04 (2.0663e-04)	Loss_VinDrCXR_rad7 mse 6.0577e-03 (6.0577e-03)
Epoch: [134] Train_Loss_cls: 2.4393e-03 Train_Loss_mse: 3.1653e-02
Epoch: [134][ 0/66]	Time  8.674 ( 8.674)	Loss_VinDrCXR_rad8 cls 3.3916e-01 (3.3916e-01)	Loss_VinDrCXR_rad8 mse 8.5013e-01 (8.5013e-01)
Epoch: [134][50/66]	Time  0.985 ( 1.158)	Loss_VinDrCXR_rad8 cls 1.1360e-01 (1.2205e-01)	Loss_VinDrCXR_rad8 mse 2.1956e-01 (4.1431e-01)
Epoch: [134] Train_Loss_cls: 1.1991e-01 Train_Loss_mse: 3.8682e-01
Epoch: [134][ 0/62]	Time  9.413 ( 9.413)	Loss_VinDrCXR_rad9 cls 1.4053e-01 (1.4053e-01)	Loss_VinDrCXR_rad9 mse 4.7613e-01 (4.7613e-01)
Epoch: [134][50/62]	Time  0.980 ( 1.153)	Loss_VinDrCXR_rad9 cls 1.9657e-01 (1.6239e-01)	Loss_VinDrCXR_rad9 mse 3.1929e-01 (3.5788e-01)
Epoch: [134] Train_Loss_cls: 1.6832e-01 Train_Loss_mse: 3.6675e-01
Epoch: [134][ 0/65]	Time  9.227 ( 9.227)	Loss_VinDrCXR_rad10 cls 1.7381e-01 (1.7381e-01)	Loss_VinDrCXR_rad10 mse 4.0235e-01 (4.0235e-01)
Epoch: [134][50/65]	Time  0.975 ( 1.155)	Loss_VinDrCXR_rad10 cls 1.3892e-01 (1.4088e-01)	Loss_VinDrCXR_rad10 mse 1.2038e-01 (5.1146e-01)
Epoch: [134] Train_Loss_cls: 1.3643e-01 Train_Loss_mse: 4.7829e-01
Epoch: [134][ 0/16]	Time  9.363 ( 9.363)	Loss_VinDrCXR_rad11 cls 8.7920e-02 (8.7920e-02)	Loss_VinDrCXR_rad11 mse 2.5798e-02 (2.5798e-02)
Epoch: [134] Train_Loss_cls: 3.6921e-02 Train_Loss_mse: 3.9798e-02
Epoch: [134][ 0/17]	Time  8.985 ( 8.985)	Loss_VinDrCXR_rad12 cls 4.9877e-02 (4.9877e-02)	Loss_VinDrCXR_rad12 mse 4.4912e-01 (4.4912e-01)
Epoch: [134] Train_Loss_cls: 3.1956e-02 Train_Loss_mse: 7.2053e-02
Epoch: [134][ 0/17]	Time  9.171 ( 9.171)	Loss_VinDrCXR_rad13 cls 1.3585e-02 (1.3585e-02)	Loss_VinDrCXR_rad13 mse 1.7281e-02 (1.7281e-02)
Epoch: [134] Train_Loss_cls: 3.2639e-02 Train_Loss_mse: 8.7957e-02
Epoch: [134][ 0/15]	Time  9.313 ( 9.313)	Loss_VinDrCXR_rad14 cls 2.2145e-02 (2.2145e-02)	Loss_VinDrCXR_rad14 mse 1.1553e-01 (1.1553e-01)
Epoch: [134] Train_Loss_cls: 4.2553e-02 Train_Loss_mse: 6.1620e-02
Epoch: [134][ 0/17]	Time  8.866 ( 8.866)	Loss_VinDrCXR_rad15 cls 2.5633e-02 (2.5633e-02)	Loss_VinDrCXR_rad15 mse 2.1205e-02 (2.1205e-02)
Epoch: [134] Train_Loss_cls: 3.7325e-02 Train_Loss_mse: 4.7470e-02
Epoch: [134][ 0/17]	Time  8.580 ( 8.580)	Loss_VinDrCXR_rad16 cls 1.3277e-02 (1.3277e-02)	Loss_VinDrCXR_rad16 mse 1.0448e-02 (1.0448e-02)
Epoch: [134] Train_Loss_cls: 2.9362e-02 Train_Loss_mse: 6.9547e-02
Epoch: [134][0/8]	Time  8.624 ( 8.624)	Loss_VinDrCXR_rad17 cls 1.9027e-02 (1.9027e-02)	Loss_VinDrCXR_rad17 mse 1.9302e-02 (1.9302e-02)
Epoch: [134] Train_Loss_cls: 3.0899e-02 Train_Loss_mse: 2.0543e-02
Val_VinDrCXR_rad1: [ 0/30]	Time  7.541 ( 7.541)	Loss 7.7551e-01 (7.7551e-01)
Epoch 0134: avg_val_loss 0.30290, saving model to ./Models/swin_base_Ark_Finetune_17Rad/Ark_PlusArk_Finetune_17Rad/Ark_Finetune_17Rad/Ark_PlusArk_Finetune_17Rad
Epoch: [135][ 0/20]	Time  8.983 ( 8.983)	Loss_VinDrCXR_rad1 cls 3.6743e-03 (3.6743e-03)	Loss_VinDrCXR_rad1 mse 6.3097e-03 (6.3097e-03)
Epoch: [135] Train_Loss_cls: 2.3039e-03 Train_Loss_mse: 6.7844e-03
Epoch: [135][ 0/32]	Time  8.938 ( 8.938)	Loss_VinDrCXR_rad2 cls 1.1309e-02 (1.1309e-02)	Loss_VinDrCXR_rad2 mse 7.8537e-03 (7.8537e-03)
Epoch: [135] Train_Loss_cls: 4.7434e-03 Train_Loss_mse: 7.0527e-03
Epoch: [135][ 0/23]	Time  8.739 ( 8.739)	Loss_VinDrCXR_rad3 cls 7.8554e-04 (7.8554e-04)	Loss_VinDrCXR_rad3 mse 6.5436e-03 (6.5436e-03)
Epoch: [135] Train_Loss_cls: 1.6666e-03 Train_Loss_mse: 7.5110e-03
Epoch: [135][ 0/16]	Time  8.336 ( 8.336)	Loss_VinDrCXR_rad4 cls 2.7706e-04 (2.7706e-04)	Loss_VinDrCXR_rad4 mse 3.7346e-03 (3.7346e-03)
Epoch: [135] Train_Loss_cls: 2.1792e-03 Train_Loss_mse: 4.7609e-03
Epoch: [135][ 0/28]	Time  8.693 ( 8.693)	Loss_VinDrCXR_rad5 cls 4.0413e-04 (4.0413e-04)	Loss_VinDrCXR_rad5 mse 6.0662e-03 (6.0662e-03)
Epoch: [135] Train_Loss_cls: 2.8048e-03 Train_Loss_mse: 2.0779e-02
Epoch: [135][ 0/21]	Time  8.826 ( 8.826)	Loss_VinDrCXR_rad6 cls 3.5576e-03 (3.5576e-03)	Loss_VinDrCXR_rad6 mse 1.1666e-02 (1.1666e-02)
Epoch: [135] Train_Loss_cls: 6.3548e-04 Train_Loss_mse: 6.6691e-03
Epoch: [135][ 0/18]	Time  8.466 ( 8.466)	Loss_VinDrCXR_rad7 cls 2.8222e-04 (2.8222e-04)	Loss_VinDrCXR_rad7 mse 6.4986e-03 (6.4986e-03)
Epoch: [135] Train_Loss_cls: 2.4261e-03 Train_Loss_mse: 3.2280e-02
Epoch: [135][ 0/66]	Time  9.042 ( 9.042)	Loss_VinDrCXR_rad8 cls 4.0415e-01 (4.0415e-01)	Loss_VinDrCXR_rad8 mse 7.5938e-01 (7.5938e-01)
Epoch: [135][50/66]	Time  0.990 ( 1.150)	Loss_VinDrCXR_rad8 cls 1.1844e-01 (1.2525e-01)	Loss_VinDrCXR_rad8 mse 5.2317e-01 (4.3295e-01)
Epoch: [135] Train_Loss_cls: 1.2296e-01 Train_Loss_mse: 4.2267e-01
Epoch: [135][ 0/62]	Time  8.613 ( 8.613)	Loss_VinDrCXR_rad9 cls 2.2857e-01 (2.2857e-01)	Loss_VinDrCXR_rad9 mse 1.7767e-01 (1.7767e-01)
Epoch: [135][50/62]	Time  0.976 ( 1.169)	Loss_VinDrCXR_rad9 cls 1.1779e-01 (1.6251e-01)	Loss_VinDrCXR_rad9 mse 6.8394e-01 (4.5681e-01)
Epoch: [135] Train_Loss_cls: 1.6154e-01 Train_Loss_mse: 4.1025e-01
Epoch: [135][ 0/65]	Time  9.084 ( 9.084)	Loss_VinDrCXR_rad10 cls 1.2253e-01 (1.2253e-01)	Loss_VinDrCXR_rad10 mse 1.2219e-01 (1.2219e-01)
Epoch: [135][50/65]	Time  0.977 ( 1.154)	Loss_VinDrCXR_rad10 cls 1.0911e-01 (1.2369e-01)	Loss_VinDrCXR_rad10 mse 3.0793e-01 (3.5914e-01)
Epoch: [135] Train_Loss_cls: 1.2426e-01 Train_Loss_mse: 3.5287e-01
Epoch: [135][ 0/16]	Time  9.155 ( 9.155)	Loss_VinDrCXR_rad11 cls 6.2894e-02 (6.2894e-02)	Loss_VinDrCXR_rad11 mse 6.6897e-02 (6.6897e-02)
Epoch: [135] Train_Loss_cls: 3.1126e-02 Train_Loss_mse: 8.2213e-02
Epoch: [135][ 0/17]	Time  8.991 ( 8.991)	Loss_VinDrCXR_rad12 cls 4.5698e-02 (4.5698e-02)	Loss_VinDrCXR_rad12 mse 4.3890e-02 (4.3890e-02)
Epoch: [135] Train_Loss_cls: 2.9938e-02 Train_Loss_mse: 2.6747e-02
Epoch: [135][ 0/17]	Time  8.798 ( 8.798)	Loss_VinDrCXR_rad13 cls 6.8555e-02 (6.8555e-02)	Loss_VinDrCXR_rad13 mse 2.4415e-02 (2.4415e-02)
Epoch: [135] Train_Loss_cls: 3.2433e-02 Train_Loss_mse: 3.6202e-02
Epoch: [135][ 0/15]	Time  8.858 ( 8.858)	Loss_VinDrCXR_rad14 cls 3.8721e-02 (3.8721e-02)	Loss_VinDrCXR_rad14 mse 3.3523e-01 (3.3523e-01)
Epoch: [135] Train_Loss_cls: 3.6637e-02 Train_Loss_mse: 7.8205e-02
Epoch: [135][ 0/17]	Time  8.874 ( 8.874)	Loss_VinDrCXR_rad15 cls 4.4394e-02 (4.4394e-02)	Loss_VinDrCXR_rad15 mse 1.7253e-02 (1.7253e-02)
Epoch: [135] Train_Loss_cls: 3.6125e-02 Train_Loss_mse: 2.6898e-02
Epoch: [135][ 0/17]	Time  8.687 ( 8.687)	Loss_VinDrCXR_rad16 cls 3.9562e-02 (3.9562e-02)	Loss_VinDrCXR_rad16 mse 4.8285e-01 (4.8285e-01)
Epoch: [135] Train_Loss_cls: 2.6570e-02 Train_Loss_mse: 8.3689e-02
Epoch: [135][0/8]	Time  8.230 ( 8.230)	Loss_VinDrCXR_rad17 cls 2.0299e-02 (2.0299e-02)	Loss_VinDrCXR_rad17 mse 1.4951e-02 (1.4951e-02)
Epoch: [135] Train_Loss_cls: 2.4022e-02 Train_Loss_mse: 1.5153e-02
Val_VinDrCXR_rad1: [ 0/30]	Time  7.729 ( 7.729)	Loss 7.9115e-01 (7.9115e-01)
Epoch 0135: avg_val_loss 0.30547, saving model to ./Models/swin_base_Ark_Finetune_17Rad/Ark_PlusArk_Finetune_17Rad/Ark_Finetune_17Rad/Ark_PlusArk_Finetune_17Rad
Epoch: [136][ 0/20]	Time  8.376 ( 8.376)	Loss_VinDrCXR_rad1 cls 7.2040e-03 (7.2040e-03)	Loss_VinDrCXR_rad1 mse 6.2155e-03 (6.2155e-03)
Epoch: [136] Train_Loss_cls: 1.5663e-03 Train_Loss_mse: 7.9574e-03
Epoch: [136][ 0/32]	Time  8.853 ( 8.853)	Loss_VinDrCXR_rad2 cls 4.4269e-04 (4.4269e-04)	Loss_VinDrCXR_rad2 mse 5.8339e-03 (5.8339e-03)
Epoch: [136] Train_Loss_cls: 4.1485e-03 Train_Loss_mse: 7.6083e-03
Epoch: [136][ 0/23]	Time  9.052 ( 9.052)	Loss_VinDrCXR_rad3 cls 1.7130e-03 (1.7130e-03)	Loss_VinDrCXR_rad3 mse 4.9361e-03 (4.9361e-03)
Epoch: [136] Train_Loss_cls: 1.6109e-03 Train_Loss_mse: 6.1254e-03
Epoch: [136][ 0/16]	Time  8.520 ( 8.520)	Loss_VinDrCXR_rad4 cls 2.6672e-04 (2.6672e-04)	Loss_VinDrCXR_rad4 mse 2.6549e-03 (2.6549e-03)
Epoch: [136] Train_Loss_cls: 2.3713e-03 Train_Loss_mse: 4.4751e-03
Epoch: [136][ 0/28]	Time  8.605 ( 8.605)	Loss_VinDrCXR_rad5 cls 2.7034e-04 (2.7034e-04)	Loss_VinDrCXR_rad5 mse 6.5731e-03 (6.5731e-03)
Epoch: [136] Train_Loss_cls: 3.1637e-03 Train_Loss_mse: 6.9594e-03
Epoch: [136][ 0/21]	Time  8.701 ( 8.701)	Loss_VinDrCXR_rad6 cls 4.6207e-04 (4.6207e-04)	Loss_VinDrCXR_rad6 mse 4.2774e-03 (4.2774e-03)
Epoch: [136] Train_Loss_cls: 5.7741e-04 Train_Loss_mse: 5.3867e-03
Epoch: [136][ 0/18]	Time  9.427 ( 9.427)	Loss_VinDrCXR_rad7 cls 2.9059e-04 (2.9059e-04)	Loss_VinDrCXR_rad7 mse 7.1335e-03 (7.1335e-03)
Epoch: [136] Train_Loss_cls: 2.0097e-03 Train_Loss_mse: 1.1269e-02
Epoch: [136][ 0/66]	Time  9.020 ( 9.020)	Loss_VinDrCXR_rad8 cls 4.0471e-01 (4.0471e-01)	Loss_VinDrCXR_rad8 mse 9.8280e-01 (9.8280e-01)
Epoch: [136][50/66]	Time  0.976 ( 1.160)	Loss_VinDrCXR_rad8 cls 1.0453e-01 (1.1924e-01)	Loss_VinDrCXR_rad8 mse 4.8838e-01 (3.5670e-01)
Epoch: [136] Train_Loss_cls: 1.2124e-01 Train_Loss_mse: 3.6876e-01
Epoch: [136][ 0/62]	Time  8.623 ( 8.623)	Loss_VinDrCXR_rad9 cls 1.9046e-01 (1.9046e-01)	Loss_VinDrCXR_rad9 mse 2.2479e-01 (2.2479e-01)
Epoch: [136][50/62]	Time  0.975 ( 1.196)	Loss_VinDrCXR_rad9 cls 1.7106e-01 (1.8175e-01)	Loss_VinDrCXR_rad9 mse 3.6394e-01 (4.3479e-01)
Epoch: [136] Train_Loss_cls: 1.7940e-01 Train_Loss_mse: 4.4325e-01
Epoch: [136][ 0/65]	Time  8.602 ( 8.602)	Loss_VinDrCXR_rad10 cls 1.4335e-01 (1.4335e-01)	Loss_VinDrCXR_rad10 mse 2.4287e-01 (2.4287e-01)
Epoch: [136][50/65]	Time  0.978 ( 1.151)	Loss_VinDrCXR_rad10 cls 9.8755e-02 (1.2702e-01)	Loss_VinDrCXR_rad10 mse 3.7534e-01 (4.2483e-01)
Epoch: [136] Train_Loss_cls: 1.2707e-01 Train_Loss_mse: 4.1159e-01
Epoch: [136][ 0/16]	Time  8.760 ( 8.760)	Loss_VinDrCXR_rad11 cls 7.2484e-02 (7.2484e-02)	Loss_VinDrCXR_rad11 mse 1.3277e-01 (1.3277e-01)
Epoch: [136] Train_Loss_cls: 3.1736e-02 Train_Loss_mse: 6.8244e-02
Epoch: [136][ 0/17]	Time  8.488 ( 8.488)	Loss_VinDrCXR_rad12 cls 2.3815e-02 (2.3815e-02)	Loss_VinDrCXR_rad12 mse 2.9087e-02 (2.9087e-02)
Epoch: [136] Train_Loss_cls: 2.9434e-02 Train_Loss_mse: 5.2519e-02
Epoch: [136][ 0/17]	Time  8.759 ( 8.759)	Loss_VinDrCXR_rad13 cls 3.6200e-02 (3.6200e-02)	Loss_VinDrCXR_rad13 mse 4.8222e-02 (4.8222e-02)
Epoch: [136] Train_Loss_cls: 3.0859e-02 Train_Loss_mse: 1.0913e-01
Epoch: [136][ 0/15]	Time  8.770 ( 8.770)	Loss_VinDrCXR_rad14 cls 3.3523e-02 (3.3523e-02)	Loss_VinDrCXR_rad14 mse 2.0950e-02 (2.0950e-02)
Epoch: [136] Train_Loss_cls: 3.6547e-02 Train_Loss_mse: 2.4506e-02
Epoch: [136][ 0/17]	Time  8.382 ( 8.382)	Loss_VinDrCXR_rad15 cls 4.1074e-02 (4.1074e-02)	Loss_VinDrCXR_rad15 mse 1.0200e-01 (1.0200e-01)
Epoch: [136] Train_Loss_cls: 3.3467e-02 Train_Loss_mse: 9.0612e-02
Epoch: [136][ 0/17]	Time  9.300 ( 9.300)	Loss_VinDrCXR_rad16 cls 1.9356e-02 (1.9356e-02)	Loss_VinDrCXR_rad16 mse 3.7231e-02 (3.7231e-02)
Epoch: [136] Train_Loss_cls: 2.4425e-02 Train_Loss_mse: 9.1262e-02
Epoch: [136][0/8]	Time  8.381 ( 8.381)	Loss_VinDrCXR_rad17 cls 9.7788e-03 (9.7788e-03)	Loss_VinDrCXR_rad17 mse 6.8288e-03 (6.8288e-03)
Epoch: [136] Train_Loss_cls: 2.8158e-02 Train_Loss_mse: 2.0044e-02
Val_VinDrCXR_rad1: [ 0/30]	Time  7.454 ( 7.454)	Loss 7.3657e-01 (7.3657e-01)
Epoch 0136: avg_val_loss 0.29319, saving model to ./Models/swin_base_Ark_Finetune_17Rad/Ark_PlusArk_Finetune_17Rad/Ark_Finetune_17Rad/Ark_PlusArk_Finetune_17Rad
Epoch: [137][ 0/20]	Time  8.438 ( 8.438)	Loss_VinDrCXR_rad1 cls 7.1273e-03 (7.1273e-03)	Loss_VinDrCXR_rad1 mse 1.1788e-02 (1.1788e-02)
Epoch: [137] Train_Loss_cls: 2.3041e-03 Train_Loss_mse: 7.3889e-03
Epoch: [137][ 0/32]	Time  8.787 ( 8.787)	Loss_VinDrCXR_rad2 cls 5.2302e-04 (5.2302e-04)	Loss_VinDrCXR_rad2 mse 5.7665e-03 (5.7665e-03)
Epoch: [137] Train_Loss_cls: 3.8237e-03 Train_Loss_mse: 7.2989e-03
Epoch: [137][ 0/23]	Time  8.518 ( 8.518)	Loss_VinDrCXR_rad3 cls 7.7119e-04 (7.7119e-04)	Loss_VinDrCXR_rad3 mse 5.9495e-03 (5.9495e-03)
Epoch: [137] Train_Loss_cls: 1.8191e-03 Train_Loss_mse: 8.4642e-03
Epoch: [137][ 0/16]	Time  9.252 ( 9.252)	Loss_VinDrCXR_rad4 cls 2.7334e-04 (2.7334e-04)	Loss_VinDrCXR_rad4 mse 4.2366e-03 (4.2366e-03)
Epoch: [137] Train_Loss_cls: 2.4658e-03 Train_Loss_mse: 5.1640e-03
Epoch: [137][ 0/28]	Time  8.634 ( 8.634)	Loss_VinDrCXR_rad5 cls 3.4027e-04 (3.4027e-04)	Loss_VinDrCXR_rad5 mse 5.7956e-03 (5.7956e-03)
Epoch: [137] Train_Loss_cls: 3.0665e-03 Train_Loss_mse: 1.2390e-02
Epoch: [137][ 0/21]	Time  9.112 ( 9.112)	Loss_VinDrCXR_rad6 cls 7.5347e-04 (7.5347e-04)	Loss_VinDrCXR_rad6 mse 6.8356e-03 (6.8356e-03)
Epoch: [137] Train_Loss_cls: 6.5163e-04 Train_Loss_mse: 6.1425e-03
Epoch: [137][ 0/18]	Time  8.772 ( 8.772)	Loss_VinDrCXR_rad7 cls 2.2221e-04 (2.2221e-04)	Loss_VinDrCXR_rad7 mse 6.1019e-03 (6.1019e-03)
Epoch: [137] Train_Loss_cls: 2.0660e-03 Train_Loss_mse: 1.3958e-02
Epoch: [137][ 0/66]	Time  9.205 ( 9.205)	Loss_VinDrCXR_rad8 cls 4.1914e-01 (4.1914e-01)	Loss_VinDrCXR_rad8 mse 8.8279e-01 (8.8279e-01)
Epoch: [137][50/66]	Time  0.977 ( 1.141)	Loss_VinDrCXR_rad8 cls 1.3632e-01 (1.2168e-01)	Loss_VinDrCXR_rad8 mse 7.4980e-01 (3.6900e-01)
Epoch: [137] Train_Loss_cls: 1.1951e-01 Train_Loss_mse: 3.4993e-01
Epoch: [137][ 0/62]	Time  8.672 ( 8.672)	Loss_VinDrCXR_rad9 cls 1.9666e-01 (1.9666e-01)	Loss_VinDrCXR_rad9 mse 9.1187e-02 (9.1187e-02)
Epoch: [137][50/62]	Time  0.976 ( 1.162)	Loss_VinDrCXR_rad9 cls 1.2855e-01 (1.6462e-01)	Loss_VinDrCXR_rad9 mse 2.0072e-01 (3.8143e-01)
Epoch: [137] Train_Loss_cls: 1.6441e-01 Train_Loss_mse: 3.7796e-01
Epoch: [137][ 0/65]	Time  9.016 ( 9.016)	Loss_VinDrCXR_rad10 cls 1.4735e-01 (1.4735e-01)	Loss_VinDrCXR_rad10 mse 1.1319e-01 (1.1319e-01)
Epoch: [137][50/65]	Time  0.978 ( 1.136)	Loss_VinDrCXR_rad10 cls 1.0500e-01 (1.3016e-01)	Loss_VinDrCXR_rad10 mse 2.1203e-01 (4.8974e-01)
Epoch: [137] Train_Loss_cls: 1.2989e-01 Train_Loss_mse: 4.7761e-01
Epoch: [137][ 0/16]	Time  8.916 ( 8.916)	Loss_VinDrCXR_rad11 cls 7.6036e-02 (7.6036e-02)	Loss_VinDrCXR_rad11 mse 4.9221e-01 (4.9221e-01)
Epoch: [137] Train_Loss_cls: 3.1467e-02 Train_Loss_mse: 5.9390e-02
Epoch: [137][ 0/17]	Time  8.828 ( 8.828)	Loss_VinDrCXR_rad12 cls 2.7842e-02 (2.7842e-02)	Loss_VinDrCXR_rad12 mse 9.5843e-03 (9.5843e-03)
Epoch: [137] Train_Loss_cls: 2.7391e-02 Train_Loss_mse: 4.0472e-02
Epoch: [137][ 0/17]	Time  8.644 ( 8.644)	Loss_VinDrCXR_rad13 cls 4.9443e-02 (4.9443e-02)	Loss_VinDrCXR_rad13 mse 3.0965e-02 (3.0965e-02)
Epoch: [137] Train_Loss_cls: 3.6651e-02 Train_Loss_mse: 4.6375e-02
Epoch: [137][ 0/15]	Time  8.608 ( 8.608)	Loss_VinDrCXR_rad14 cls 1.6723e-02 (1.6723e-02)	Loss_VinDrCXR_rad14 mse 1.7313e-02 (1.7313e-02)
Epoch: [137] Train_Loss_cls: 4.0376e-02 Train_Loss_mse: 9.0643e-02
Epoch: [137][ 0/17]	Time  9.604 ( 9.604)	Loss_VinDrCXR_rad15 cls 3.5751e-02 (3.5751e-02)	Loss_VinDrCXR_rad15 mse 4.1592e-02 (4.1592e-02)
Epoch: [137] Train_Loss_cls: 3.4573e-02 Train_Loss_mse: 4.2548e-02
Epoch: [137][ 0/17]	Time  8.959 ( 8.959)	Loss_VinDrCXR_rad16 cls 3.3324e-02 (3.3324e-02)	Loss_VinDrCXR_rad16 mse 3.3839e-02 (3.3839e-02)
Epoch: [137] Train_Loss_cls: 2.1521e-02 Train_Loss_mse: 2.5819e-02
Epoch: [137][0/8]	Time  9.160 ( 9.160)	Loss_VinDrCXR_rad17 cls 3.7205e-02 (3.7205e-02)	Loss_VinDrCXR_rad17 mse 2.9986e-02 (2.9986e-02)
Epoch: [137] Train_Loss_cls: 2.5479e-02 Train_Loss_mse: 1.4887e-02
Val_VinDrCXR_rad1: [ 0/30]	Time  7.552 ( 7.552)	Loss 8.3161e-01 (8.3161e-01)
Epoch 0137: avg_val_loss 0.32022, saving model to ./Models/swin_base_Ark_Finetune_17Rad/Ark_PlusArk_Finetune_17Rad/Ark_Finetune_17Rad/Ark_PlusArk_Finetune_17Rad
Epoch: [138][ 0/20]	Time  9.126 ( 9.126)	Loss_VinDrCXR_rad1 cls 4.8147e-03 (4.8147e-03)	Loss_VinDrCXR_rad1 mse 5.2933e-03 (5.2933e-03)
Epoch: [138] Train_Loss_cls: 2.3216e-03 Train_Loss_mse: 7.3128e-03
Epoch: [138][ 0/32]	Time  9.561 ( 9.561)	Loss_VinDrCXR_rad2 cls 1.2757e-02 (1.2757e-02)	Loss_VinDrCXR_rad2 mse 8.2682e-03 (8.2682e-03)
Epoch: [138] Train_Loss_cls: 3.9710e-03 Train_Loss_mse: 6.5253e-03
Epoch: [138][ 0/23]	Time  8.902 ( 8.902)	Loss_VinDrCXR_rad3 cls 8.9527e-04 (8.9527e-04)	Loss_VinDrCXR_rad3 mse 6.8868e-03 (6.8868e-03)
Epoch: [138] Train_Loss_cls: 1.6445e-03 Train_Loss_mse: 2.4302e-02
Epoch: [138][ 0/16]	Time  8.173 ( 8.173)	Loss_VinDrCXR_rad4 cls 2.7246e-04 (2.7246e-04)	Loss_VinDrCXR_rad4 mse 3.8550e-03 (3.8550e-03)
Epoch: [138] Train_Loss_cls: 2.1698e-03 Train_Loss_mse: 5.2736e-03
Epoch: [138][ 0/28]	Time  8.318 ( 8.318)	Loss_VinDrCXR_rad5 cls 2.4580e-04 (2.4580e-04)	Loss_VinDrCXR_rad5 mse 5.4949e-03 (5.4949e-03)
Epoch: [138] Train_Loss_cls: 2.9543e-03 Train_Loss_mse: 5.5277e-03
Epoch: [138][ 0/21]	Time  9.737 ( 9.737)	Loss_VinDrCXR_rad6 cls 4.5937e-04 (4.5937e-04)	Loss_VinDrCXR_rad6 mse 5.7940e-03 (5.7940e-03)
Epoch: [138] Train_Loss_cls: 5.3743e-04 Train_Loss_mse: 4.0656e-02
Epoch: [138][ 0/18]	Time  9.102 ( 9.102)	Loss_VinDrCXR_rad7 cls 2.3305e-04 (2.3305e-04)	Loss_VinDrCXR_rad7 mse 5.4564e-03 (5.4564e-03)
Epoch: [138] Train_Loss_cls: 2.0396e-03 Train_Loss_mse: 1.6350e-02
Epoch: [138][ 0/66]	Time  8.499 ( 8.499)	Loss_VinDrCXR_rad8 cls 4.3207e-01 (4.3207e-01)	Loss_VinDrCXR_rad8 mse 6.7492e-01 (6.7492e-01)
Epoch: [138][50/66]	Time  0.978 ( 1.147)	Loss_VinDrCXR_rad8 cls 1.3956e-01 (1.2864e-01)	Loss_VinDrCXR_rad8 mse 6.7076e-01 (3.6985e-01)
Epoch: [138] Train_Loss_cls: 1.2702e-01 Train_Loss_mse: 3.5946e-01
Epoch: [138][ 0/62]	Time  8.813 ( 8.813)	Loss_VinDrCXR_rad9 cls 2.0843e-01 (2.0843e-01)	Loss_VinDrCXR_rad9 mse 9.1804e-01 (9.1804e-01)
Epoch: [138][50/62]	Time  0.978 ( 1.150)	Loss_VinDrCXR_rad9 cls 1.5963e-01 (1.6651e-01)	Loss_VinDrCXR_rad9 mse 5.8318e-01 (4.1792e-01)
Epoch: [138] Train_Loss_cls: 1.6920e-01 Train_Loss_mse: 4.3196e-01
Epoch: [138][ 0/65]	Time  8.462 ( 8.462)	Loss_VinDrCXR_rad10 cls 1.4635e-01 (1.4635e-01)	Loss_VinDrCXR_rad10 mse 4.5075e-01 (4.5075e-01)
Epoch: [138][50/65]	Time  0.978 ( 1.193)	Loss_VinDrCXR_rad10 cls 1.1617e-01 (1.3364e-01)	Loss_VinDrCXR_rad10 mse 4.4834e-01 (4.3340e-01)
Epoch: [138] Train_Loss_cls: 1.3120e-01 Train_Loss_mse: 4.1009e-01
Epoch: [138][ 0/16]	Time  8.718 ( 8.718)	Loss_VinDrCXR_rad11 cls 3.9158e-02 (3.9158e-02)	Loss_VinDrCXR_rad11 mse 1.5026e-02 (1.5026e-02)
Epoch: [138] Train_Loss_cls: 3.0908e-02 Train_Loss_mse: 5.6644e-02
Epoch: [138][ 0/17]	Time  9.723 ( 9.723)	Loss_VinDrCXR_rad12 cls 1.4875e-02 (1.4875e-02)	Loss_VinDrCXR_rad12 mse 1.9116e-02 (1.9116e-02)
Epoch: [138] Train_Loss_cls: 2.6709e-02 Train_Loss_mse: 2.9687e-02
Epoch: [138][ 0/17]	Time  8.751 ( 8.751)	Loss_VinDrCXR_rad13 cls 2.0739e-02 (2.0739e-02)	Loss_VinDrCXR_rad13 mse 3.0498e-02 (3.0498e-02)
Epoch: [138] Train_Loss_cls: 3.0703e-02 Train_Loss_mse: 5.8431e-02
Epoch: [138][ 0/15]	Time  8.841 ( 8.841)	Loss_VinDrCXR_rad14 cls 2.0031e-02 (2.0031e-02)	Loss_VinDrCXR_rad14 mse 1.0767e-02 (1.0767e-02)
Epoch: [138] Train_Loss_cls: 3.7940e-02 Train_Loss_mse: 5.7525e-02
Epoch: [138][ 0/17]	Time  9.314 ( 9.314)	Loss_VinDrCXR_rad15 cls 2.5622e-02 (2.5622e-02)	Loss_VinDrCXR_rad15 mse 9.0400e-03 (9.0400e-03)
Epoch: [138] Train_Loss_cls: 3.5254e-02 Train_Loss_mse: 8.8902e-02
Epoch: [138][ 0/17]	Time  9.766 ( 9.766)	Loss_VinDrCXR_rad16 cls 2.8494e-02 (2.8494e-02)	Loss_VinDrCXR_rad16 mse 3.3717e-02 (3.3717e-02)
Epoch: [138] Train_Loss_cls: 2.3224e-02 Train_Loss_mse: 5.1195e-02
Epoch: [138][0/8]	Time  8.466 ( 8.466)	Loss_VinDrCXR_rad17 cls 3.9490e-02 (3.9490e-02)	Loss_VinDrCXR_rad17 mse 1.1536e-02 (1.1536e-02)
Epoch: [138] Train_Loss_cls: 2.7394e-02 Train_Loss_mse: 1.4481e-02
Val_VinDrCXR_rad1: [ 0/30]	Time  7.357 ( 7.357)	Loss 8.4858e-01 (8.4858e-01)
Epoch 0138: avg_val_loss 0.32870, saving model to ./Models/swin_base_Ark_Finetune_17Rad/Ark_PlusArk_Finetune_17Rad/Ark_Finetune_17Rad/Ark_PlusArk_Finetune_17Rad
Epoch: [139][ 0/20]	Time  9.272 ( 9.272)	Loss_VinDrCXR_rad1 cls 1.6998e-03 (1.6998e-03)	Loss_VinDrCXR_rad1 mse 7.9019e-03 (7.9019e-03)
Epoch: [139] Train_Loss_cls: 1.7363e-03 Train_Loss_mse: 7.3064e-03
Epoch: [139][ 0/32]	Time  8.739 ( 8.739)	Loss_VinDrCXR_rad2 cls 4.7799e-04 (4.7799e-04)	Loss_VinDrCXR_rad2 mse 8.9770e-03 (8.9770e-03)
Epoch: [139] Train_Loss_cls: 4.5588e-03 Train_Loss_mse: 7.5569e-03
Epoch: [139][ 0/23]	Time 10.900 (10.900)	Loss_VinDrCXR_rad3 cls 4.7120e-04 (4.7120e-04)	Loss_VinDrCXR_rad3 mse 4.7335e-03 (4.7335e-03)
Epoch: [139] Train_Loss_cls: 2.6013e-03 Train_Loss_mse: 5.3939e-03
Epoch: [139][ 0/16]	Time  8.672 ( 8.672)	Loss_VinDrCXR_rad4 cls 4.1472e-04 (4.1472e-04)	Loss_VinDrCXR_rad4 mse 5.6598e-03 (5.6598e-03)
Epoch: [139] Train_Loss_cls: 2.2101e-03 Train_Loss_mse: 5.0823e-03
Epoch: [139][ 0/28]	Time  8.256 ( 8.256)	Loss_VinDrCXR_rad5 cls 6.8345e-04 (6.8345e-04)	Loss_VinDrCXR_rad5 mse 4.2971e-03 (4.2971e-03)
Epoch: [139] Train_Loss_cls: 4.0240e-03 Train_Loss_mse: 5.0881e-03
Epoch: [139][ 0/21]	Time  8.771 ( 8.771)	Loss_VinDrCXR_rad6 cls 9.3451e-04 (9.3451e-04)	Loss_VinDrCXR_rad6 mse 5.0677e-03 (5.0677e-03)
Epoch: [139] Train_Loss_cls: 7.1379e-04 Train_Loss_mse: 6.0198e-03
Epoch: [139][ 0/18]	Time  8.581 ( 8.581)	Loss_VinDrCXR_rad7 cls 2.2104e-04 (2.2104e-04)	Loss_VinDrCXR_rad7 mse 4.2875e-03 (4.2875e-03)
Epoch: [139] Train_Loss_cls: 2.0561e-03 Train_Loss_mse: 6.4285e-03
Epoch: [139][ 0/66]	Time  9.133 ( 9.133)	Loss_VinDrCXR_rad8 cls 4.8683e-01 (4.8683e-01)	Loss_VinDrCXR_rad8 mse 1.8097e-01 (1.8097e-01)
Epoch: [139][50/66]	Time  0.976 ( 1.173)	Loss_VinDrCXR_rad8 cls 1.3465e-01 (1.3308e-01)	Loss_VinDrCXR_rad8 mse 8.3968e-01 (4.5119e-01)
Epoch: [139] Train_Loss_cls: 1.2877e-01 Train_Loss_mse: 4.2944e-01
Epoch: [139][ 0/62]	Time  9.385 ( 9.385)	Loss_VinDrCXR_rad9 cls 1.9854e-01 (1.9854e-01)	Loss_VinDrCXR_rad9 mse 3.8289e-01 (3.8289e-01)
Epoch: [139][50/62]	Time  0.977 ( 1.173)	Loss_VinDrCXR_rad9 cls 1.9338e-01 (1.7028e-01)	Loss_VinDrCXR_rad9 mse 2.8451e-01 (5.0667e-01)
Epoch: [139] Train_Loss_cls: 1.7039e-01 Train_Loss_mse: 4.6993e-01
Epoch: [139][ 0/65]	Time  8.610 ( 8.610)	Loss_VinDrCXR_rad10 cls 1.5100e-01 (1.5100e-01)	Loss_VinDrCXR_rad10 mse 2.2371e-01 (2.2371e-01)
Epoch: [139][50/65]	Time  0.975 ( 1.173)	Loss_VinDrCXR_rad10 cls 9.9613e-02 (1.3590e-01)	Loss_VinDrCXR_rad10 mse 2.5351e-01 (4.0634e-01)
Epoch: [139] Train_Loss_cls: 1.3848e-01 Train_Loss_mse: 4.6096e-01
Epoch: [139][ 0/16]	Time  8.389 ( 8.389)	Loss_VinDrCXR_rad11 cls 7.3670e-02 (7.3670e-02)	Loss_VinDrCXR_rad11 mse 2.7991e-02 (2.7991e-02)
Epoch: [139] Train_Loss_cls: 4.2806e-02 Train_Loss_mse: 7.4972e-02
Epoch: [139][ 0/17]	Time  8.880 ( 8.880)	Loss_VinDrCXR_rad12 cls 4.1132e-02 (4.1132e-02)	Loss_VinDrCXR_rad12 mse 6.6916e-02 (6.6916e-02)
Epoch: [139] Train_Loss_cls: 2.9764e-02 Train_Loss_mse: 4.3379e-02
Epoch: [139][ 0/17]	Time  8.879 ( 8.879)	Loss_VinDrCXR_rad13 cls 7.2905e-02 (7.2905e-02)	Loss_VinDrCXR_rad13 mse 4.1299e-01 (4.1299e-01)
Epoch: [139] Train_Loss_cls: 3.5636e-02 Train_Loss_mse: 6.5411e-02
Epoch: [139][ 0/15]	Time  8.792 ( 8.792)	Loss_VinDrCXR_rad14 cls 6.0837e-02 (6.0837e-02)	Loss_VinDrCXR_rad14 mse 3.5577e-02 (3.5577e-02)
Epoch: [139] Train_Loss_cls: 4.4008e-02 Train_Loss_mse: 5.9278e-02
Epoch: [139][ 0/17]	Time  9.642 ( 9.642)	Loss_VinDrCXR_rad15 cls 4.5177e-02 (4.5177e-02)	Loss_VinDrCXR_rad15 mse 6.0715e-02 (6.0715e-02)
Epoch: [139] Train_Loss_cls: 3.3571e-02 Train_Loss_mse: 9.1002e-02
Epoch: [139][ 0/17]	Time  8.452 ( 8.452)	Loss_VinDrCXR_rad16 cls 1.9497e-02 (1.9497e-02)	Loss_VinDrCXR_rad16 mse 2.1379e-02 (2.1379e-02)
Epoch: [139] Train_Loss_cls: 2.4524e-02 Train_Loss_mse: 8.1414e-02
Epoch: [139][0/8]	Time  8.869 ( 8.869)	Loss_VinDrCXR_rad17 cls 3.6050e-03 (3.6050e-03)	Loss_VinDrCXR_rad17 mse 1.2177e-02 (1.2177e-02)
Epoch: [139] Train_Loss_cls: 3.1392e-02 Train_Loss_mse: 2.4195e-02
Val_VinDrCXR_rad1: [ 0/30]	Time  7.185 ( 7.185)	Loss 8.1755e-01 (8.1755e-01)
Epoch 0139: avg_val_loss 0.32135, saving model to ./Models/swin_base_Ark_Finetune_17Rad/Ark_PlusArk_Finetune_17Rad/Ark_Finetune_17Rad/Ark_PlusArk_Finetune_17Rad
Epoch: [140][ 0/20]	Time  9.159 ( 9.159)	Loss_VinDrCXR_rad1 cls 3.0366e-03 (3.0366e-03)	Loss_VinDrCXR_rad1 mse 6.8819e-03 (6.8819e-03)
Epoch: [140] Train_Loss_cls: 2.0391e-03 Train_Loss_mse: 7.2204e-03
Epoch: [140][ 0/32]	Time  8.952 ( 8.952)	Loss_VinDrCXR_rad2 cls 4.0744e-04 (4.0744e-04)	Loss_VinDrCXR_rad2 mse 5.6300e-03 (5.6300e-03)
Epoch: [140] Train_Loss_cls: 4.2718e-03 Train_Loss_mse: 7.0653e-03
Epoch: [140][ 0/23]	Time  8.765 ( 8.765)	Loss_VinDrCXR_rad3 cls 6.3235e-04 (6.3235e-04)	Loss_VinDrCXR_rad3 mse 3.7202e-03 (3.7202e-03)
Epoch: [140] Train_Loss_cls: 2.0591e-03 Train_Loss_mse: 5.5363e-03
Epoch: [140][ 0/16]	Time  8.913 ( 8.913)	Loss_VinDrCXR_rad4 cls 3.4508e-04 (3.4508e-04)	Loss_VinDrCXR_rad4 mse 3.6974e-03 (3.6974e-03)
Epoch: [140] Train_Loss_cls: 2.1467e-03 Train_Loss_mse: 5.6163e-03
Epoch: [140][ 0/28]	Time  8.598 ( 8.598)	Loss_VinDrCXR_rad5 cls 9.6426e-04 (9.6426e-04)	Loss_VinDrCXR_rad5 mse 7.0754e-03 (7.0754e-03)
Epoch: [140] Train_Loss_cls: 3.4491e-03 Train_Loss_mse: 5.2384e-03
Epoch: [140][ 0/21]	Time  8.958 ( 8.958)	Loss_VinDrCXR_rad6 cls 5.4458e-04 (5.4458e-04)	Loss_VinDrCXR_rad6 mse 6.0359e-03 (6.0359e-03)
Epoch: [140] Train_Loss_cls: 8.3524e-04 Train_Loss_mse: 6.6000e-03
Epoch: [140][ 0/18]	Time  8.622 ( 8.622)	Loss_VinDrCXR_rad7 cls 2.5101e-04 (2.5101e-04)	Loss_VinDrCXR_rad7 mse 5.4448e-03 (5.4448e-03)
Epoch: [140] Train_Loss_cls: 2.4366e-03 Train_Loss_mse: 7.7344e-03
Epoch: [140][ 0/66]	Time  9.008 ( 9.008)	Loss_VinDrCXR_rad8 cls 3.5616e-01 (3.5616e-01)	Loss_VinDrCXR_rad8 mse 1.9318e-01 (1.9318e-01)
Epoch: [140][50/66]	Time  0.977 ( 1.150)	Loss_VinDrCXR_rad8 cls 1.0725e-01 (1.2369e-01)	Loss_VinDrCXR_rad8 mse 2.6319e-01 (3.1633e-01)
Epoch: [140] Train_Loss_cls: 1.2127e-01 Train_Loss_mse: 3.0518e-01
Epoch: [140][ 0/62]	Time  8.856 ( 8.856)	Loss_VinDrCXR_rad9 cls 2.4146e-01 (2.4146e-01)	Loss_VinDrCXR_rad9 mse 5.9302e-01 (5.9302e-01)
Epoch: [140][50/62]	Time  0.975 ( 1.216)	Loss_VinDrCXR_rad9 cls 1.6348e-01 (1.6940e-01)	Loss_VinDrCXR_rad9 mse 1.1050e-01 (3.6206e-01)
Epoch: [140] Train_Loss_cls: 1.6771e-01 Train_Loss_mse: 4.0041e-01
Epoch: [140][ 0/65]	Time  8.923 ( 8.923)	Loss_VinDrCXR_rad10 cls 1.2326e-01 (1.2326e-01)	Loss_VinDrCXR_rad10 mse 7.1305e-01 (7.1305e-01)
Epoch: [140][50/65]	Time  0.975 ( 1.151)	Loss_VinDrCXR_rad10 cls 1.0304e-01 (1.3259e-01)	Loss_VinDrCXR_rad10 mse 3.7063e-01 (3.8711e-01)
Epoch: [140] Train_Loss_cls: 1.3318e-01 Train_Loss_mse: 4.0934e-01
Epoch: [140][ 0/16]	Time  9.232 ( 9.232)	Loss_VinDrCXR_rad11 cls 2.9233e-02 (2.9233e-02)	Loss_VinDrCXR_rad11 mse 1.7947e-02 (1.7947e-02)
Epoch: [140] Train_Loss_cls: 3.0553e-02 Train_Loss_mse: 3.7927e-02
Epoch: [140][ 0/17]	Time  9.880 ( 9.880)	Loss_VinDrCXR_rad12 cls 4.2289e-02 (4.2289e-02)	Loss_VinDrCXR_rad12 mse 2.4642e-02 (2.4642e-02)
Epoch: [140] Train_Loss_cls: 3.4396e-02 Train_Loss_mse: 1.1618e-01
Epoch: [140][ 0/17]	Time  8.798 ( 8.798)	Loss_VinDrCXR_rad13 cls 1.9344e-02 (1.9344e-02)	Loss_VinDrCXR_rad13 mse 1.5896e-02 (1.5896e-02)
Epoch: [140] Train_Loss_cls: 3.1589e-02 Train_Loss_mse: 5.2665e-02
Epoch: [140][ 0/15]	Time 10.335 (10.335)	Loss_VinDrCXR_rad14 cls 5.2473e-02 (5.2473e-02)	Loss_VinDrCXR_rad14 mse 4.5095e-02 (4.5095e-02)
Epoch: [140] Train_Loss_cls: 3.8981e-02 Train_Loss_mse: 3.4034e-02
Epoch: [140][ 0/17]	Time  8.767 ( 8.767)	Loss_VinDrCXR_rad15 cls 1.3783e-02 (1.3783e-02)	Loss_VinDrCXR_rad15 mse 2.6332e-02 (2.6332e-02)
Epoch: [140] Train_Loss_cls: 3.6934e-02 Train_Loss_mse: 6.4778e-02
Epoch: [140][ 0/17]	Time  8.861 ( 8.861)	Loss_VinDrCXR_rad16 cls 1.7657e-02 (1.7657e-02)	Loss_VinDrCXR_rad16 mse 1.6930e-02 (1.6930e-02)
Epoch: [140] Train_Loss_cls: 2.4197e-02 Train_Loss_mse: 3.7729e-02
Epoch: [140][0/8]	Time  8.844 ( 8.844)	Loss_VinDrCXR_rad17 cls 2.5762e-02 (2.5762e-02)	Loss_VinDrCXR_rad17 mse 1.0274e-02 (1.0274e-02)
Epoch: [140] Train_Loss_cls: 2.6597e-02 Train_Loss_mse: 1.9202e-02
Val_VinDrCXR_rad1: [ 0/30]	Time  7.724 ( 7.724)	Loss 9.0283e-01 (9.0283e-01)
Epoch 0140: avg_val_loss 0.34012, saving model to ./Models/swin_base_Ark_Finetune_17Rad/Ark_PlusArk_Finetune_17Rad/Ark_Finetune_17Rad/Ark_PlusArk_Finetune_17Rad
>>VinDrCXR_rad1 Disease = ['PE', 'Lung tumor', 'Pneumonia', 'Tuberculosis', 'Other diseases', 'No finding']
>>VinDrCXR_rad1:Student AUC = [0.9746	0.9398	0.9534	0.953 	0.8454	0.9536], 
Teacher AUC = [0.9787	0.9499	0.9563	0.9548	0.86  	0.9558]

>>VinDrCXR_rad1: Student mAUC = 0.9367, Teacher mAUC = 0.9426
Omni-pretraining stage: 
Student meanAUC = 
[[0.9468759507134883], [0.9454261264448013], [0.9389692516963958], [0.9338567099466557], [0.9322285595158992], [0.9267613086784795], [0.9269031959521569], [0.9311978881171713], [0.9322738966995839], [0.9282953834234174], [0.929972291939886], [0.9318785771175087], [0.937211098360474], [0.9381919883273343], [0.9369602586957376], [0.9366551483549057]] 
Teacher meanAUC = 
[[0.9468759507134883], [0.9460270675389304], [0.9413547485728361], [0.9352525270339678], [0.933640160889925], [0.9253586349249475], [0.9311537710751477], [0.9326593268703175], [0.9311490937056109], [0.9340407878121827], [0.9299489031778979], [0.9354695743205612], [0.9370271512949998], [0.9387894655012321], [0.9400737372963088], [0.9425990602592327]]

Epoch: [141][ 0/20]	Time  8.721 ( 8.721)	Loss_VinDrCXR_rad1 cls 7.3649e-03 (7.3649e-03)	Loss_VinDrCXR_rad1 mse 9.1803e-03 (9.1803e-03)
Epoch: [141] Train_Loss_cls: 1.8972e-03 Train_Loss_mse: 7.1073e-03
Epoch: [141][ 0/32]	Time  8.871 ( 8.871)	Loss_VinDrCXR_rad2 cls 3.4613e-04 (3.4613e-04)	Loss_VinDrCXR_rad2 mse 7.4659e-03 (7.4659e-03)
Epoch: [141] Train_Loss_cls: 4.9880e-03 Train_Loss_mse: 6.2332e-03
Epoch: [141][ 0/23]	Time  9.288 ( 9.288)	Loss_VinDrCXR_rad3 cls 6.3689e-04 (6.3689e-04)	Loss_VinDrCXR_rad3 mse 5.6766e-03 (5.6766e-03)
Epoch: [141] Train_Loss_cls: 1.3497e-03 Train_Loss_mse: 5.1917e-03
Epoch: [141][ 0/16]	Time  8.701 ( 8.701)	Loss_VinDrCXR_rad4 cls 2.3409e-04 (2.3409e-04)	Loss_VinDrCXR_rad4 mse 4.0488e-03 (4.0488e-03)
Epoch: [141] Train_Loss_cls: 2.0692e-03 Train_Loss_mse: 5.3689e-03
Epoch: [141][ 0/28]	Time  8.713 ( 8.713)	Loss_VinDrCXR_rad5 cls 2.4760e-04 (2.4760e-04)	Loss_VinDrCXR_rad5 mse 4.6108e-03 (4.6108e-03)
Epoch: [141] Train_Loss_cls: 2.7955e-03 Train_Loss_mse: 1.4075e-02
Epoch: [141][ 0/21]	Time  8.762 ( 8.762)	Loss_VinDrCXR_rad6 cls 3.4073e-03 (3.4073e-03)	Loss_VinDrCXR_rad6 mse 7.0964e-03 (7.0964e-03)
Epoch: [141] Train_Loss_cls: 9.8018e-04 Train_Loss_mse: 7.4228e-03
Epoch: [141][ 0/18]	Time  8.334 ( 8.334)	Loss_VinDrCXR_rad7 cls 2.1382e-04 (2.1382e-04)	Loss_VinDrCXR_rad7 mse 3.6640e-03 (3.6640e-03)
Epoch: [141] Train_Loss_cls: 1.8761e-03 Train_Loss_mse: 1.1378e-02
Epoch: [141][ 0/66]	Time  9.188 ( 9.188)	Loss_VinDrCXR_rad8 cls 4.9579e-01 (4.9579e-01)	Loss_VinDrCXR_rad8 mse 1.0571e-01 (1.0571e-01)
Epoch: [141][50/66]	Time  0.975 ( 1.164)	Loss_VinDrCXR_rad8 cls 9.8715e-02 (1.3261e-01)	Loss_VinDrCXR_rad8 mse 2.6805e-01 (4.1659e-01)
Epoch: [141] Train_Loss_cls: 1.2962e-01 Train_Loss_mse: 4.5205e-01
Epoch: [141][ 0/62]	Time  8.904 ( 8.904)	Loss_VinDrCXR_rad9 cls 1.6036e-01 (1.6036e-01)	Loss_VinDrCXR_rad9 mse 2.1769e-01 (2.1769e-01)
Epoch: [141][50/62]	Time  0.976 ( 1.167)	Loss_VinDrCXR_rad9 cls 1.5990e-01 (1.7649e-01)	Loss_VinDrCXR_rad9 mse 1.2093e-01 (4.4631e-01)
Epoch: [141] Train_Loss_cls: 1.7535e-01 Train_Loss_mse: 4.5832e-01
Epoch: [141][ 0/65]	Time  9.147 ( 9.147)	Loss_VinDrCXR_rad10 cls 9.2250e-02 (9.2250e-02)	Loss_VinDrCXR_rad10 mse 6.8851e-02 (6.8851e-02)
Epoch: [141][50/65]	Time  0.976 ( 1.187)	Loss_VinDrCXR_rad10 cls 9.4991e-02 (1.2721e-01)	Loss_VinDrCXR_rad10 mse 3.8518e-01 (3.7576e-01)
Epoch: [141] Train_Loss_cls: 1.2639e-01 Train_Loss_mse: 4.0156e-01
Epoch: [141][ 0/16]	Time  8.547 ( 8.547)	Loss_VinDrCXR_rad11 cls 6.9126e-02 (6.9126e-02)	Loss_VinDrCXR_rad11 mse 4.6783e-02 (4.6783e-02)
Epoch: [141] Train_Loss_cls: 3.7469e-02 Train_Loss_mse: 5.9243e-02
Epoch: [141][ 0/17]	Time  9.792 ( 9.792)	Loss_VinDrCXR_rad12 cls 3.6846e-02 (3.6846e-02)	Loss_VinDrCXR_rad12 mse 4.2855e-02 (4.2855e-02)
Epoch: [141] Train_Loss_cls: 2.9552e-02 Train_Loss_mse: 7.8399e-02
Epoch: [141][ 0/17]	Time  8.743 ( 8.743)	Loss_VinDrCXR_rad13 cls 4.9344e-02 (4.9344e-02)	Loss_VinDrCXR_rad13 mse 6.1799e-02 (6.1799e-02)
Epoch: [141] Train_Loss_cls: 3.2637e-02 Train_Loss_mse: 8.5977e-02
Epoch: [141][ 0/15]	Time  9.175 ( 9.175)	Loss_VinDrCXR_rad14 cls 3.6005e-02 (3.6005e-02)	Loss_VinDrCXR_rad14 mse 2.3454e-02 (2.3454e-02)
Epoch: [141] Train_Loss_cls: 4.2551e-02 Train_Loss_mse: 7.9438e-02
Epoch: [141][ 0/17]	Time  9.558 ( 9.558)	Loss_VinDrCXR_rad15 cls 1.7332e-02 (1.7332e-02)	Loss_VinDrCXR_rad15 mse 2.5070e-02 (2.5070e-02)
Epoch: [141] Train_Loss_cls: 3.6236e-02 Train_Loss_mse: 9.6857e-02
Epoch: [141][ 0/17]	Time  8.523 ( 8.523)	Loss_VinDrCXR_rad16 cls 4.9803e-02 (4.9803e-02)	Loss_VinDrCXR_rad16 mse 1.6293e-02 (1.6293e-02)
Epoch: [141] Train_Loss_cls: 2.9676e-02 Train_Loss_mse: 6.1092e-02
Epoch: [141][0/8]	Time  8.409 ( 8.409)	Loss_VinDrCXR_rad17 cls 1.1585e-02 (1.1585e-02)	Loss_VinDrCXR_rad17 mse 1.7279e-02 (1.7279e-02)
Epoch: [141] Train_Loss_cls: 3.5499e-02 Train_Loss_mse: 2.9310e-02
Val_VinDrCXR_rad1: [ 0/30]	Time  7.330 ( 7.330)	Loss 7.0485e-01 (7.0485e-01)
Epoch 0141: avg_val_loss 0.28530, saving model to ./Models/swin_base_Ark_Finetune_17Rad/Ark_PlusArk_Finetune_17Rad/Ark_Finetune_17Rad/Ark_PlusArk_Finetune_17Rad
Epoch: [142][ 0/20]	Time  9.193 ( 9.193)	Loss_VinDrCXR_rad1 cls 1.4103e-02 (1.4103e-02)	Loss_VinDrCXR_rad1 mse 8.9021e-03 (8.9021e-03)
Epoch: [142] Train_Loss_cls: 3.3206e-03 Train_Loss_mse: 7.0456e-03
Epoch: [142][ 0/32]	Time  9.361 ( 9.361)	Loss_VinDrCXR_rad2 cls 1.6030e-02 (1.6030e-02)	Loss_VinDrCXR_rad2 mse 1.1299e-02 (1.1299e-02)
Epoch: [142] Train_Loss_cls: 4.4720e-03 Train_Loss_mse: 8.4178e-03
Epoch: [142][ 0/23]	Time  8.790 ( 8.790)	Loss_VinDrCXR_rad3 cls 5.8820e-04 (5.8820e-04)	Loss_VinDrCXR_rad3 mse 4.9010e-03 (4.9010e-03)
Epoch: [142] Train_Loss_cls: 2.7968e-03 Train_Loss_mse: 5.9130e-03
Epoch: [142][ 0/16]	Time  8.968 ( 8.968)	Loss_VinDrCXR_rad4 cls 5.0443e-04 (5.0443e-04)	Loss_VinDrCXR_rad4 mse 4.3412e-03 (4.3412e-03)
Epoch: [142] Train_Loss_cls: 1.8936e-03 Train_Loss_mse: 5.2022e-03
Epoch: [142][ 0/28]	Time  9.520 ( 9.520)	Loss_VinDrCXR_rad5 cls 1.3028e-03 (1.3028e-03)	Loss_VinDrCXR_rad5 mse 5.4955e-03 (5.4955e-03)
Epoch: [142] Train_Loss_cls: 3.4507e-03 Train_Loss_mse: 5.3436e-03
Epoch: [142][ 0/21]	Time  8.610 ( 8.610)	Loss_VinDrCXR_rad6 cls 6.0573e-04 (6.0573e-04)	Loss_VinDrCXR_rad6 mse 5.6350e-03 (5.6350e-03)
Epoch: [142] Train_Loss_cls: 6.9912e-04 Train_Loss_mse: 6.1806e-03
Epoch: [142][ 0/18]	Time  8.157 ( 8.157)	Loss_VinDrCXR_rad7 cls 2.1180e-04 (2.1180e-04)	Loss_VinDrCXR_rad7 mse 4.1855e-03 (4.1855e-03)
Epoch: [142] Train_Loss_cls: 2.1349e-03 Train_Loss_mse: 8.7261e-03
Epoch: [142][ 0/66]	Time  9.278 ( 9.278)	Loss_VinDrCXR_rad8 cls 5.3489e-01 (5.3489e-01)	Loss_VinDrCXR_rad8 mse 1.3960e-01 (1.3960e-01)
Epoch: [142][50/66]	Time  0.987 ( 1.186)	Loss_VinDrCXR_rad8 cls 1.1175e-01 (1.3178e-01)	Loss_VinDrCXR_rad8 mse 1.0496e-01 (3.6465e-01)
Epoch: [142] Train_Loss_cls: 1.2802e-01 Train_Loss_mse: 3.6047e-01
Epoch: [142][ 0/62]	Time  9.051 ( 9.051)	Loss_VinDrCXR_rad9 cls 2.3687e-01 (2.3687e-01)	Loss_VinDrCXR_rad9 mse 8.6786e-01 (8.6786e-01)
Epoch: [142][50/62]	Time  0.976 ( 1.163)	Loss_VinDrCXR_rad9 cls 1.8673e-01 (1.7388e-01)	Loss_VinDrCXR_rad9 mse 5.4566e-01 (3.8855e-01)
Epoch: [142] Train_Loss_cls: 1.7416e-01 Train_Loss_mse: 3.7970e-01
Epoch: [142][ 0/65]	Time  9.217 ( 9.217)	Loss_VinDrCXR_rad10 cls 1.3999e-01 (1.3999e-01)	Loss_VinDrCXR_rad10 mse 1.0613e+00 (1.0613e+00)
Epoch: [142][50/65]	Time  0.981 ( 1.149)	Loss_VinDrCXR_rad10 cls 1.5543e-01 (1.3277e-01)	Loss_VinDrCXR_rad10 mse 7.9925e-01 (5.0822e-01)
Epoch: [142] Train_Loss_cls: 1.3275e-01 Train_Loss_mse: 4.8541e-01
Epoch: [142][ 0/16]	Time  8.746 ( 8.746)	Loss_VinDrCXR_rad11 cls 8.1043e-02 (8.1043e-02)	Loss_VinDrCXR_rad11 mse 4.3178e-02 (4.3178e-02)
Epoch: [142] Train_Loss_cls: 3.6015e-02 Train_Loss_mse: 3.6146e-02
Epoch: [142][ 0/17]	Time  9.544 ( 9.544)	Loss_VinDrCXR_rad12 cls 4.4493e-02 (4.4493e-02)	Loss_VinDrCXR_rad12 mse 4.6280e-02 (4.6280e-02)
Epoch: [142] Train_Loss_cls: 2.7767e-02 Train_Loss_mse: 4.9710e-02
Epoch: [142][ 0/17]	Time  8.766 ( 8.766)	Loss_VinDrCXR_rad13 cls 2.9122e-02 (2.9122e-02)	Loss_VinDrCXR_rad13 mse 2.4636e-02 (2.4636e-02)
Epoch: [142] Train_Loss_cls: 2.8675e-02 Train_Loss_mse: 3.0421e-02
Epoch: [142][ 0/15]	Time  8.938 ( 8.938)	Loss_VinDrCXR_rad14 cls 3.0026e-02 (3.0026e-02)	Loss_VinDrCXR_rad14 mse 2.0283e-02 (2.0283e-02)
Epoch: [142] Train_Loss_cls: 3.7268e-02 Train_Loss_mse: 9.0570e-02
Epoch: [142][ 0/17]	Time  9.301 ( 9.301)	Loss_VinDrCXR_rad15 cls 6.2340e-02 (6.2340e-02)	Loss_VinDrCXR_rad15 mse 1.9369e-02 (1.9369e-02)
Epoch: [142] Train_Loss_cls: 3.6980e-02 Train_Loss_mse: 7.3495e-02
Epoch: [142][ 0/17]	Time  9.412 ( 9.412)	Loss_VinDrCXR_rad16 cls 2.7277e-02 (2.7277e-02)	Loss_VinDrCXR_rad16 mse 1.9936e-02 (1.9936e-02)
Epoch: [142] Train_Loss_cls: 2.4270e-02 Train_Loss_mse: 5.1026e-02
Epoch: [142][0/8]	Time  8.562 ( 8.562)	Loss_VinDrCXR_rad17 cls 5.9241e-02 (5.9241e-02)	Loss_VinDrCXR_rad17 mse 2.3821e-02 (2.3821e-02)
Epoch: [142] Train_Loss_cls: 3.1176e-02 Train_Loss_mse: 2.1076e-02
Val_VinDrCXR_rad1: [ 0/30]	Time  7.342 ( 7.342)	Loss 8.0798e-01 (8.0798e-01)
Epoch 0142: avg_val_loss 0.31007, saving model to ./Models/swin_base_Ark_Finetune_17Rad/Ark_PlusArk_Finetune_17Rad/Ark_Finetune_17Rad/Ark_PlusArk_Finetune_17Rad
Epoch: [143][ 0/20]	Time  9.090 ( 9.090)	Loss_VinDrCXR_rad1 cls 5.1212e-03 (5.1212e-03)	Loss_VinDrCXR_rad1 mse 6.1865e-03 (6.1865e-03)
Epoch: [143] Train_Loss_cls: 2.1630e-03 Train_Loss_mse: 1.1296e-02
Epoch: [143][ 0/32]	Time  8.647 ( 8.647)	Loss_VinDrCXR_rad2 cls 6.4439e-04 (6.4439e-04)	Loss_VinDrCXR_rad2 mse 8.2643e-03 (8.2643e-03)
Epoch: [143] Train_Loss_cls: 4.2691e-03 Train_Loss_mse: 1.7187e-02
Epoch: [143][ 0/23]	Time  8.751 ( 8.751)	Loss_VinDrCXR_rad3 cls 1.1032e-03 (1.1032e-03)	Loss_VinDrCXR_rad3 mse 5.5204e-03 (5.5204e-03)
Epoch: [143] Train_Loss_cls: 1.8759e-03 Train_Loss_mse: 7.3223e-03
Epoch: [143][ 0/16]	Time  8.245 ( 8.245)	Loss_VinDrCXR_rad4 cls 1.6169e-02 (1.6169e-02)	Loss_VinDrCXR_rad4 mse 4.2120e-03 (4.2120e-03)
Epoch: [143] Train_Loss_cls: 2.0984e-03 Train_Loss_mse: 4.1742e-03
Epoch: [143][ 0/28]	Time  8.133 ( 8.133)	Loss_VinDrCXR_rad5 cls 2.5623e-04 (2.5623e-04)	Loss_VinDrCXR_rad5 mse 3.9162e-03 (3.9162e-03)
Epoch: [143] Train_Loss_cls: 2.6005e-03 Train_Loss_mse: 2.5356e-02
Epoch: [143][ 0/21]	Time  8.209 ( 8.209)	Loss_VinDrCXR_rad6 cls 3.4974e-03 (3.4974e-03)	Loss_VinDrCXR_rad6 mse 5.9412e-03 (5.9412e-03)
Epoch: [143] Train_Loss_cls: 1.2224e-03 Train_Loss_mse: 7.3580e-03
Epoch: [143][ 0/18]	Time  8.334 ( 8.334)	Loss_VinDrCXR_rad7 cls 2.4947e-04 (2.4947e-04)	Loss_VinDrCXR_rad7 mse 4.4499e-03 (4.4499e-03)
Epoch: [143] Train_Loss_cls: 2.2498e-03 Train_Loss_mse: 2.5786e-02
Epoch: [143][ 0/66]	Time  8.587 ( 8.587)	Loss_VinDrCXR_rad8 cls 4.9986e-01 (4.9986e-01)	Loss_VinDrCXR_rad8 mse 1.5500e-01 (1.5500e-01)
Epoch: [143][50/66]	Time  0.978 ( 1.151)	Loss_VinDrCXR_rad8 cls 1.1000e-01 (1.3087e-01)	Loss_VinDrCXR_rad8 mse 5.3412e-01 (3.3567e-01)
Epoch: [143] Train_Loss_cls: 1.2718e-01 Train_Loss_mse: 3.4778e-01
Epoch: [143][ 0/62]	Time  8.856 ( 8.856)	Loss_VinDrCXR_rad9 cls 2.3538e-01 (2.3538e-01)	Loss_VinDrCXR_rad9 mse 2.2825e-01 (2.2825e-01)
Epoch: [143][50/62]	Time  0.975 ( 1.146)	Loss_VinDrCXR_rad9 cls 1.6462e-01 (1.7546e-01)	Loss_VinDrCXR_rad9 mse 2.4490e-01 (4.7287e-01)
Epoch: [143] Train_Loss_cls: 1.7423e-01 Train_Loss_mse: 4.5140e-01
Epoch: [143][ 0/65]	Time  8.546 ( 8.546)	Loss_VinDrCXR_rad10 cls 1.5939e-01 (1.5939e-01)	Loss_VinDrCXR_rad10 mse 6.3699e-01 (6.3699e-01)
Epoch: [143][50/65]	Time  0.979 ( 1.165)	Loss_VinDrCXR_rad10 cls 9.6020e-02 (1.3378e-01)	Loss_VinDrCXR_rad10 mse 5.0258e-01 (4.1599e-01)
Epoch: [143] Train_Loss_cls: 1.3297e-01 Train_Loss_mse: 4.0879e-01
Epoch: [143][ 0/16]	Time  8.850 ( 8.850)	Loss_VinDrCXR_rad11 cls 4.7236e-02 (4.7236e-02)	Loss_VinDrCXR_rad11 mse 2.0346e-02 (2.0346e-02)
Epoch: [143] Train_Loss_cls: 2.8964e-02 Train_Loss_mse: 5.0446e-02
Epoch: [143][ 0/17]	Time  9.104 ( 9.104)	Loss_VinDrCXR_rad12 cls 4.4168e-02 (4.4168e-02)	Loss_VinDrCXR_rad12 mse 3.7151e-02 (3.7151e-02)
Epoch: [143] Train_Loss_cls: 3.2120e-02 Train_Loss_mse: 3.9904e-02
Epoch: [143][ 0/17]	Time  8.757 ( 8.757)	Loss_VinDrCXR_rad13 cls 4.0568e-02 (4.0568e-02)	Loss_VinDrCXR_rad13 mse 2.9103e-02 (2.9103e-02)
Epoch: [143] Train_Loss_cls: 3.6739e-02 Train_Loss_mse: 2.9656e-02
Epoch: [143][ 0/15]	Time  8.507 ( 8.507)	Loss_VinDrCXR_rad14 cls 5.6051e-02 (5.6051e-02)	Loss_VinDrCXR_rad14 mse 2.4034e-02 (2.4034e-02)
Epoch: [143] Train_Loss_cls: 4.1392e-02 Train_Loss_mse: 9.6126e-02
Epoch: [143][ 0/17]	Time  8.714 ( 8.714)	Loss_VinDrCXR_rad15 cls 4.9568e-02 (4.9568e-02)	Loss_VinDrCXR_rad15 mse 2.6691e-02 (2.6691e-02)
Epoch: [143] Train_Loss_cls: 3.8659e-02 Train_Loss_mse: 4.9264e-02
Epoch: [143][ 0/17]	Time  8.970 ( 8.970)	Loss_VinDrCXR_rad16 cls 1.2010e-02 (1.2010e-02)	Loss_VinDrCXR_rad16 mse 1.3398e-02 (1.3398e-02)
Epoch: [143] Train_Loss_cls: 2.4017e-02 Train_Loss_mse: 2.2245e-02
Epoch: [143][0/8]	Time  8.518 ( 8.518)	Loss_VinDrCXR_rad17 cls 7.9792e-03 (7.9792e-03)	Loss_VinDrCXR_rad17 mse 1.0132e-02 (1.0132e-02)
Epoch: [143] Train_Loss_cls: 2.8791e-02 Train_Loss_mse: 1.7095e-02
Val_VinDrCXR_rad1: [ 0/30]	Time  7.725 ( 7.725)	Loss 8.5966e-01 (8.5966e-01)
Epoch 0143: avg_val_loss 0.32488, saving model to ./Models/swin_base_Ark_Finetune_17Rad/Ark_PlusArk_Finetune_17Rad/Ark_Finetune_17Rad/Ark_PlusArk_Finetune_17Rad
Epoch: [144][ 0/20]	Time  9.012 ( 9.012)	Loss_VinDrCXR_rad1 cls 5.6259e-03 (5.6259e-03)	Loss_VinDrCXR_rad1 mse 8.1313e-03 (8.1313e-03)
Epoch: [144] Train_Loss_cls: 1.8484e-03 Train_Loss_mse: 7.0903e-03
Epoch: [144][ 0/32]	Time 10.757 (10.757)	Loss_VinDrCXR_rad2 cls 4.7944e-04 (4.7944e-04)	Loss_VinDrCXR_rad2 mse 6.6969e-03 (6.6969e-03)
Epoch: [144] Train_Loss_cls: 4.1636e-03 Train_Loss_mse: 6.7972e-03
Epoch: [144][ 0/23]	Time  9.162 ( 9.162)	Loss_VinDrCXR_rad3 cls 6.3929e-04 (6.3929e-04)	Loss_VinDrCXR_rad3 mse 4.4143e-03 (4.4143e-03)
Epoch: [144] Train_Loss_cls: 2.2907e-03 Train_Loss_mse: 5.3326e-03
Epoch: [144][ 0/16]	Time  8.996 ( 8.996)	Loss_VinDrCXR_rad4 cls 1.1209e-02 (1.1209e-02)	Loss_VinDrCXR_rad4 mse 5.6269e-03 (5.6269e-03)
Epoch: [144] Train_Loss_cls: 2.0599e-03 Train_Loss_mse: 5.5505e-03
Epoch: [144][ 0/28]	Time  7.968 ( 7.968)	Loss_VinDrCXR_rad5 cls 5.3410e-04 (5.3410e-04)	Loss_VinDrCXR_rad5 mse 6.5000e-03 (6.5000e-03)
Epoch: [144] Train_Loss_cls: 2.9504e-03 Train_Loss_mse: 4.8543e-03
Epoch: [144][ 0/21]	Time  8.611 ( 8.611)	Loss_VinDrCXR_rad6 cls 5.2121e-04 (5.2121e-04)	Loss_VinDrCXR_rad6 mse 1.1303e-02 (1.1303e-02)
Epoch: [144] Train_Loss_cls: 4.5339e-04 Train_Loss_mse: 2.7518e-02
Epoch: [144][ 0/18]	Time 10.423 (10.423)	Loss_VinDrCXR_rad7 cls 2.5577e-04 (2.5577e-04)	Loss_VinDrCXR_rad7 mse 5.5441e-03 (5.5441e-03)
Epoch: [144] Train_Loss_cls: 2.1062e-03 Train_Loss_mse: 4.9494e-03
Epoch: [144][ 0/66]	Time  8.911 ( 8.911)	Loss_VinDrCXR_rad8 cls 4.9820e-01 (4.9820e-01)	Loss_VinDrCXR_rad8 mse 4.4281e-01 (4.4281e-01)
Epoch: [144][50/66]	Time  0.976 ( 1.134)	Loss_VinDrCXR_rad8 cls 1.3230e-01 (1.2949e-01)	Loss_VinDrCXR_rad8 mse 9.0358e-01 (4.0446e-01)
Epoch: [144] Train_Loss_cls: 1.2656e-01 Train_Loss_mse: 3.8934e-01
Epoch: [144][ 0/62]	Time  9.231 ( 9.231)	Loss_VinDrCXR_rad9 cls 1.6741e-01 (1.6741e-01)	Loss_VinDrCXR_rad9 mse 1.3400e-01 (1.3400e-01)
Epoch: [144][50/62]	Time  0.975 ( 1.141)	Loss_VinDrCXR_rad9 cls 1.6399e-01 (1.6713e-01)	Loss_VinDrCXR_rad9 mse 1.6525e-01 (3.4120e-01)
Epoch: [144] Train_Loss_cls: 1.6749e-01 Train_Loss_mse: 3.3524e-01
Epoch: [144][ 0/65]	Time  8.738 ( 8.738)	Loss_VinDrCXR_rad10 cls 1.0915e-01 (1.0915e-01)	Loss_VinDrCXR_rad10 mse 5.2208e-01 (5.2208e-01)
Epoch: [144][50/65]	Time  0.975 ( 1.134)	Loss_VinDrCXR_rad10 cls 1.4627e-01 (1.3389e-01)	Loss_VinDrCXR_rad10 mse 8.6641e-02 (4.3725e-01)
Epoch: [144] Train_Loss_cls: 1.3704e-01 Train_Loss_mse: 4.3286e-01
Epoch: [144][ 0/16]	Time  9.351 ( 9.351)	Loss_VinDrCXR_rad11 cls 9.3943e-02 (9.3943e-02)	Loss_VinDrCXR_rad11 mse 4.7505e-02 (4.7505e-02)
Epoch: [144] Train_Loss_cls: 4.2615e-02 Train_Loss_mse: 7.2280e-02
Epoch: [144][ 0/17]	Time  8.203 ( 8.203)	Loss_VinDrCXR_rad12 cls 4.4547e-02 (4.4547e-02)	Loss_VinDrCXR_rad12 mse 4.9256e-02 (4.9256e-02)
Epoch: [144] Train_Loss_cls: 3.4316e-02 Train_Loss_mse: 1.1261e-01
Epoch: [144][ 0/17]	Time  8.888 ( 8.888)	Loss_VinDrCXR_rad13 cls 4.1813e-02 (4.1813e-02)	Loss_VinDrCXR_rad13 mse 4.3252e-02 (4.3252e-02)
Epoch: [144] Train_Loss_cls: 4.1292e-02 Train_Loss_mse: 4.7026e-02
Epoch: [144][ 0/15]	Time  8.835 ( 8.835)	Loss_VinDrCXR_rad14 cls 7.3337e-02 (7.3337e-02)	Loss_VinDrCXR_rad14 mse 4.9559e-01 (4.9559e-01)
Epoch: [144] Train_Loss_cls: 4.5539e-02 Train_Loss_mse: 1.1836e-01
Epoch: [144][ 0/17]	Time  8.361 ( 8.361)	Loss_VinDrCXR_rad15 cls 2.8499e-02 (2.8499e-02)	Loss_VinDrCXR_rad15 mse 6.2528e-02 (6.2528e-02)
Epoch: [144] Train_Loss_cls: 4.1517e-02 Train_Loss_mse: 5.7055e-02
Epoch: [144][ 0/17]	Time  8.542 ( 8.542)	Loss_VinDrCXR_rad16 cls 1.9496e-02 (1.9496e-02)	Loss_VinDrCXR_rad16 mse 1.6366e-02 (1.6366e-02)
Epoch: [144] Train_Loss_cls: 2.8552e-02 Train_Loss_mse: 4.4416e-02
Epoch: [144][0/8]	Time  8.464 ( 8.464)	Loss_VinDrCXR_rad17 cls 3.8716e-02 (3.8716e-02)	Loss_VinDrCXR_rad17 mse 1.4994e-02 (1.4994e-02)
Epoch: [144] Train_Loss_cls: 2.9030e-02 Train_Loss_mse: 2.1422e-02
Val_VinDrCXR_rad1: [ 0/30]	Time  7.220 ( 7.220)	Loss 7.7940e-01 (7.7940e-01)
Epoch 0144: avg_val_loss 0.29092, saving model to ./Models/swin_base_Ark_Finetune_17Rad/Ark_PlusArk_Finetune_17Rad/Ark_Finetune_17Rad/Ark_PlusArk_Finetune_17Rad
Epoch: [145][ 0/20]	Time  9.030 ( 9.030)	Loss_VinDrCXR_rad1 cls 1.2103e-02 (1.2103e-02)	Loss_VinDrCXR_rad1 mse 9.9477e-02 (9.9477e-02)
Epoch: [145] Train_Loss_cls: 3.0171e-03 Train_Loss_mse: 3.6622e-02
Epoch: [145][ 0/32]	Time  9.070 ( 9.070)	Loss_VinDrCXR_rad2 cls 1.8346e-02 (1.8346e-02)	Loss_VinDrCXR_rad2 mse 8.4475e-03 (8.4475e-03)
Epoch: [145] Train_Loss_cls: 4.8502e-03 Train_Loss_mse: 9.5094e-03
Epoch: [145][ 0/23]	Time  8.920 ( 8.920)	Loss_VinDrCXR_rad3 cls 6.3775e-04 (6.3775e-04)	Loss_VinDrCXR_rad3 mse 7.2912e-03 (7.2912e-03)
Epoch: [145] Train_Loss_cls: 1.4872e-03 Train_Loss_mse: 2.8769e-02
Epoch: [145][ 0/16]	Time  8.502 ( 8.502)	Loss_VinDrCXR_rad4 cls 3.3459e-04 (3.3459e-04)	Loss_VinDrCXR_rad4 mse 6.1609e-03 (6.1609e-03)
Epoch: [145] Train_Loss_cls: 1.9783e-03 Train_Loss_mse: 6.6039e-03
Epoch: [145][ 0/28]	Time  8.620 ( 8.620)	Loss_VinDrCXR_rad5 cls 6.4968e-04 (6.4968e-04)	Loss_VinDrCXR_rad5 mse 5.3714e-03 (5.3714e-03)
Epoch: [145] Train_Loss_cls: 3.0683e-03 Train_Loss_mse: 3.8215e-02
Epoch: [145][ 0/21]	Time  8.637 ( 8.637)	Loss_VinDrCXR_rad6 cls 9.1137e-04 (9.1137e-04)	Loss_VinDrCXR_rad6 mse 9.7535e-03 (9.7535e-03)
Epoch: [145] Train_Loss_cls: 4.8415e-04 Train_Loss_mse: 2.5326e-02
Epoch: [145][ 0/18]	Time  8.087 ( 8.087)	Loss_VinDrCXR_rad7 cls 2.5558e-04 (2.5558e-04)	Loss_VinDrCXR_rad7 mse 6.5191e-03 (6.5191e-03)
Epoch: [145] Train_Loss_cls: 2.4884e-03 Train_Loss_mse: 1.0494e-02
Epoch: [145][ 0/66]	Time  8.636 ( 8.636)	Loss_VinDrCXR_rad8 cls 7.0548e-01 (7.0548e-01)	Loss_VinDrCXR_rad8 mse 1.7146e+00 (1.7146e+00)
Epoch: [145][50/66]	Time  0.975 ( 1.166)	Loss_VinDrCXR_rad8 cls 1.6481e-01 (1.4404e-01)	Loss_VinDrCXR_rad8 mse 5.8621e-01 (4.4755e-01)
Epoch: [145] Train_Loss_cls: 1.4012e-01 Train_Loss_mse: 4.3497e-01
Epoch: [145][ 0/62]	Time  9.246 ( 9.246)	Loss_VinDrCXR_rad9 cls 2.5359e-01 (2.5359e-01)	Loss_VinDrCXR_rad9 mse 5.7181e-01 (5.7181e-01)
Epoch: [145][50/62]	Time  0.980 ( 1.168)	Loss_VinDrCXR_rad9 cls 2.1675e-01 (1.8274e-01)	Loss_VinDrCXR_rad9 mse 1.4805e+00 (5.5043e-01)
Epoch: [145] Train_Loss_cls: 1.8287e-01 Train_Loss_mse: 5.4054e-01
Epoch: [145][ 0/65]	Time  8.827 ( 8.827)	Loss_VinDrCXR_rad10 cls 1.4192e-01 (1.4192e-01)	Loss_VinDrCXR_rad10 mse 1.0520e-01 (1.0520e-01)
Epoch: [145][50/65]	Time  0.975 ( 1.134)	Loss_VinDrCXR_rad10 cls 1.0677e-01 (1.3206e-01)	Loss_VinDrCXR_rad10 mse 5.5302e-02 (3.6546e-01)
Epoch: [145] Train_Loss_cls: 1.3118e-01 Train_Loss_mse: 3.5465e-01
Epoch: [145][ 0/16]	Time  8.828 ( 8.828)	Loss_VinDrCXR_rad11 cls 6.3370e-02 (6.3370e-02)	Loss_VinDrCXR_rad11 mse 4.1414e-02 (4.1414e-02)
Epoch: [145] Train_Loss_cls: 3.3127e-02 Train_Loss_mse: 2.8761e-02
Epoch: [145][ 0/17]	Time  8.800 ( 8.800)	Loss_VinDrCXR_rad12 cls 3.8599e-02 (3.8599e-02)	Loss_VinDrCXR_rad12 mse 2.8793e-01 (2.8793e-01)
Epoch: [145] Train_Loss_cls: 3.0897e-02 Train_Loss_mse: 6.7270e-02
Epoch: [145][ 0/17]	Time  8.732 ( 8.732)	Loss_VinDrCXR_rad13 cls 5.3886e-02 (5.3886e-02)	Loss_VinDrCXR_rad13 mse 3.7901e-02 (3.7901e-02)
Epoch: [145] Train_Loss_cls: 3.4659e-02 Train_Loss_mse: 5.5131e-02
Epoch: [145][ 0/15]	Time  8.696 ( 8.696)	Loss_VinDrCXR_rad14 cls 4.4449e-02 (4.4449e-02)	Loss_VinDrCXR_rad14 mse 1.4557e-02 (1.4557e-02)
Epoch: [145] Train_Loss_cls: 4.0999e-02 Train_Loss_mse: 1.2959e-01
Epoch: [145][ 0/17]	Time  8.659 ( 8.659)	Loss_VinDrCXR_rad15 cls 3.7010e-02 (3.7010e-02)	Loss_VinDrCXR_rad15 mse 9.1687e-02 (9.1687e-02)
Epoch: [145] Train_Loss_cls: 3.6464e-02 Train_Loss_mse: 4.0876e-02
Epoch: [145][ 0/17]	Time  8.727 ( 8.727)	Loss_VinDrCXR_rad16 cls 2.4795e-02 (2.4795e-02)	Loss_VinDrCXR_rad16 mse 2.9340e-02 (2.9340e-02)
Epoch: [145] Train_Loss_cls: 2.9135e-02 Train_Loss_mse: 1.4731e-01
Epoch: [145][0/8]	Time  8.518 ( 8.518)	Loss_VinDrCXR_rad17 cls 2.2668e-02 (2.2668e-02)	Loss_VinDrCXR_rad17 mse 2.3140e-02 (2.3140e-02)
Epoch: [145] Train_Loss_cls: 2.8933e-02 Train_Loss_mse: 1.6880e-02
Val_VinDrCXR_rad1: [ 0/30]	Time  7.207 ( 7.207)	Loss 7.1623e-01 (7.1623e-01)
Epoch 0145: avg_val_loss 0.27947, saving model to ./Models/swin_base_Ark_Finetune_17Rad/Ark_PlusArk_Finetune_17Rad/Ark_Finetune_17Rad/Ark_PlusArk_Finetune_17Rad
Epoch: [146][ 0/20]	Time  8.889 ( 8.889)	Loss_VinDrCXR_rad1 cls 2.4419e-03 (2.4419e-03)	Loss_VinDrCXR_rad1 mse 5.6636e-03 (5.6636e-03)
Epoch: [146] Train_Loss_cls: 2.5940e-03 Train_Loss_mse: 1.2263e-02
Epoch: [146][ 0/32]	Time  9.129 ( 9.129)	Loss_VinDrCXR_rad2 cls 5.1188e-04 (5.1188e-04)	Loss_VinDrCXR_rad2 mse 4.8561e-03 (4.8561e-03)
Epoch: [146] Train_Loss_cls: 4.6623e-03 Train_Loss_mse: 7.2994e-03
Epoch: [146][ 0/23]	Time  9.017 ( 9.017)	Loss_VinDrCXR_rad3 cls 5.7505e-04 (5.7505e-04)	Loss_VinDrCXR_rad3 mse 6.5821e-03 (6.5821e-03)
Epoch: [146] Train_Loss_cls: 2.2600e-03 Train_Loss_mse: 2.1254e-02
Epoch: [146][ 0/16]	Time  8.983 ( 8.983)	Loss_VinDrCXR_rad4 cls 2.8821e-04 (2.8821e-04)	Loss_VinDrCXR_rad4 mse 4.2968e-03 (4.2968e-03)
Epoch: [146] Train_Loss_cls: 2.1230e-03 Train_Loss_mse: 6.0550e-03
Epoch: [146][ 0/28]	Time  8.387 ( 8.387)	Loss_VinDrCXR_rad5 cls 8.2793e-03 (8.2793e-03)	Loss_VinDrCXR_rad5 mse 4.7440e-03 (4.7440e-03)
Epoch: [146] Train_Loss_cls: 3.9003e-03 Train_Loss_mse: 2.2599e-02
Epoch: [146][ 0/21]	Time  8.577 ( 8.577)	Loss_VinDrCXR_rad6 cls 6.5607e-04 (6.5607e-04)	Loss_VinDrCXR_rad6 mse 4.5083e-03 (4.5083e-03)
Epoch: [146] Train_Loss_cls: 1.2476e-03 Train_Loss_mse: 5.9572e-03
Epoch: [146][ 0/18]	Time  8.279 ( 8.279)	Loss_VinDrCXR_rad7 cls 2.6084e-04 (2.6084e-04)	Loss_VinDrCXR_rad7 mse 5.4571e-03 (5.4571e-03)
Epoch: [146] Train_Loss_cls: 2.0228e-03 Train_Loss_mse: 2.7151e-02
Epoch: [146][ 0/66]	Time  8.964 ( 8.964)	Loss_VinDrCXR_rad8 cls 4.5396e-01 (4.5396e-01)	Loss_VinDrCXR_rad8 mse 7.7517e-02 (7.7517e-02)
Epoch: [146][50/66]	Time  0.975 ( 1.134)	Loss_VinDrCXR_rad8 cls 1.2253e-01 (1.3260e-01)	Loss_VinDrCXR_rad8 mse 1.5582e-01 (3.9766e-01)
Epoch: [146] Train_Loss_cls: 1.2869e-01 Train_Loss_mse: 3.8546e-01
Epoch: [146][ 0/62]	Time  9.010 ( 9.010)	Loss_VinDrCXR_rad9 cls 1.9472e-01 (1.9472e-01)	Loss_VinDrCXR_rad9 mse 1.3330e-01 (1.3330e-01)
Epoch: [146][50/62]	Time  1.720 ( 1.149)	Loss_VinDrCXR_rad9 cls 1.4368e-01 (1.6903e-01)	Loss_VinDrCXR_rad9 mse 6.8966e-02 (3.7890e-01)
Epoch: [146] Train_Loss_cls: 1.6878e-01 Train_Loss_mse: 4.0131e-01
Epoch: [146][ 0/65]	Time  9.003 ( 9.003)	Loss_VinDrCXR_rad10 cls 1.6098e-01 (1.6098e-01)	Loss_VinDrCXR_rad10 mse 8.4314e-01 (8.4314e-01)
Epoch: [146][50/65]	Time  0.975 ( 1.152)	Loss_VinDrCXR_rad10 cls 9.8833e-02 (1.3082e-01)	Loss_VinDrCXR_rad10 mse 7.9250e-01 (3.9900e-01)
Epoch: [146] Train_Loss_cls: 1.2989e-01 Train_Loss_mse: 3.9063e-01
Epoch: [146][ 0/16]	Time  8.471 ( 8.471)	Loss_VinDrCXR_rad11 cls 5.8943e-02 (5.8943e-02)	Loss_VinDrCXR_rad11 mse 4.8685e-02 (4.8685e-02)
Epoch: [146] Train_Loss_cls: 3.0905e-02 Train_Loss_mse: 3.7233e-02
Epoch: [146][ 0/17]	Time  8.820 ( 8.820)	Loss_VinDrCXR_rad12 cls 3.5256e-02 (3.5256e-02)	Loss_VinDrCXR_rad12 mse 1.0738e-02 (1.0738e-02)
Epoch: [146] Train_Loss_cls: 3.2810e-02 Train_Loss_mse: 4.4447e-02
Epoch: [146][ 0/17]	Time  9.119 ( 9.119)	Loss_VinDrCXR_rad13 cls 4.5572e-02 (4.5572e-02)	Loss_VinDrCXR_rad13 mse 4.0649e-01 (4.0649e-01)
Epoch: [146] Train_Loss_cls: 3.2196e-02 Train_Loss_mse: 6.6839e-02
Epoch: [146][ 0/15]	Time  8.704 ( 8.704)	Loss_VinDrCXR_rad14 cls 4.7038e-02 (4.7038e-02)	Loss_VinDrCXR_rad14 mse 1.5959e-02 (1.5959e-02)
Epoch: [146] Train_Loss_cls: 4.3184e-02 Train_Loss_mse: 1.1498e-01
Epoch: [146][ 0/17]	Time  9.045 ( 9.045)	Loss_VinDrCXR_rad15 cls 1.8114e-02 (1.8114e-02)	Loss_VinDrCXR_rad15 mse 1.4703e-02 (1.4703e-02)
Epoch: [146] Train_Loss_cls: 3.5914e-02 Train_Loss_mse: 3.4577e-02
Epoch: [146][ 0/17]	Time  9.011 ( 9.011)	Loss_VinDrCXR_rad16 cls 4.7195e-02 (4.7195e-02)	Loss_VinDrCXR_rad16 mse 2.8878e-02 (2.8878e-02)
Epoch: [146] Train_Loss_cls: 2.8300e-02 Train_Loss_mse: 4.0192e-02
Epoch: [146][0/8]	Time  8.476 ( 8.476)	Loss_VinDrCXR_rad17 cls 1.3960e-02 (1.3960e-02)	Loss_VinDrCXR_rad17 mse 6.8137e-03 (6.8137e-03)
Epoch: [146] Train_Loss_cls: 2.9330e-02 Train_Loss_mse: 2.0797e-02
Val_VinDrCXR_rad1: [ 0/30]	Time  7.372 ( 7.372)	Loss 8.7647e-01 (8.7647e-01)
Epoch 0146: avg_val_loss 0.32978, saving model to ./Models/swin_base_Ark_Finetune_17Rad/Ark_PlusArk_Finetune_17Rad/Ark_Finetune_17Rad/Ark_PlusArk_Finetune_17Rad
Epoch: [147][ 0/20]	Time  8.741 ( 8.741)	Loss_VinDrCXR_rad1 cls 2.3268e-03 (2.3268e-03)	Loss_VinDrCXR_rad1 mse 5.8855e-03 (5.8855e-03)
Epoch: [147] Train_Loss_cls: 2.2399e-03 Train_Loss_mse: 6.4670e-03
Epoch: [147][ 0/32]	Time  8.868 ( 8.868)	Loss_VinDrCXR_rad2 cls 1.3708e-02 (1.3708e-02)	Loss_VinDrCXR_rad2 mse 6.7399e-03 (6.7399e-03)
Epoch: [147] Train_Loss_cls: 4.4347e-03 Train_Loss_mse: 1.5797e-02
Epoch: [147][ 0/23]	Time  8.482 ( 8.482)	Loss_VinDrCXR_rad3 cls 4.6392e-04 (4.6392e-04)	Loss_VinDrCXR_rad3 mse 4.3364e-03 (4.3364e-03)
Epoch: [147] Train_Loss_cls: 1.9997e-03 Train_Loss_mse: 5.5854e-03
Epoch: [147][ 0/16]	Time  8.837 ( 8.837)	Loss_VinDrCXR_rad4 cls 3.5286e-04 (3.5286e-04)	Loss_VinDrCXR_rad4 mse 4.2322e-03 (4.2322e-03)
Epoch: [147] Train_Loss_cls: 1.9135e-03 Train_Loss_mse: 5.3555e-03
Epoch: [147][ 0/28]	Time  8.434 ( 8.434)	Loss_VinDrCXR_rad5 cls 4.0549e-04 (4.0549e-04)	Loss_VinDrCXR_rad5 mse 4.6865e-03 (4.6865e-03)
Epoch: [147] Train_Loss_cls: 3.9590e-03 Train_Loss_mse: 1.7380e-02
Epoch: [147][ 0/21]	Time  8.645 ( 8.645)	Loss_VinDrCXR_rad6 cls 4.3137e-04 (4.3137e-04)	Loss_VinDrCXR_rad6 mse 4.4316e-03 (4.4316e-03)
Epoch: [147] Train_Loss_cls: 4.2298e-04 Train_Loss_mse: 2.8052e-02
Epoch: [147][ 0/18]	Time  8.724 ( 8.724)	Loss_VinDrCXR_rad7 cls 2.5531e-04 (2.5531e-04)	Loss_VinDrCXR_rad7 mse 4.4183e-03 (4.4183e-03)
Epoch: [147] Train_Loss_cls: 2.0163e-03 Train_Loss_mse: 6.3651e-03
Epoch: [147][ 0/66]	Time  8.463 ( 8.463)	Loss_VinDrCXR_rad8 cls 4.7747e-01 (4.7747e-01)	Loss_VinDrCXR_rad8 mse 9.7675e-02 (9.7675e-02)
Epoch: [147][50/66]	Time  0.975 ( 1.154)	Loss_VinDrCXR_rad8 cls 1.5369e-01 (1.3544e-01)	Loss_VinDrCXR_rad8 mse 8.9082e-01 (3.0603e-01)
Epoch: [147] Train_Loss_cls: 1.3257e-01 Train_Loss_mse: 3.4213e-01
Epoch: [147][ 0/62]	Time  9.080 ( 9.080)	Loss_VinDrCXR_rad9 cls 2.0033e-01 (2.0033e-01)	Loss_VinDrCXR_rad9 mse 8.7768e-01 (8.7768e-01)
Epoch: [147][50/62]	Time  0.975 ( 1.162)	Loss_VinDrCXR_rad9 cls 2.0063e-01 (1.7468e-01)	Loss_VinDrCXR_rad9 mse 6.6641e-01 (5.0519e-01)
Epoch: [147] Train_Loss_cls: 1.7407e-01 Train_Loss_mse: 4.9644e-01
Epoch: [147][ 0/65]	Time  8.521 ( 8.521)	Loss_VinDrCXR_rad10 cls 1.4539e-01 (1.4539e-01)	Loss_VinDrCXR_rad10 mse 9.5686e-01 (9.5686e-01)
Epoch: [147][50/65]	Time  0.975 ( 1.163)	Loss_VinDrCXR_rad10 cls 1.2573e-01 (1.3864e-01)	Loss_VinDrCXR_rad10 mse 1.0054e-01 (4.3590e-01)
Epoch: [147] Train_Loss_cls: 1.3893e-01 Train_Loss_mse: 4.6618e-01
Epoch: [147][ 0/16]	Time  8.717 ( 8.717)	Loss_VinDrCXR_rad11 cls 8.7715e-02 (8.7715e-02)	Loss_VinDrCXR_rad11 mse 2.4850e-02 (2.4850e-02)
Epoch: [147] Train_Loss_cls: 4.3513e-02 Train_Loss_mse: 6.3802e-02
Epoch: [147][ 0/17]	Time  8.461 ( 8.461)	Loss_VinDrCXR_rad12 cls 2.3067e-02 (2.3067e-02)	Loss_VinDrCXR_rad12 mse 2.8360e-02 (2.8360e-02)
Epoch: [147] Train_Loss_cls: 2.6674e-02 Train_Loss_mse: 5.6937e-02
Epoch: [147][ 0/17]	Time  8.783 ( 8.783)	Loss_VinDrCXR_rad13 cls 2.3514e-02 (2.3514e-02)	Loss_VinDrCXR_rad13 mse 1.5869e-02 (1.5869e-02)
Epoch: [147] Train_Loss_cls: 3.6573e-02 Train_Loss_mse: 3.1730e-02
Epoch: [147][ 0/15]	Time  8.871 ( 8.871)	Loss_VinDrCXR_rad14 cls 3.0861e-02 (3.0861e-02)	Loss_VinDrCXR_rad14 mse 2.0300e-02 (2.0300e-02)
Epoch: [147] Train_Loss_cls: 3.8121e-02 Train_Loss_mse: 1.1190e-01
Epoch: [147][ 0/17]	Time  8.415 ( 8.415)	Loss_VinDrCXR_rad15 cls 3.4595e-02 (3.4595e-02)	Loss_VinDrCXR_rad15 mse 2.5481e-02 (2.5481e-02)
Epoch: [147] Train_Loss_cls: 4.3154e-02 Train_Loss_mse: 1.0485e-01
Epoch: [147][ 0/17]	Time  8.926 ( 8.926)	Loss_VinDrCXR_rad16 cls 4.6981e-02 (4.6981e-02)	Loss_VinDrCXR_rad16 mse 1.1057e-01 (1.1057e-01)
Epoch: [147] Train_Loss_cls: 2.5878e-02 Train_Loss_mse: 9.4063e-02
Epoch: [147][0/8]	Time  8.829 ( 8.829)	Loss_VinDrCXR_rad17 cls 1.1755e-02 (1.1755e-02)	Loss_VinDrCXR_rad17 mse 1.2511e-02 (1.2511e-02)
Epoch: [147] Train_Loss_cls: 3.0047e-02 Train_Loss_mse: 1.8513e-02
Val_VinDrCXR_rad1: [ 0/30]	Time  7.214 ( 7.214)	Loss 8.1246e-01 (8.1246e-01)
Epoch 0147: avg_val_loss 0.30674, saving model to ./Models/swin_base_Ark_Finetune_17Rad/Ark_PlusArk_Finetune_17Rad/Ark_Finetune_17Rad/Ark_PlusArk_Finetune_17Rad
Epoch: [148][ 0/20]	Time  8.302 ( 8.302)	Loss_VinDrCXR_rad1 cls 6.3861e-03 (6.3861e-03)	Loss_VinDrCXR_rad1 mse 6.9535e-03 (6.9535e-03)
Epoch: [148] Train_Loss_cls: 1.9087e-03 Train_Loss_mse: 6.8915e-03
Epoch: [148][ 0/32]	Time  9.070 ( 9.070)	Loss_VinDrCXR_rad2 cls 1.4731e-02 (1.4731e-02)	Loss_VinDrCXR_rad2 mse 5.3896e-03 (5.3896e-03)
Epoch: [148] Train_Loss_cls: 4.5497e-03 Train_Loss_mse: 6.4345e-03
Epoch: [148][ 0/23]	Time  8.241 ( 8.241)	Loss_VinDrCXR_rad3 cls 7.6115e-04 (7.6115e-04)	Loss_VinDrCXR_rad3 mse 4.5589e-03 (4.5589e-03)
Epoch: [148] Train_Loss_cls: 2.5161e-03 Train_Loss_mse: 2.5515e-02
Epoch: [148][ 0/16]	Time  9.034 ( 9.034)	Loss_VinDrCXR_rad4 cls 3.0082e-04 (3.0082e-04)	Loss_VinDrCXR_rad4 mse 6.3602e-03 (6.3602e-03)
Epoch: [148] Train_Loss_cls: 2.2658e-03 Train_Loss_mse: 6.5021e-03
Epoch: [148][ 0/28]	Time  8.807 ( 8.807)	Loss_VinDrCXR_rad5 cls 4.3024e-04 (4.3024e-04)	Loss_VinDrCXR_rad5 mse 5.6768e-03 (5.6768e-03)
Epoch: [148] Train_Loss_cls: 2.6389e-03 Train_Loss_mse: 1.8590e-02
Epoch: [148][ 0/21]	Time  8.676 ( 8.676)	Loss_VinDrCXR_rad6 cls 1.0427e-03 (1.0427e-03)	Loss_VinDrCXR_rad6 mse 6.1115e-03 (6.1115e-03)
Epoch: [148] Train_Loss_cls: 1.2100e-03 Train_Loss_mse: 6.2389e-03
Epoch: [148][ 0/18]	Time  8.667 ( 8.667)	Loss_VinDrCXR_rad7 cls 1.3847e-02 (1.3847e-02)	Loss_VinDrCXR_rad7 mse 5.1207e-03 (5.1207e-03)
Epoch: [148] Train_Loss_cls: 2.5933e-03 Train_Loss_mse: 2.0473e-02
Epoch: [148][ 0/66]	Time  8.542 ( 8.542)	Loss_VinDrCXR_rad8 cls 5.7302e-01 (5.7302e-01)	Loss_VinDrCXR_rad8 mse 1.2703e+00 (1.2703e+00)
Epoch: [148][50/66]	Time  0.975 ( 1.149)	Loss_VinDrCXR_rad8 cls 1.4598e-01 (1.3794e-01)	Loss_VinDrCXR_rad8 mse 5.9849e-01 (4.7025e-01)
Epoch: [148] Train_Loss_cls: 1.3486e-01 Train_Loss_mse: 4.8237e-01
Epoch: [148][ 0/62]	Time  9.265 ( 9.265)	Loss_VinDrCXR_rad9 cls 2.3065e-01 (2.3065e-01)	Loss_VinDrCXR_rad9 mse 1.1766e-01 (1.1766e-01)
Epoch: [148][50/62]	Time  0.974 ( 1.183)	Loss_VinDrCXR_rad9 cls 1.7565e-01 (1.8218e-01)	Loss_VinDrCXR_rad9 mse 4.4755e-01 (4.5536e-01)
Epoch: [148] Train_Loss_cls: 1.8303e-01 Train_Loss_mse: 4.4340e-01
Epoch: [148][ 0/65]	Time  8.403 ( 8.403)	Loss_VinDrCXR_rad10 cls 1.3432e-01 (1.3432e-01)	Loss_VinDrCXR_rad10 mse 1.4911e-01 (1.4911e-01)
Epoch: [148][50/65]	Time  0.975 ( 1.161)	Loss_VinDrCXR_rad10 cls 1.0871e-01 (1.3749e-01)	Loss_VinDrCXR_rad10 mse 8.8995e-02 (3.9199e-01)
Epoch: [148] Train_Loss_cls: 1.3966e-01 Train_Loss_mse: 4.4082e-01
Epoch: [148][ 0/16]	Time  8.349 ( 8.349)	Loss_VinDrCXR_rad11 cls 7.1815e-02 (7.1815e-02)	Loss_VinDrCXR_rad11 mse 2.8505e-02 (2.8505e-02)
Epoch: [148] Train_Loss_cls: 3.8811e-02 Train_Loss_mse: 7.2561e-02
Epoch: [148][ 0/17]	Time  8.757 ( 8.757)	Loss_VinDrCXR_rad12 cls 3.6618e-02 (3.6618e-02)	Loss_VinDrCXR_rad12 mse 2.0088e-01 (2.0088e-01)
Epoch: [148] Train_Loss_cls: 3.4844e-02 Train_Loss_mse: 9.5879e-02
Epoch: [148][ 0/17]	Time  8.471 ( 8.471)	Loss_VinDrCXR_rad13 cls 5.0124e-02 (5.0124e-02)	Loss_VinDrCXR_rad13 mse 3.3372e-02 (3.3372e-02)
Epoch: [148] Train_Loss_cls: 3.8208e-02 Train_Loss_mse: 8.6007e-02
Epoch: [148][ 0/15]	Time  8.383 ( 8.383)	Loss_VinDrCXR_rad14 cls 3.5047e-02 (3.5047e-02)	Loss_VinDrCXR_rad14 mse 2.8667e-02 (2.8667e-02)
Epoch: [148] Train_Loss_cls: 4.2317e-02 Train_Loss_mse: 1.1897e-01
Epoch: [148][ 0/17]	Time  8.548 ( 8.548)	Loss_VinDrCXR_rad15 cls 1.9457e-02 (1.9457e-02)	Loss_VinDrCXR_rad15 mse 1.6996e-01 (1.6996e-01)
Epoch: [148] Train_Loss_cls: 3.9658e-02 Train_Loss_mse: 5.1348e-02
Epoch: [148][ 0/17]	Time  8.961 ( 8.961)	Loss_VinDrCXR_rad16 cls 3.1640e-02 (3.1640e-02)	Loss_VinDrCXR_rad16 mse 1.0780e-01 (1.0780e-01)
Epoch: [148] Train_Loss_cls: 2.5941e-02 Train_Loss_mse: 1.1765e-01
Epoch: [148][0/8]	Time  8.454 ( 8.454)	Loss_VinDrCXR_rad17 cls 3.6606e-02 (3.6606e-02)	Loss_VinDrCXR_rad17 mse 1.6739e-02 (1.6739e-02)
Epoch: [148] Train_Loss_cls: 3.2462e-02 Train_Loss_mse: 1.6475e-02
Val_VinDrCXR_rad1: [ 0/30]	Time  7.213 ( 7.213)	Loss 8.3321e-01 (8.3321e-01)
Epoch 0148: avg_val_loss 0.32428, saving model to ./Models/swin_base_Ark_Finetune_17Rad/Ark_PlusArk_Finetune_17Rad/Ark_Finetune_17Rad/Ark_PlusArk_Finetune_17Rad
Epoch: [149][ 0/20]	Time  8.953 ( 8.953)	Loss_VinDrCXR_rad1 cls 1.1112e-02 (1.1112e-02)	Loss_VinDrCXR_rad1 mse 1.1821e-01 (1.1821e-01)
Epoch: [149] Train_Loss_cls: 3.1048e-03 Train_Loss_mse: 1.5207e-02
Epoch: [149][ 0/32]	Time  8.899 ( 8.899)	Loss_VinDrCXR_rad2 cls 4.2632e-04 (4.2632e-04)	Loss_VinDrCXR_rad2 mse 6.7918e-03 (6.7918e-03)
Epoch: [149] Train_Loss_cls: 4.9982e-03 Train_Loss_mse: 7.6182e-03
Epoch: [149][ 0/23]	Time  9.094 ( 9.094)	Loss_VinDrCXR_rad3 cls 1.0457e-02 (1.0457e-02)	Loss_VinDrCXR_rad3 mse 4.2893e-03 (4.2893e-03)
Epoch: [149] Train_Loss_cls: 1.8541e-03 Train_Loss_mse: 5.6862e-03
Epoch: [149][ 0/16]	Time  8.092 ( 8.092)	Loss_VinDrCXR_rad4 cls 4.6819e-04 (4.6819e-04)	Loss_VinDrCXR_rad4 mse 5.0909e-03 (5.0909e-03)
Epoch: [149] Train_Loss_cls: 2.1683e-03 Train_Loss_mse: 5.1657e-03
Epoch: [149][ 0/28]	Time  8.199 ( 8.199)	Loss_VinDrCXR_rad5 cls 3.8206e-04 (3.8206e-04)	Loss_VinDrCXR_rad5 mse 4.5444e-03 (4.5444e-03)
Epoch: [149] Train_Loss_cls: 3.3275e-03 Train_Loss_mse: 3.9741e-02
Epoch: [149][ 0/21]	Time  8.169 ( 8.169)	Loss_VinDrCXR_rad6 cls 3.2023e-04 (3.2023e-04)	Loss_VinDrCXR_rad6 mse 5.5637e-03 (5.5637e-03)
Epoch: [149] Train_Loss_cls: 5.2906e-04 Train_Loss_mse: 2.9104e-02
Epoch: [149][ 0/18]	Time  8.725 ( 8.725)	Loss_VinDrCXR_rad7 cls 3.5550e-04 (3.5550e-04)	Loss_VinDrCXR_rad7 mse 5.4345e-03 (5.4345e-03)
Epoch: [149] Train_Loss_cls: 1.8716e-03 Train_Loss_mse: 5.0125e-02
Epoch: [149][ 0/66]	Time  8.433 ( 8.433)	Loss_VinDrCXR_rad8 cls 5.0744e-01 (5.0744e-01)	Loss_VinDrCXR_rad8 mse 1.9284e-01 (1.9284e-01)
Epoch: [149][50/66]	Time  0.976 ( 1.163)	Loss_VinDrCXR_rad8 cls 1.2110e-01 (1.3374e-01)	Loss_VinDrCXR_rad8 mse 2.9536e-01 (4.0385e-01)
Epoch: [149] Train_Loss_cls: 1.2957e-01 Train_Loss_mse: 3.8708e-01
Epoch: [149][ 0/62]	Time  8.445 ( 8.445)	Loss_VinDrCXR_rad9 cls 2.2131e-01 (2.2131e-01)	Loss_VinDrCXR_rad9 mse 1.6011e-01 (1.6011e-01)
Epoch: [149][50/62]	Time  0.976 ( 1.175)	Loss_VinDrCXR_rad9 cls 1.2606e-01 (1.7616e-01)	Loss_VinDrCXR_rad9 mse 1.6779e-01 (4.9319e-01)
Epoch: [149] Train_Loss_cls: 1.7587e-01 Train_Loss_mse: 4.8808e-01
Epoch: [149][ 0/65]	Time  8.966 ( 8.966)	Loss_VinDrCXR_rad10 cls 1.4480e-01 (1.4480e-01)	Loss_VinDrCXR_rad10 mse 1.2388e-01 (1.2388e-01)
Epoch: [149][50/65]	Time  0.975 ( 1.151)	Loss_VinDrCXR_rad10 cls 1.7804e-01 (1.3552e-01)	Loss_VinDrCXR_rad10 mse 3.3319e-01 (3.9644e-01)
Epoch: [149] Train_Loss_cls: 1.3741e-01 Train_Loss_mse: 4.1581e-01
Epoch: [149][ 0/16]	Time  8.399 ( 8.399)	Loss_VinDrCXR_rad11 cls 6.5915e-02 (6.5915e-02)	Loss_VinDrCXR_rad11 mse 3.2389e-02 (3.2389e-02)
Epoch: [149] Train_Loss_cls: 3.7897e-02 Train_Loss_mse: 5.6638e-02
Epoch: [149][ 0/17]	Time  8.501 ( 8.501)	Loss_VinDrCXR_rad12 cls 3.9318e-02 (3.9318e-02)	Loss_VinDrCXR_rad12 mse 3.6950e-02 (3.6950e-02)
Epoch: [149] Train_Loss_cls: 3.2419e-02 Train_Loss_mse: 7.3787e-02
Epoch: [149][ 0/17]	Time  9.095 ( 9.095)	Loss_VinDrCXR_rad13 cls 1.5502e-02 (1.5502e-02)	Loss_VinDrCXR_rad13 mse 1.0935e-02 (1.0935e-02)
Epoch: [149] Train_Loss_cls: 3.6949e-02 Train_Loss_mse: 2.4712e-02
Epoch: [149][ 0/15]	Time  8.941 ( 8.941)	Loss_VinDrCXR_rad14 cls 5.7514e-02 (5.7514e-02)	Loss_VinDrCXR_rad14 mse 3.9411e-02 (3.9411e-02)
Epoch: [149] Train_Loss_cls: 4.3944e-02 Train_Loss_mse: 6.1459e-02
Epoch: [149][ 0/17]	Time  8.896 ( 8.896)	Loss_VinDrCXR_rad15 cls 5.2632e-02 (5.2632e-02)	Loss_VinDrCXR_rad15 mse 3.3481e-02 (3.3481e-02)
Epoch: [149] Train_Loss_cls: 3.8824e-02 Train_Loss_mse: 7.4504e-02
Epoch: [149][ 0/17]	Time  8.491 ( 8.491)	Loss_VinDrCXR_rad16 cls 1.9031e-02 (1.9031e-02)	Loss_VinDrCXR_rad16 mse 1.7272e-02 (1.7272e-02)
Epoch: [149] Train_Loss_cls: 2.9575e-02 Train_Loss_mse: 8.6409e-02
Epoch: [149][0/8]	Time  8.659 ( 8.659)	Loss_VinDrCXR_rad17 cls 1.4566e-02 (1.4566e-02)	Loss_VinDrCXR_rad17 mse 1.8448e-02 (1.8448e-02)
Epoch: [149] Train_Loss_cls: 2.5148e-02 Train_Loss_mse: 1.9174e-02
Val_VinDrCXR_rad1: [ 0/30]	Time  7.246 ( 7.246)	Loss 8.2626e-01 (8.2626e-01)
Epoch 0149: avg_val_loss 0.33054, saving model to ./Models/swin_base_Ark_Finetune_17Rad/Ark_PlusArk_Finetune_17Rad/Ark_Finetune_17Rad/Ark_PlusArk_Finetune_17Rad
Epoch: [150][ 0/20]	Time  8.507 ( 8.507)	Loss_VinDrCXR_rad1 cls 2.7252e-03 (2.7252e-03)	Loss_VinDrCXR_rad1 mse 8.1272e-03 (8.1272e-03)
Epoch: [150] Train_Loss_cls: 2.1509e-03 Train_Loss_mse: 7.8032e-03
Epoch: [150][ 0/32]	Time  9.060 ( 9.060)	Loss_VinDrCXR_rad2 cls 1.2070e-02 (1.2070e-02)	Loss_VinDrCXR_rad2 mse 7.5458e-03 (7.5458e-03)
Epoch: [150] Train_Loss_cls: 4.0117e-03 Train_Loss_mse: 7.2253e-03
Epoch: [150][ 0/23]	Time  9.041 ( 9.041)	Loss_VinDrCXR_rad3 cls 9.7982e-04 (9.7982e-04)	Loss_VinDrCXR_rad3 mse 7.2528e-03 (7.2528e-03)
Epoch: [150] Train_Loss_cls: 1.9276e-03 Train_Loss_mse: 1.0318e-02
Epoch: [150][ 0/16]	Time  8.563 ( 8.563)	Loss_VinDrCXR_rad4 cls 2.7991e-04 (2.7991e-04)	Loss_VinDrCXR_rad4 mse 5.0805e-03 (5.0805e-03)
Epoch: [150] Train_Loss_cls: 2.0408e-03 Train_Loss_mse: 5.6068e-03
Epoch: [150][ 0/28]	Time  7.900 ( 7.900)	Loss_VinDrCXR_rad5 cls 4.4898e-04 (4.4898e-04)	Loss_VinDrCXR_rad5 mse 3.6944e-03 (3.6944e-03)
Epoch: [150] Train_Loss_cls: 3.0917e-03 Train_Loss_mse: 5.4681e-03
Epoch: [150][ 0/21]	Time  8.539 ( 8.539)	Loss_VinDrCXR_rad6 cls 6.1297e-04 (6.1297e-04)	Loss_VinDrCXR_rad6 mse 4.1962e-03 (4.1962e-03)
Epoch: [150] Train_Loss_cls: 6.8425e-04 Train_Loss_mse: 1.0859e-02
Epoch: [150][ 0/18]	Time  8.317 ( 8.317)	Loss_VinDrCXR_rad7 cls 1.9624e-04 (1.9624e-04)	Loss_VinDrCXR_rad7 mse 4.5951e-03 (4.5951e-03)
Epoch: [150] Train_Loss_cls: 2.3217e-03 Train_Loss_mse: 3.3085e-02
Epoch: [150][ 0/66]	Time  8.559 ( 8.559)	Loss_VinDrCXR_rad8 cls 5.5717e-01 (5.5717e-01)	Loss_VinDrCXR_rad8 mse 4.8685e-01 (4.8685e-01)
Epoch: [150][50/66]	Time  0.975 ( 1.176)	Loss_VinDrCXR_rad8 cls 1.1093e-01 (1.3899e-01)	Loss_VinDrCXR_rad8 mse 7.5302e-01 (4.4911e-01)
Epoch: [150] Train_Loss_cls: 1.3283e-01 Train_Loss_mse: 4.1698e-01
Epoch: [150][ 0/62]	Time  9.312 ( 9.312)	Loss_VinDrCXR_rad9 cls 1.7905e-01 (1.7905e-01)	Loss_VinDrCXR_rad9 mse 5.4798e-01 (5.4798e-01)
Epoch: [150][50/62]	Time  0.975 ( 1.165)	Loss_VinDrCXR_rad9 cls 1.8395e-01 (1.8478e-01)	Loss_VinDrCXR_rad9 mse 7.9469e-01 (3.5849e-01)
Epoch: [150] Train_Loss_cls: 1.8187e-01 Train_Loss_mse: 3.5881e-01
Epoch: [150][ 0/65]	Time  8.784 ( 8.784)	Loss_VinDrCXR_rad10 cls 1.3536e-01 (1.3536e-01)	Loss_VinDrCXR_rad10 mse 1.6487e-01 (1.6487e-01)
Epoch: [150][50/65]	Time  0.975 ( 1.190)	Loss_VinDrCXR_rad10 cls 1.2155e-01 (1.3467e-01)	Loss_VinDrCXR_rad10 mse 3.7747e-01 (4.6816e-01)
Epoch: [150] Train_Loss_cls: 1.3542e-01 Train_Loss_mse: 4.6564e-01
Epoch: [150][ 0/16]	Time  9.295 ( 9.295)	Loss_VinDrCXR_rad11 cls 7.3113e-02 (7.3113e-02)	Loss_VinDrCXR_rad11 mse 4.3961e-02 (4.3961e-02)
Epoch: [150] Train_Loss_cls: 3.5346e-02 Train_Loss_mse: 6.2150e-02
Epoch: [150][ 0/17]	Time  8.876 ( 8.876)	Loss_VinDrCXR_rad12 cls 2.9263e-02 (2.9263e-02)	Loss_VinDrCXR_rad12 mse 2.6287e-01 (2.6287e-01)
Epoch: [150] Train_Loss_cls: 3.4078e-02 Train_Loss_mse: 5.1712e-02
Epoch: [150][ 0/17]	Time  8.947 ( 8.947)	Loss_VinDrCXR_rad13 cls 7.6250e-02 (7.6250e-02)	Loss_VinDrCXR_rad13 mse 1.0293e-01 (1.0293e-01)
Epoch: [150] Train_Loss_cls: 4.2882e-02 Train_Loss_mse: 4.1020e-02
Epoch: [150][ 0/15]	Time  8.401 ( 8.401)	Loss_VinDrCXR_rad14 cls 6.1339e-02 (6.1339e-02)	Loss_VinDrCXR_rad14 mse 8.3253e-02 (8.3253e-02)
Epoch: [150] Train_Loss_cls: 4.4601e-02 Train_Loss_mse: 6.9833e-02
Epoch: [150][ 0/17]	Time  8.383 ( 8.383)	Loss_VinDrCXR_rad15 cls 7.9355e-02 (7.9355e-02)	Loss_VinDrCXR_rad15 mse 2.0209e-02 (2.0209e-02)
Epoch: [150] Train_Loss_cls: 4.2349e-02 Train_Loss_mse: 5.4173e-02
Epoch: [150][ 0/17]	Time  8.579 ( 8.579)	Loss_VinDrCXR_rad16 cls 2.0513e-02 (2.0513e-02)	Loss_VinDrCXR_rad16 mse 3.0326e-01 (3.0326e-01)
Epoch: [150] Train_Loss_cls: 2.9350e-02 Train_Loss_mse: 5.1410e-02
Epoch: [150][0/8]	Time  8.598 ( 8.598)	Loss_VinDrCXR_rad17 cls 4.1555e-02 (4.1555e-02)	Loss_VinDrCXR_rad17 mse 4.5601e-02 (4.5601e-02)
Epoch: [150] Train_Loss_cls: 2.9384e-02 Train_Loss_mse: 2.2871e-02
Val_VinDrCXR_rad1: [ 0/30]	Time  7.334 ( 7.334)	Loss 8.0120e-01 (8.0120e-01)
Epoch 0150: avg_val_loss 0.30989, saving model to ./Models/swin_base_Ark_Finetune_17Rad/Ark_PlusArk_Finetune_17Rad/Ark_Finetune_17Rad/Ark_PlusArk_Finetune_17Rad
>>VinDrCXR_rad1 Disease = ['PE', 'Lung tumor', 'Pneumonia', 'Tuberculosis', 'Other diseases', 'No finding']
>>VinDrCXR_rad1:Student AUC = [0.9807	0.9144	0.9482	0.9482	0.8665	0.9498], 
Teacher AUC = [0.9799	0.9446	0.9563	0.9503	0.8602	0.9537]

>>VinDrCXR_rad1: Student mAUC = 0.9346, Teacher mAUC = 0.9408
Omni-pretraining stage: 
Student meanAUC = 
[[0.9468759507134883], [0.9454261264448013], [0.9389692516963958], [0.9338567099466557], [0.9322285595158992], [0.9267613086784795], [0.9269031959521569], [0.9311978881171713], [0.9322738966995839], [0.9282953834234174], [0.929972291939886], [0.9318785771175087], [0.937211098360474], [0.9381919883273343], [0.9369602586957376], [0.9366551483549057], [0.9346324920330171]] 
Teacher meanAUC = 
[[0.9468759507134883], [0.9460270675389304], [0.9413547485728361], [0.9352525270339678], [0.933640160889925], [0.9253586349249475], [0.9311537710751477], [0.9326593268703175], [0.9311490937056109], [0.9340407878121827], [0.9299489031778979], [0.9354695743205612], [0.9370271512949998], [0.9387894655012321], [0.9400737372963088], [0.9425990602592327], [0.9408374784800566]]

Epoch: [151][ 0/20]	Time  8.859 ( 8.859)	Loss_VinDrCXR_rad1 cls 7.6506e-03 (7.6506e-03)	Loss_VinDrCXR_rad1 mse 1.0750e-02 (1.0750e-02)
Epoch: [151] Train_Loss_cls: 2.2878e-03 Train_Loss_mse: 6.4384e-03
Epoch: [151][ 0/32]	Time  8.834 ( 8.834)	Loss_VinDrCXR_rad2 cls 5.9265e-04 (5.9265e-04)	Loss_VinDrCXR_rad2 mse 5.6044e-03 (5.6044e-03)
Epoch: [151] Train_Loss_cls: 4.7916e-03 Train_Loss_mse: 6.8298e-03
Epoch: [151][ 0/23]	Time  8.752 ( 8.752)	Loss_VinDrCXR_rad3 cls 6.7887e-04 (6.7887e-04)	Loss_VinDrCXR_rad3 mse 6.4224e-03 (6.4224e-03)
Epoch: [151] Train_Loss_cls: 2.2678e-03 Train_Loss_mse: 7.0452e-03
Epoch: [151][ 0/16]	Time  8.586 ( 8.586)	Loss_VinDrCXR_rad4 cls 4.8629e-04 (4.8629e-04)	Loss_VinDrCXR_rad4 mse 9.2916e-03 (9.2916e-03)
Epoch: [151] Train_Loss_cls: 1.9867e-03 Train_Loss_mse: 4.8986e-03
Epoch: [151][ 0/28]	Time  8.359 ( 8.359)	Loss_VinDrCXR_rad5 cls 3.5346e-04 (3.5346e-04)	Loss_VinDrCXR_rad5 mse 4.8264e-03 (4.8264e-03)
Epoch: [151] Train_Loss_cls: 3.0797e-03 Train_Loss_mse: 5.9276e-03
Epoch: [151][ 0/21]	Time  8.053 ( 8.053)	Loss_VinDrCXR_rad6 cls 4.8896e-04 (4.8896e-04)	Loss_VinDrCXR_rad6 mse 5.0954e-03 (5.0954e-03)
Epoch: [151] Train_Loss_cls: 5.8680e-04 Train_Loss_mse: 6.1374e-03
Epoch: [151][ 0/18]	Time  8.659 ( 8.659)	Loss_VinDrCXR_rad7 cls 3.1215e-04 (3.1215e-04)	Loss_VinDrCXR_rad7 mse 6.8771e-03 (6.8771e-03)
Epoch: [151] Train_Loss_cls: 2.1298e-03 Train_Loss_mse: 3.3936e-02
Epoch: [151][ 0/66]	Time  9.114 ( 9.114)	Loss_VinDrCXR_rad8 cls 5.7203e-01 (5.7203e-01)	Loss_VinDrCXR_rad8 mse 4.6965e-01 (4.6965e-01)
Epoch: [151][50/66]	Time  0.975 ( 1.180)	Loss_VinDrCXR_rad8 cls 1.2635e-01 (1.4492e-01)	Loss_VinDrCXR_rad8 mse 1.3182e+00 (4.3298e-01)
Epoch: [151] Train_Loss_cls: 1.4357e-01 Train_Loss_mse: 4.3026e-01
Epoch: [151][ 0/62]	Time  8.517 ( 8.517)	Loss_VinDrCXR_rad9 cls 1.9196e-01 (1.9196e-01)	Loss_VinDrCXR_rad9 mse 1.5981e-01 (1.5981e-01)
Epoch: [151][50/62]	Time  0.975 ( 1.177)	Loss_VinDrCXR_rad9 cls 1.6019e-01 (1.7524e-01)	Loss_VinDrCXR_rad9 mse 8.3563e-02 (3.2772e-01)
Epoch: [151] Train_Loss_cls: 1.7609e-01 Train_Loss_mse: 3.8878e-01
Epoch: [151][ 0/65]	Time  8.902 ( 8.902)	Loss_VinDrCXR_rad10 cls 1.4150e-01 (1.4150e-01)	Loss_VinDrCXR_rad10 mse 6.2531e-02 (6.2531e-02)
Epoch: [151][50/65]	Time  0.975 ( 1.175)	Loss_VinDrCXR_rad10 cls 9.0280e-02 (1.2579e-01)	Loss_VinDrCXR_rad10 mse 9.7055e-02 (3.3503e-01)
Epoch: [151] Train_Loss_cls: 1.2736e-01 Train_Loss_mse: 3.1982e-01
Epoch: [151][ 0/16]	Time  8.370 ( 8.370)	Loss_VinDrCXR_rad11 cls 6.7748e-02 (6.7748e-02)	Loss_VinDrCXR_rad11 mse 4.9256e-02 (4.9256e-02)
Epoch: [151] Train_Loss_cls: 3.7372e-02 Train_Loss_mse: 4.6271e-02
Epoch: [151][ 0/17]	Time  8.611 ( 8.611)	Loss_VinDrCXR_rad12 cls 4.0683e-02 (4.0683e-02)	Loss_VinDrCXR_rad12 mse 4.5830e-02 (4.5830e-02)
Epoch: [151] Train_Loss_cls: 3.0243e-02 Train_Loss_mse: 5.6805e-02
Epoch: [151][ 0/17]	Time  8.911 ( 8.911)	Loss_VinDrCXR_rad13 cls 5.5045e-02 (5.5045e-02)	Loss_VinDrCXR_rad13 mse 4.8646e-02 (4.8646e-02)
Epoch: [151] Train_Loss_cls: 3.9902e-02 Train_Loss_mse: 7.4604e-02
Epoch: [151][ 0/15]	Time  8.498 ( 8.498)	Loss_VinDrCXR_rad14 cls 4.5171e-02 (4.5171e-02)	Loss_VinDrCXR_rad14 mse 4.5949e-02 (4.5949e-02)
Epoch: [151] Train_Loss_cls: 3.9483e-02 Train_Loss_mse: 8.4863e-02
Epoch: [151][ 0/17]	Time  8.782 ( 8.782)	Loss_VinDrCXR_rad15 cls 2.1771e-02 (2.1771e-02)	Loss_VinDrCXR_rad15 mse 2.0991e-02 (2.0991e-02)
Epoch: [151] Train_Loss_cls: 3.8808e-02 Train_Loss_mse: 5.9154e-02
Epoch: [151][ 0/17]	Time  8.624 ( 8.624)	Loss_VinDrCXR_rad16 cls 1.8307e-02 (1.8307e-02)	Loss_VinDrCXR_rad16 mse 1.6974e-02 (1.6974e-02)
Epoch: [151] Train_Loss_cls: 2.7193e-02 Train_Loss_mse: 5.0192e-02
Epoch: [151][0/8]	Time  8.771 ( 8.771)	Loss_VinDrCXR_rad17 cls 3.2416e-02 (3.2416e-02)	Loss_VinDrCXR_rad17 mse 3.1914e-02 (3.1914e-02)
Epoch: [151] Train_Loss_cls: 3.6034e-02 Train_Loss_mse: 2.2461e-02
Val_VinDrCXR_rad1: [ 0/30]	Time  7.083 ( 7.083)	Loss 7.3324e-01 (7.3324e-01)
Epoch 0151: avg_val_loss 0.29557, saving model to ./Models/swin_base_Ark_Finetune_17Rad/Ark_PlusArk_Finetune_17Rad/Ark_Finetune_17Rad/Ark_PlusArk_Finetune_17Rad
Epoch: [152][ 0/20]	Time  8.713 ( 8.713)	Loss_VinDrCXR_rad1 cls 1.2366e-03 (1.2366e-03)	Loss_VinDrCXR_rad1 mse 4.7263e-03 (4.7263e-03)
Epoch: [152] Train_Loss_cls: 1.7730e-03 Train_Loss_mse: 6.5771e-03
Epoch: [152][ 0/32]	Time  9.261 ( 9.261)	Loss_VinDrCXR_rad2 cls 2.5931e-02 (2.5931e-02)	Loss_VinDrCXR_rad2 mse 2.6746e-01 (2.6746e-01)
Epoch: [152] Train_Loss_cls: 4.2464e-03 Train_Loss_mse: 1.8599e-02
Epoch: [152][ 0/23]	Time  8.452 ( 8.452)	Loss_VinDrCXR_rad3 cls 4.0169e-03 (4.0169e-03)	Loss_VinDrCXR_rad3 mse 6.8167e-03 (6.8167e-03)
Epoch: [152] Train_Loss_cls: 2.8081e-03 Train_Loss_mse: 8.7535e-03
Epoch: [152][ 0/16]	Time  8.658 ( 8.658)	Loss_VinDrCXR_rad4 cls 4.7559e-04 (4.7559e-04)	Loss_VinDrCXR_rad4 mse 7.9631e-03 (7.9631e-03)
Epoch: [152] Train_Loss_cls: 2.0030e-03 Train_Loss_mse: 4.6800e-03
Epoch: [152][ 0/28]	Time  8.597 ( 8.597)	Loss_VinDrCXR_rad5 cls 3.4673e-04 (3.4673e-04)	Loss_VinDrCXR_rad5 mse 4.2565e-03 (4.2565e-03)
Epoch: [152] Train_Loss_cls: 3.5900e-03 Train_Loss_mse: 5.3287e-03
Epoch: [152][ 0/21]	Time  8.498 ( 8.498)	Loss_VinDrCXR_rad6 cls 6.2930e-04 (6.2930e-04)	Loss_VinDrCXR_rad6 mse 5.3482e-03 (5.3482e-03)
Epoch: [152] Train_Loss_cls: 4.5968e-04 Train_Loss_mse: 5.6009e-03
Epoch: [152][ 0/18]	Time  8.641 ( 8.641)	Loss_VinDrCXR_rad7 cls 4.4859e-04 (4.4859e-04)	Loss_VinDrCXR_rad7 mse 5.0137e-03 (5.0137e-03)
Epoch: [152] Train_Loss_cls: 2.0002e-03 Train_Loss_mse: 2.3282e-02
Epoch: [152][ 0/66]	Time  8.755 ( 8.755)	Loss_VinDrCXR_rad8 cls 4.6210e-01 (4.6210e-01)	Loss_VinDrCXR_rad8 mse 1.2211e-01 (1.2211e-01)
Epoch: [152][50/66]	Time  0.976 ( 1.183)	Loss_VinDrCXR_rad8 cls 9.6385e-02 (1.2999e-01)	Loss_VinDrCXR_rad8 mse 5.3174e-01 (3.9949e-01)
Epoch: [152] Train_Loss_cls: 1.2652e-01 Train_Loss_mse: 3.9837e-01
Epoch: [152][ 0/62]	Time  8.573 ( 8.573)	Loss_VinDrCXR_rad9 cls 2.3016e-01 (2.3016e-01)	Loss_VinDrCXR_rad9 mse 9.6785e-02 (9.6785e-02)
Epoch: [152][50/62]	Time  0.975 ( 1.166)	Loss_VinDrCXR_rad9 cls 1.7927e-01 (1.7549e-01)	Loss_VinDrCXR_rad9 mse 7.0311e-01 (4.0876e-01)
Epoch: [152] Train_Loss_cls: 1.7571e-01 Train_Loss_mse: 3.7949e-01
Epoch: [152][ 0/65]	Time  8.652 ( 8.652)	Loss_VinDrCXR_rad10 cls 1.3932e-01 (1.3932e-01)	Loss_VinDrCXR_rad10 mse 6.0406e-01 (6.0406e-01)
Epoch: [152][50/65]	Time  0.977 ( 1.204)	Loss_VinDrCXR_rad10 cls 1.2644e-01 (1.3470e-01)	Loss_VinDrCXR_rad10 mse 9.2431e-01 (4.0702e-01)
Epoch: [152] Train_Loss_cls: 1.3374e-01 Train_Loss_mse: 4.1369e-01
Epoch: [152][ 0/16]	Time  8.736 ( 8.736)	Loss_VinDrCXR_rad11 cls 8.8251e-02 (8.8251e-02)	Loss_VinDrCXR_rad11 mse 8.1974e-02 (8.1974e-02)
Epoch: [152] Train_Loss_cls: 3.9600e-02 Train_Loss_mse: 8.9993e-02
Epoch: [152][ 0/17]	Time  8.383 ( 8.383)	Loss_VinDrCXR_rad12 cls 3.7796e-02 (3.7796e-02)	Loss_VinDrCXR_rad12 mse 2.3475e-02 (2.3475e-02)
Epoch: [152] Train_Loss_cls: 3.7135e-02 Train_Loss_mse: 1.1039e-01
Epoch: [152][ 0/17]	Time  8.954 ( 8.954)	Loss_VinDrCXR_rad13 cls 3.7508e-02 (3.7508e-02)	Loss_VinDrCXR_rad13 mse 4.5229e-02 (4.5229e-02)
Epoch: [152] Train_Loss_cls: 4.6959e-02 Train_Loss_mse: 7.0148e-02
Epoch: [152][ 0/15]	Time  8.880 ( 8.880)	Loss_VinDrCXR_rad14 cls 9.1913e-02 (9.1913e-02)	Loss_VinDrCXR_rad14 mse 8.8426e-02 (8.8426e-02)
Epoch: [152] Train_Loss_cls: 4.8419e-02 Train_Loss_mse: 1.3130e-01
Epoch: [152][ 0/17]	Time  8.598 ( 8.598)	Loss_VinDrCXR_rad15 cls 2.7859e-02 (2.7859e-02)	Loss_VinDrCXR_rad15 mse 2.0683e-02 (2.0683e-02)
Epoch: [152] Train_Loss_cls: 4.3538e-02 Train_Loss_mse: 3.6271e-02
Epoch: [152][ 0/17]	Time  8.970 ( 8.970)	Loss_VinDrCXR_rad16 cls 1.9176e-02 (1.9176e-02)	Loss_VinDrCXR_rad16 mse 3.0434e-02 (3.0434e-02)
Epoch: [152] Train_Loss_cls: 2.4100e-02 Train_Loss_mse: 2.7111e-02
Epoch: [152][0/8]	Time  8.706 ( 8.706)	Loss_VinDrCXR_rad17 cls 1.3899e-02 (1.3899e-02)	Loss_VinDrCXR_rad17 mse 9.9491e-03 (9.9491e-03)
Epoch: [152] Train_Loss_cls: 3.3100e-02 Train_Loss_mse: 1.9428e-02
Val_VinDrCXR_rad1: [ 0/30]	Time  7.201 ( 7.201)	Loss 8.3876e-01 (8.3876e-01)
Epoch 0152: avg_val_loss 0.30977, saving model to ./Models/swin_base_Ark_Finetune_17Rad/Ark_PlusArk_Finetune_17Rad/Ark_Finetune_17Rad/Ark_PlusArk_Finetune_17Rad
Epoch: [153][ 0/20]	Time  8.159 ( 8.159)	Loss_VinDrCXR_rad1 cls 5.5217e-03 (5.5217e-03)	Loss_VinDrCXR_rad1 mse 5.3016e-03 (5.3016e-03)
Epoch: [153] Train_Loss_cls: 2.0973e-03 Train_Loss_mse: 5.7096e-03
Epoch: [153][ 0/32]	Time  8.899 ( 8.899)	Loss_VinDrCXR_rad2 cls 5.2211e-04 (5.2211e-04)	Loss_VinDrCXR_rad2 mse 6.6907e-03 (6.6907e-03)
Epoch: [153] Train_Loss_cls: 4.0104e-03 Train_Loss_mse: 6.5640e-03
Epoch: [153][ 0/23]	Time  8.279 ( 8.279)	Loss_VinDrCXR_rad3 cls 7.0677e-04 (7.0677e-04)	Loss_VinDrCXR_rad3 mse 4.5479e-03 (4.5479e-03)
Epoch: [153] Train_Loss_cls: 3.2637e-03 Train_Loss_mse: 8.1868e-03
Epoch: [153][ 0/16]	Time  8.804 ( 8.804)	Loss_VinDrCXR_rad4 cls 3.4628e-04 (3.4628e-04)	Loss_VinDrCXR_rad4 mse 4.4405e-03 (4.4405e-03)
Epoch: [153] Train_Loss_cls: 1.9293e-03 Train_Loss_mse: 5.4710e-03
Epoch: [153][ 0/28]	Time  8.300 ( 8.300)	Loss_VinDrCXR_rad5 cls 4.9023e-04 (4.9023e-04)	Loss_VinDrCXR_rad5 mse 4.4133e-03 (4.4133e-03)
Epoch: [153] Train_Loss_cls: 3.0160e-03 Train_Loss_mse: 2.2457e-02
Epoch: [153][ 0/21]	Time  8.743 ( 8.743)	Loss_VinDrCXR_rad6 cls 4.6691e-04 (4.6691e-04)	Loss_VinDrCXR_rad6 mse 5.5474e-03 (5.5474e-03)
Epoch: [153] Train_Loss_cls: 4.5875e-04 Train_Loss_mse: 7.7151e-03
Epoch: [153][ 0/18]	Time  9.036 ( 9.036)	Loss_VinDrCXR_rad7 cls 1.0422e-03 (1.0422e-03)	Loss_VinDrCXR_rad7 mse 6.4523e-03 (6.4523e-03)
Epoch: [153] Train_Loss_cls: 2.6128e-03 Train_Loss_mse: 8.5327e-03
Epoch: [153][ 0/66]	Time  8.923 ( 8.923)	Loss_VinDrCXR_rad8 cls 5.0610e-01 (5.0610e-01)	Loss_VinDrCXR_rad8 mse 4.9963e-01 (4.9963e-01)
Epoch: [153][50/66]	Time  0.975 ( 1.160)	Loss_VinDrCXR_rad8 cls 1.0412e-01 (1.3667e-01)	Loss_VinDrCXR_rad8 mse 1.0027e-01 (4.0508e-01)
Epoch: [153] Train_Loss_cls: 1.3293e-01 Train_Loss_mse: 4.3304e-01
Epoch: [153][ 0/62]	Time  8.928 ( 8.928)	Loss_VinDrCXR_rad9 cls 2.3952e-01 (2.3952e-01)	Loss_VinDrCXR_rad9 mse 2.7138e-01 (2.7138e-01)
Epoch: [153][50/62]	Time  1.284 ( 1.158)	Loss_VinDrCXR_rad9 cls 2.0392e-01 (1.8328e-01)	Loss_VinDrCXR_rad9 mse 3.4638e-01 (4.8227e-01)
Epoch: [153] Train_Loss_cls: 1.8114e-01 Train_Loss_mse: 5.0527e-01
Epoch: [153][ 0/65]	Time  8.384 ( 8.384)	Loss_VinDrCXR_rad10 cls 1.2357e-01 (1.2357e-01)	Loss_VinDrCXR_rad10 mse 9.4780e-01 (9.4780e-01)
Epoch: [153][50/65]	Time  0.991 ( 1.164)	Loss_VinDrCXR_rad10 cls 1.2990e-01 (1.3197e-01)	Loss_VinDrCXR_rad10 mse 5.2058e-01 (3.2214e-01)
Epoch: [153] Train_Loss_cls: 1.3138e-01 Train_Loss_mse: 3.4264e-01
Epoch: [153][ 0/16]	Time  8.700 ( 8.700)	Loss_VinDrCXR_rad11 cls 7.2341e-02 (7.2341e-02)	Loss_VinDrCXR_rad11 mse 7.2356e-02 (7.2356e-02)
Epoch: [153] Train_Loss_cls: 3.3017e-02 Train_Loss_mse: 3.6323e-02
Epoch: [153][ 0/17]	Time  8.666 ( 8.666)	Loss_VinDrCXR_rad12 cls 4.5836e-02 (4.5836e-02)	Loss_VinDrCXR_rad12 mse 3.7919e-02 (3.7919e-02)
Epoch: [153] Train_Loss_cls: 3.2901e-02 Train_Loss_mse: 1.2312e-01
Epoch: [153][ 0/17]	Time  8.540 ( 8.540)	Loss_VinDrCXR_rad13 cls 7.0930e-02 (7.0930e-02)	Loss_VinDrCXR_rad13 mse 3.6446e-02 (3.6446e-02)
Epoch: [153] Train_Loss_cls: 3.8433e-02 Train_Loss_mse: 2.8813e-02
Epoch: [153][ 0/15]	Time  8.752 ( 8.752)	Loss_VinDrCXR_rad14 cls 5.5591e-02 (5.5591e-02)	Loss_VinDrCXR_rad14 mse 1.4244e-02 (1.4244e-02)
Epoch: [153] Train_Loss_cls: 4.0839e-02 Train_Loss_mse: 6.2492e-02
Epoch: [153][ 0/17]	Time  8.761 ( 8.761)	Loss_VinDrCXR_rad15 cls 4.4501e-02 (4.4501e-02)	Loss_VinDrCXR_rad15 mse 1.7439e-02 (1.7439e-02)
Epoch: [153] Train_Loss_cls: 3.9218e-02 Train_Loss_mse: 5.2978e-02
Epoch: [153][ 0/17]	Time  8.475 ( 8.475)	Loss_VinDrCXR_rad16 cls 2.0536e-02 (2.0536e-02)	Loss_VinDrCXR_rad16 mse 8.3963e-03 (8.3963e-03)
Epoch: [153] Train_Loss_cls: 2.3535e-02 Train_Loss_mse: 6.1078e-02
Epoch: [153][0/8]	Time  8.331 ( 8.331)	Loss_VinDrCXR_rad17 cls 1.5203e-02 (1.5203e-02)	Loss_VinDrCXR_rad17 mse 3.3034e-02 (3.3034e-02)
Epoch: [153] Train_Loss_cls: 2.4928e-02 Train_Loss_mse: 2.1068e-02
Val_VinDrCXR_rad1: [ 0/30]	Time  7.287 ( 7.287)	Loss 7.9662e-01 (7.9662e-01)
Epoch 0153: avg_val_loss 0.31023, saving model to ./Models/swin_base_Ark_Finetune_17Rad/Ark_PlusArk_Finetune_17Rad/Ark_Finetune_17Rad/Ark_PlusArk_Finetune_17Rad
Epoch: [154][ 0/20]	Time  8.099 ( 8.099)	Loss_VinDrCXR_rad1 cls 2.3982e-03 (2.3982e-03)	Loss_VinDrCXR_rad1 mse 6.0315e-03 (6.0315e-03)
Epoch: [154] Train_Loss_cls: 2.2137e-03 Train_Loss_mse: 7.5689e-03
Epoch: [154][ 0/32]	Time  8.919 ( 8.919)	Loss_VinDrCXR_rad2 cls 5.3014e-04 (5.3014e-04)	Loss_VinDrCXR_rad2 mse 4.9049e-03 (4.9049e-03)
Epoch: [154] Train_Loss_cls: 4.4056e-03 Train_Loss_mse: 6.8321e-03
Epoch: [154][ 0/23]	Time  8.263 ( 8.263)	Loss_VinDrCXR_rad3 cls 4.9687e-04 (4.9687e-04)	Loss_VinDrCXR_rad3 mse 3.5671e-03 (3.5671e-03)
Epoch: [154] Train_Loss_cls: 1.9737e-03 Train_Loss_mse: 2.7348e-02
Epoch: [154][ 0/16]	Time  8.288 ( 8.288)	Loss_VinDrCXR_rad4 cls 5.1900e-04 (5.1900e-04)	Loss_VinDrCXR_rad4 mse 6.4030e-03 (6.4030e-03)
Epoch: [154] Train_Loss_cls: 2.1204e-03 Train_Loss_mse: 1.0470e-02
Epoch: [154][ 0/28]	Time  7.935 ( 7.935)	Loss_VinDrCXR_rad5 cls 3.5002e-04 (3.5002e-04)	Loss_VinDrCXR_rad5 mse 3.7830e-03 (3.7830e-03)
Epoch: [154] Train_Loss_cls: 3.1291e-03 Train_Loss_mse: 5.4356e-03
Epoch: [154][ 0/21]	Time  8.319 ( 8.319)	Loss_VinDrCXR_rad6 cls 1.1324e-03 (1.1324e-03)	Loss_VinDrCXR_rad6 mse 7.3434e-03 (7.3434e-03)
Epoch: [154] Train_Loss_cls: 5.6705e-04 Train_Loss_mse: 2.8030e-02
Epoch: [154][ 0/18]	Time  7.859 ( 7.859)	Loss_VinDrCXR_rad7 cls 3.5409e-04 (3.5409e-04)	Loss_VinDrCXR_rad7 mse 4.1972e-03 (4.1972e-03)
Epoch: [154] Train_Loss_cls: 2.1805e-03 Train_Loss_mse: 7.4184e-03
Epoch: [154][ 0/66]	Time  8.965 ( 8.965)	Loss_VinDrCXR_rad8 cls 5.0287e-01 (5.0287e-01)	Loss_VinDrCXR_rad8 mse 3.5475e-01 (3.5475e-01)
Epoch: [154][50/66]	Time  0.975 ( 1.147)	Loss_VinDrCXR_rad8 cls 1.2255e-01 (1.3639e-01)	Loss_VinDrCXR_rad8 mse 5.1735e-02 (4.3613e-01)
Epoch: [154] Train_Loss_cls: 1.3054e-01 Train_Loss_mse: 3.9926e-01
Epoch: [154][ 0/62]	Time  8.666 ( 8.666)	Loss_VinDrCXR_rad9 cls 2.3696e-01 (2.3696e-01)	Loss_VinDrCXR_rad9 mse 5.6130e-01 (5.6130e-01)
Epoch: [154][50/62]	Time  0.977 ( 1.168)	Loss_VinDrCXR_rad9 cls 1.5344e-01 (1.8014e-01)	Loss_VinDrCXR_rad9 mse 3.2198e-01 (4.5819e-01)
Epoch: [154] Train_Loss_cls: 1.8027e-01 Train_Loss_mse: 4.6581e-01
Epoch: [154][ 0/65]	Time  9.602 ( 9.602)	Loss_VinDrCXR_rad10 cls 1.4178e-01 (1.4178e-01)	Loss_VinDrCXR_rad10 mse 5.1859e-01 (5.1859e-01)
Epoch: [154][50/65]	Time  0.975 ( 1.157)	Loss_VinDrCXR_rad10 cls 1.4587e-01 (1.3829e-01)	Loss_VinDrCXR_rad10 mse 1.5902e-01 (4.2428e-01)
Epoch: [154] Train_Loss_cls: 1.3698e-01 Train_Loss_mse: 4.1486e-01
Epoch: [154][ 0/16]	Time  9.020 ( 9.020)	Loss_VinDrCXR_rad11 cls 9.0175e-02 (9.0175e-02)	Loss_VinDrCXR_rad11 mse 2.5590e-02 (2.5590e-02)
Epoch: [154] Train_Loss_cls: 3.3361e-02 Train_Loss_mse: 5.8860e-02
Epoch: [154][ 0/17]	Time  8.726 ( 8.726)	Loss_VinDrCXR_rad12 cls 4.8932e-02 (4.8932e-02)	Loss_VinDrCXR_rad12 mse 2.5038e-02 (2.5038e-02)
Epoch: [154] Train_Loss_cls: 3.4326e-02 Train_Loss_mse: 9.3566e-02
Epoch: [154][ 0/17]	Time  8.380 ( 8.380)	Loss_VinDrCXR_rad13 cls 1.4073e-02 (1.4073e-02)	Loss_VinDrCXR_rad13 mse 8.9271e-02 (8.9271e-02)
Epoch: [154] Train_Loss_cls: 3.3319e-02 Train_Loss_mse: 6.3624e-02
Epoch: [154][ 0/15]	Time  8.863 ( 8.863)	Loss_VinDrCXR_rad14 cls 5.1484e-02 (5.1484e-02)	Loss_VinDrCXR_rad14 mse 1.8949e-02 (1.8949e-02)
Epoch: [154] Train_Loss_cls: 4.3034e-02 Train_Loss_mse: 6.3119e-02
Epoch: [154][ 0/17]	Time  8.683 ( 8.683)	Loss_VinDrCXR_rad15 cls 2.8802e-02 (2.8802e-02)	Loss_VinDrCXR_rad15 mse 1.6942e-02 (1.6942e-02)
Epoch: [154] Train_Loss_cls: 3.7504e-02 Train_Loss_mse: 6.1971e-02
Epoch: [154][ 0/17]	Time  8.291 ( 8.291)	Loss_VinDrCXR_rad16 cls 1.9950e-02 (1.9950e-02)	Loss_VinDrCXR_rad16 mse 1.0967e-02 (1.0967e-02)
Epoch: [154] Train_Loss_cls: 2.4324e-02 Train_Loss_mse: 3.4532e-02
Epoch: [154][0/8]	Time  8.591 ( 8.591)	Loss_VinDrCXR_rad17 cls 2.7029e-02 (2.7029e-02)	Loss_VinDrCXR_rad17 mse 1.5224e-02 (1.5224e-02)
Epoch: [154] Train_Loss_cls: 2.5357e-02 Train_Loss_mse: 1.3763e-02
Val_VinDrCXR_rad1: [ 0/30]	Time  7.196 ( 7.196)	Loss 7.3796e-01 (7.3796e-01)
Epoch 0154: avg_val_loss 0.28606, saving model to ./Models/swin_base_Ark_Finetune_17Rad/Ark_PlusArk_Finetune_17Rad/Ark_Finetune_17Rad/Ark_PlusArk_Finetune_17Rad
Epoch: [155][ 0/20]	Time  8.347 ( 8.347)	Loss_VinDrCXR_rad1 cls 1.1923e-02 (1.1923e-02)	Loss_VinDrCXR_rad1 mse 2.1742e-02 (2.1742e-02)
Epoch: [155] Train_Loss_cls: 2.1508e-03 Train_Loss_mse: 7.6478e-03
Epoch: [155][ 0/32]	Time  9.228 ( 9.228)	Loss_VinDrCXR_rad2 cls 4.6926e-04 (4.6926e-04)	Loss_VinDrCXR_rad2 mse 5.4734e-03 (5.4734e-03)
Epoch: [155] Train_Loss_cls: 4.5253e-03 Train_Loss_mse: 6.7068e-03
Epoch: [155][ 0/23]	Time  8.718 ( 8.718)	Loss_VinDrCXR_rad3 cls 4.5909e-04 (4.5909e-04)	Loss_VinDrCXR_rad3 mse 4.4743e-03 (4.4743e-03)
Epoch: [155] Train_Loss_cls: 1.8645e-03 Train_Loss_mse: 5.8349e-03
Epoch: [155][ 0/16]	Time  8.818 ( 8.818)	Loss_VinDrCXR_rad4 cls 2.9324e-04 (2.9324e-04)	Loss_VinDrCXR_rad4 mse 3.3613e-03 (3.3613e-03)
Epoch: [155] Train_Loss_cls: 1.9967e-03 Train_Loss_mse: 4.6574e-03
Epoch: [155][ 0/28]	Time  8.039 ( 8.039)	Loss_VinDrCXR_rad5 cls 4.5777e-04 (4.5777e-04)	Loss_VinDrCXR_rad5 mse 5.2632e-03 (5.2632e-03)
Epoch: [155] Train_Loss_cls: 3.6468e-03 Train_Loss_mse: 5.3529e-03
Epoch: [155][ 0/21]	Time  8.911 ( 8.911)	Loss_VinDrCXR_rad6 cls 4.9219e-04 (4.9219e-04)	Loss_VinDrCXR_rad6 mse 4.9231e-03 (4.9231e-03)
Epoch: [155] Train_Loss_cls: 5.6366e-04 Train_Loss_mse: 2.8283e-02
Epoch: [155][ 0/18]	Time  8.856 ( 8.856)	Loss_VinDrCXR_rad7 cls 3.0272e-04 (3.0272e-04)	Loss_VinDrCXR_rad7 mse 5.5581e-03 (5.5581e-03)
Epoch: [155] Train_Loss_cls: 2.3801e-03 Train_Loss_mse: 5.1277e-03
Epoch: [155][ 0/66]	Time  8.665 ( 8.665)	Loss_VinDrCXR_rad8 cls 5.4346e-01 (5.4346e-01)	Loss_VinDrCXR_rad8 mse 4.9296e-01 (4.9296e-01)
Epoch: [155][50/66]	Time  2.105 ( 1.179)	Loss_VinDrCXR_rad8 cls 1.2327e-01 (1.3653e-01)	Loss_VinDrCXR_rad8 mse 4.6781e-01 (3.9776e-01)
Epoch: [155] Train_Loss_cls: 1.3125e-01 Train_Loss_mse: 3.8866e-01
Epoch: [155][ 0/62]	Time  8.426 ( 8.426)	Loss_VinDrCXR_rad9 cls 1.8777e-01 (1.8777e-01)	Loss_VinDrCXR_rad9 mse 5.5909e-02 (5.5909e-02)
Epoch: [155][50/62]	Time  0.975 ( 1.171)	Loss_VinDrCXR_rad9 cls 1.6918e-01 (1.8038e-01)	Loss_VinDrCXR_rad9 mse 6.8194e-01 (4.3316e-01)
Epoch: [155] Train_Loss_cls: 1.7976e-01 Train_Loss_mse: 4.1291e-01
Epoch: [155][ 0/65]	Time  8.778 ( 8.778)	Loss_VinDrCXR_rad10 cls 1.8152e-01 (1.8152e-01)	Loss_VinDrCXR_rad10 mse 6.3013e-01 (6.3013e-01)
Epoch: [155][50/65]	Time  0.975 ( 1.154)	Loss_VinDrCXR_rad10 cls 1.2233e-01 (1.3681e-01)	Loss_VinDrCXR_rad10 mse 1.4281e-01 (4.1832e-01)
Epoch: [155] Train_Loss_cls: 1.3712e-01 Train_Loss_mse: 4.1048e-01
Epoch: [155][ 0/16]	Time  8.578 ( 8.578)	Loss_VinDrCXR_rad11 cls 7.0451e-02 (7.0451e-02)	Loss_VinDrCXR_rad11 mse 4.0771e-02 (4.0771e-02)
Epoch: [155] Train_Loss_cls: 3.7524e-02 Train_Loss_mse: 2.7724e-02
Epoch: [155][ 0/17]	Time  8.876 ( 8.876)	Loss_VinDrCXR_rad12 cls 2.3928e-02 (2.3928e-02)	Loss_VinDrCXR_rad12 mse 2.6634e-02 (2.6634e-02)
Epoch: [155] Train_Loss_cls: 3.2873e-02 Train_Loss_mse: 5.2323e-02
Epoch: [155][ 0/17]	Time  8.952 ( 8.952)	Loss_VinDrCXR_rad13 cls 5.5885e-02 (5.5885e-02)	Loss_VinDrCXR_rad13 mse 3.4162e-02 (3.4162e-02)
Epoch: [155] Train_Loss_cls: 3.4013e-02 Train_Loss_mse: 2.8666e-02
Epoch: [155][ 0/15]	Time  8.615 ( 8.615)	Loss_VinDrCXR_rad14 cls 3.6833e-02 (3.6833e-02)	Loss_VinDrCXR_rad14 mse 3.1641e-02 (3.1641e-02)
Epoch: [155] Train_Loss_cls: 4.0620e-02 Train_Loss_mse: 8.0137e-02
Epoch: [155][ 0/17]	Time  8.626 ( 8.626)	Loss_VinDrCXR_rad15 cls 3.9985e-02 (3.9985e-02)	Loss_VinDrCXR_rad15 mse 2.4931e-02 (2.4931e-02)
Epoch: [155] Train_Loss_cls: 4.1484e-02 Train_Loss_mse: 3.8485e-02
Epoch: [155][ 0/17]	Time  8.791 ( 8.791)	Loss_VinDrCXR_rad16 cls 1.8257e-02 (1.8257e-02)	Loss_VinDrCXR_rad16 mse 1.5227e-02 (1.5227e-02)
Epoch: [155] Train_Loss_cls: 3.1037e-02 Train_Loss_mse: 5.8512e-02
Epoch: [155][0/8]	Time  8.479 ( 8.479)	Loss_VinDrCXR_rad17 cls 1.1635e-02 (1.1635e-02)	Loss_VinDrCXR_rad17 mse 6.7116e-02 (6.7116e-02)
Epoch: [155] Train_Loss_cls: 2.7515e-02 Train_Loss_mse: 2.7129e-02
Val_VinDrCXR_rad1: [ 0/30]	Time  7.382 ( 7.382)	Loss 7.1894e-01 (7.1894e-01)
Epoch 0155: avg_val_loss 0.27449, saving model to ./Models/swin_base_Ark_Finetune_17Rad/Ark_PlusArk_Finetune_17Rad/Ark_Finetune_17Rad/Ark_PlusArk_Finetune_17Rad
Epoch: [156][ 0/20]	Time  8.150 ( 8.150)	Loss_VinDrCXR_rad1 cls 3.8441e-03 (3.8441e-03)	Loss_VinDrCXR_rad1 mse 5.5727e-03 (5.5727e-03)
Epoch: [156] Train_Loss_cls: 2.7106e-03 Train_Loss_mse: 7.5195e-03
Epoch: [156][ 0/32]	Time  8.757 ( 8.757)	Loss_VinDrCXR_rad2 cls 8.1258e-04 (8.1258e-04)	Loss_VinDrCXR_rad2 mse 7.3929e-03 (7.3929e-03)
Epoch: [156] Train_Loss_cls: 4.7784e-03 Train_Loss_mse: 7.0943e-03
Epoch: [156][ 0/23]	Time  8.457 ( 8.457)	Loss_VinDrCXR_rad3 cls 6.5429e-04 (6.5429e-04)	Loss_VinDrCXR_rad3 mse 5.7860e-03 (5.7860e-03)
Epoch: [156] Train_Loss_cls: 2.3766e-03 Train_Loss_mse: 2.4265e-02
Epoch: [156][ 0/16]	Time  8.696 ( 8.696)	Loss_VinDrCXR_rad4 cls 3.9908e-04 (3.9908e-04)	Loss_VinDrCXR_rad4 mse 4.0184e-03 (4.0184e-03)
Epoch: [156] Train_Loss_cls: 2.1468e-03 Train_Loss_mse: 5.2284e-03
Epoch: [156][ 0/28]	Time  8.550 ( 8.550)	Loss_VinDrCXR_rad5 cls 3.8410e-04 (3.8410e-04)	Loss_VinDrCXR_rad5 mse 6.6647e-03 (6.6647e-03)
Epoch: [156] Train_Loss_cls: 3.7789e-03 Train_Loss_mse: 6.1343e-03
Epoch: [156][ 0/21]	Time  8.607 ( 8.607)	Loss_VinDrCXR_rad6 cls 4.8367e-04 (4.8367e-04)	Loss_VinDrCXR_rad6 mse 3.7974e-03 (3.7974e-03)
Epoch: [156] Train_Loss_cls: 9.1433e-04 Train_Loss_mse: 6.8930e-03
Epoch: [156][ 0/18]	Time  8.353 ( 8.353)	Loss_VinDrCXR_rad7 cls 7.5430e-04 (7.5430e-04)	Loss_VinDrCXR_rad7 mse 3.6907e-02 (3.6907e-02)
Epoch: [156] Train_Loss_cls: 2.2809e-03 Train_Loss_mse: 3.7921e-02
Epoch: [156][ 0/66]	Time  8.736 ( 8.736)	Loss_VinDrCXR_rad8 cls 4.8278e-01 (4.8278e-01)	Loss_VinDrCXR_rad8 mse 1.0440e+00 (1.0440e+00)
Epoch: [156][50/66]	Time  0.975 ( 1.184)	Loss_VinDrCXR_rad8 cls 8.6901e-02 (1.2806e-01)	Loss_VinDrCXR_rad8 mse 1.1488e-01 (2.9070e-01)
Epoch: [156] Train_Loss_cls: 1.2869e-01 Train_Loss_mse: 3.8516e-01
Epoch: [156][ 0/62]	Time  8.551 ( 8.551)	Loss_VinDrCXR_rad9 cls 2.1956e-01 (2.1956e-01)	Loss_VinDrCXR_rad9 mse 2.4367e-01 (2.4367e-01)
Epoch: [156][50/62]	Time  0.976 ( 1.218)	Loss_VinDrCXR_rad9 cls 1.7676e-01 (1.7750e-01)	Loss_VinDrCXR_rad9 mse 1.0268e+00 (3.2803e-01)
Epoch: [156] Train_Loss_cls: 1.7473e-01 Train_Loss_mse: 3.2674e-01
Epoch: [156][ 0/65]	Time  8.925 ( 8.925)	Loss_VinDrCXR_rad10 cls 1.6079e-01 (1.6079e-01)	Loss_VinDrCXR_rad10 mse 6.1422e-01 (6.1422e-01)
Epoch: [156][50/65]	Time  0.976 ( 1.148)	Loss_VinDrCXR_rad10 cls 9.3930e-02 (1.3774e-01)	Loss_VinDrCXR_rad10 mse 1.2773e-01 (4.2298e-01)
Epoch: [156] Train_Loss_cls: 1.3624e-01 Train_Loss_mse: 4.4701e-01
Epoch: [156][ 0/16]	Time  8.611 ( 8.611)	Loss_VinDrCXR_rad11 cls 7.7007e-02 (7.7007e-02)	Loss_VinDrCXR_rad11 mse 4.8452e-02 (4.8452e-02)
Epoch: [156] Train_Loss_cls: 3.7195e-02 Train_Loss_mse: 7.3290e-02
Epoch: [156][ 0/17]	Time  8.915 ( 8.915)	Loss_VinDrCXR_rad12 cls 1.9890e-02 (1.9890e-02)	Loss_VinDrCXR_rad12 mse 1.6966e-02 (1.6966e-02)
Epoch: [156] Train_Loss_cls: 2.7647e-02 Train_Loss_mse: 3.4446e-02
Epoch: [156][ 0/17]	Time  8.974 ( 8.974)	Loss_VinDrCXR_rad13 cls 5.9049e-02 (5.9049e-02)	Loss_VinDrCXR_rad13 mse 2.2869e-02 (2.2869e-02)
Epoch: [156] Train_Loss_cls: 3.6572e-02 Train_Loss_mse: 8.2868e-02
Epoch: [156][ 0/15]	Time  8.382 ( 8.382)	Loss_VinDrCXR_rad14 cls 5.3918e-02 (5.3918e-02)	Loss_VinDrCXR_rad14 mse 2.3017e-02 (2.3017e-02)
Epoch: [156] Train_Loss_cls: 3.8203e-02 Train_Loss_mse: 2.4374e-02
Epoch: [156][ 0/17]	Time  8.389 ( 8.389)	Loss_VinDrCXR_rad15 cls 3.8104e-02 (3.8104e-02)	Loss_VinDrCXR_rad15 mse 2.1267e-02 (2.1267e-02)
Epoch: [156] Train_Loss_cls: 3.9125e-02 Train_Loss_mse: 2.2495e-02
Epoch: [156][ 0/17]	Time  8.542 ( 8.542)	Loss_VinDrCXR_rad16 cls 4.3032e-02 (4.3032e-02)	Loss_VinDrCXR_rad16 mse 5.3453e-01 (5.3453e-01)
Epoch: [156] Train_Loss_cls: 2.5685e-02 Train_Loss_mse: 6.8540e-02
Epoch: [156][0/8]	Time  8.819 ( 8.819)	Loss_VinDrCXR_rad17 cls 2.1955e-02 (2.1955e-02)	Loss_VinDrCXR_rad17 mse 1.3008e-02 (1.3008e-02)
Epoch: [156] Train_Loss_cls: 3.2217e-02 Train_Loss_mse: 2.5029e-02
Val_VinDrCXR_rad1: [ 0/30]	Time  7.286 ( 7.286)	Loss 8.4681e-01 (8.4681e-01)
Epoch 0156: avg_val_loss 0.32238, saving model to ./Models/swin_base_Ark_Finetune_17Rad/Ark_PlusArk_Finetune_17Rad/Ark_Finetune_17Rad/Ark_PlusArk_Finetune_17Rad
Epoch: [157][ 0/20]	Time  8.264 ( 8.264)	Loss_VinDrCXR_rad1 cls 3.2380e-03 (3.2380e-03)	Loss_VinDrCXR_rad1 mse 5.6729e-03 (5.6729e-03)
Epoch: [157] Train_Loss_cls: 3.2721e-03 Train_Loss_mse: 9.5717e-03
Epoch: [157][ 0/32]	Time  8.827 ( 8.827)	Loss_VinDrCXR_rad2 cls 4.2143e-04 (4.2143e-04)	Loss_VinDrCXR_rad2 mse 5.2910e-03 (5.2910e-03)
Epoch: [157] Train_Loss_cls: 4.6840e-03 Train_Loss_mse: 1.0743e-02
Epoch: [157][ 0/23]	Time  8.673 ( 8.673)	Loss_VinDrCXR_rad3 cls 6.0236e-04 (6.0236e-04)	Loss_VinDrCXR_rad3 mse 6.4722e-03 (6.4722e-03)
Epoch: [157] Train_Loss_cls: 2.9665e-03 Train_Loss_mse: 5.6643e-03
Epoch: [157][ 0/16]	Time  8.428 ( 8.428)	Loss_VinDrCXR_rad4 cls 4.5735e-04 (4.5735e-04)	Loss_VinDrCXR_rad4 mse 5.7464e-03 (5.7464e-03)
Epoch: [157] Train_Loss_cls: 2.3291e-03 Train_Loss_mse: 5.3834e-03
Epoch: [157][ 0/28]	Time  8.095 ( 8.095)	Loss_VinDrCXR_rad5 cls 1.2964e-02 (1.2964e-02)	Loss_VinDrCXR_rad5 mse 3.8443e-03 (3.8443e-03)
Epoch: [157] Train_Loss_cls: 3.4273e-03 Train_Loss_mse: 5.7342e-03
Epoch: [157][ 0/21]	Time  8.405 ( 8.405)	Loss_VinDrCXR_rad6 cls 4.5034e-04 (4.5034e-04)	Loss_VinDrCXR_rad6 mse 3.8661e-03 (3.8661e-03)
Epoch: [157] Train_Loss_cls: 5.5383e-04 Train_Loss_mse: 6.1034e-03
Epoch: [157][ 0/18]	Time  8.963 ( 8.963)	Loss_VinDrCXR_rad7 cls 2.8660e-04 (2.8660e-04)	Loss_VinDrCXR_rad7 mse 5.2371e-03 (5.2371e-03)
Epoch: [157] Train_Loss_cls: 2.0404e-03 Train_Loss_mse: 6.3358e-03
Epoch: [157][ 0/66]	Time  9.186 ( 9.186)	Loss_VinDrCXR_rad8 cls 5.2037e-01 (5.2037e-01)	Loss_VinDrCXR_rad8 mse 1.6374e-01 (1.6374e-01)
Epoch: [157][50/66]	Time  0.975 ( 1.184)	Loss_VinDrCXR_rad8 cls 1.1694e-01 (1.3819e-01)	Loss_VinDrCXR_rad8 mse 9.9208e-01 (4.6403e-01)
Epoch: [157] Train_Loss_cls: 1.3386e-01 Train_Loss_mse: 4.6345e-01
Epoch: [157][ 0/62]	Time  8.484 ( 8.484)	Loss_VinDrCXR_rad9 cls 1.9755e-01 (1.9755e-01)	Loss_VinDrCXR_rad9 mse 1.1024e-01 (1.1024e-01)
Epoch: [157][50/62]	Time  0.975 ( 1.180)	Loss_VinDrCXR_rad9 cls 1.6654e-01 (2.0381e-01)	Loss_VinDrCXR_rad9 mse 1.2440e-01 (6.7431e-01)
Epoch: [157] Train_Loss_cls: 2.0259e-01 Train_Loss_mse: 6.7767e-01
Epoch: [157][ 0/65]	Time  8.792 ( 8.792)	Loss_VinDrCXR_rad10 cls 1.5849e-01 (1.5849e-01)	Loss_VinDrCXR_rad10 mse 5.1677e-01 (5.1677e-01)
Epoch: [157][50/65]	Time  0.975 ( 1.191)	Loss_VinDrCXR_rad10 cls 1.7417e-01 (1.4245e-01)	Loss_VinDrCXR_rad10 mse 3.6698e-01 (4.6852e-01)
Epoch: [157] Train_Loss_cls: 1.4099e-01 Train_Loss_mse: 4.2269e-01
Epoch: [157][ 0/16]	Time  9.000 ( 9.000)	Loss_VinDrCXR_rad11 cls 9.6408e-02 (9.6408e-02)	Loss_VinDrCXR_rad11 mse 1.5893e-01 (1.5893e-01)
Epoch: [157] Train_Loss_cls: 4.1358e-02 Train_Loss_mse: 7.5442e-02
Epoch: [157][ 0/17]	Time  8.973 ( 8.973)	Loss_VinDrCXR_rad12 cls 3.6618e-02 (3.6618e-02)	Loss_VinDrCXR_rad12 mse 5.1128e-02 (5.1128e-02)
Epoch: [157] Train_Loss_cls: 3.4370e-02 Train_Loss_mse: 1.2353e-01
Epoch: [157][ 0/17]	Time  8.597 ( 8.597)	Loss_VinDrCXR_rad13 cls 3.2787e-02 (3.2787e-02)	Loss_VinDrCXR_rad13 mse 4.3874e-02 (4.3874e-02)
Epoch: [157] Train_Loss_cls: 4.1595e-02 Train_Loss_mse: 3.5130e-02
Epoch: [157][ 0/15]	Time  8.834 ( 8.834)	Loss_VinDrCXR_rad14 cls 9.1703e-02 (9.1703e-02)	Loss_VinDrCXR_rad14 mse 5.8970e-01 (5.8970e-01)
Epoch: [157] Train_Loss_cls: 4.6479e-02 Train_Loss_mse: 7.7685e-02
Epoch: [157][ 0/17]	Time  8.783 ( 8.783)	Loss_VinDrCXR_rad15 cls 4.7016e-02 (4.7016e-02)	Loss_VinDrCXR_rad15 mse 3.4751e-02 (3.4751e-02)
Epoch: [157] Train_Loss_cls: 3.5497e-02 Train_Loss_mse: 5.5691e-02
Epoch: [157][ 0/17]	Time  8.934 ( 8.934)	Loss_VinDrCXR_rad16 cls 2.7838e-02 (2.7838e-02)	Loss_VinDrCXR_rad16 mse 4.0945e-02 (4.0945e-02)
Epoch: [157] Train_Loss_cls: 2.3602e-02 Train_Loss_mse: 2.9617e-02
Epoch: [157][0/8]	Time  8.642 ( 8.642)	Loss_VinDrCXR_rad17 cls 1.7074e-02 (1.7074e-02)	Loss_VinDrCXR_rad17 mse 1.4108e-02 (1.4108e-02)
Epoch: [157] Train_Loss_cls: 2.8325e-02 Train_Loss_mse: 2.0642e-02
Val_VinDrCXR_rad1: [ 0/30]	Time  7.225 ( 7.225)	Loss 8.0931e-01 (8.0931e-01)
Epoch 0157: avg_val_loss 0.29688, saving model to ./Models/swin_base_Ark_Finetune_17Rad/Ark_PlusArk_Finetune_17Rad/Ark_Finetune_17Rad/Ark_PlusArk_Finetune_17Rad
Epoch: [158][ 0/20]	Time  9.015 ( 9.015)	Loss_VinDrCXR_rad1 cls 1.0452e-02 (1.0452e-02)	Loss_VinDrCXR_rad1 mse 8.6941e-03 (8.6941e-03)
Epoch: [158] Train_Loss_cls: 2.8511e-03 Train_Loss_mse: 9.3731e-03
Epoch: [158][ 0/32]	Time  8.851 ( 8.851)	Loss_VinDrCXR_rad2 cls 9.0799e-04 (9.0799e-04)	Loss_VinDrCXR_rad2 mse 9.8646e-03 (9.8646e-03)
Epoch: [158] Train_Loss_cls: 5.0185e-03 Train_Loss_mse: 7.7349e-03
Epoch: [158][ 0/23]	Time  8.412 ( 8.412)	Loss_VinDrCXR_rad3 cls 9.0046e-04 (9.0046e-04)	Loss_VinDrCXR_rad3 mse 5.8776e-03 (5.8776e-03)
Epoch: [158] Train_Loss_cls: 2.2644e-03 Train_Loss_mse: 2.8808e-02
Epoch: [158][ 0/16]	Time  8.686 ( 8.686)	Loss_VinDrCXR_rad4 cls 2.6412e-04 (2.6412e-04)	Loss_VinDrCXR_rad4 mse 5.0046e-03 (5.0046e-03)
Epoch: [158] Train_Loss_cls: 2.7495e-03 Train_Loss_mse: 5.1568e-03
Epoch: [158][ 0/28]	Time  8.299 ( 8.299)	Loss_VinDrCXR_rad5 cls 2.4793e-04 (2.4793e-04)	Loss_VinDrCXR_rad5 mse 3.7425e-03 (3.7425e-03)
Epoch: [158] Train_Loss_cls: 3.6397e-03 Train_Loss_mse: 3.8596e-02
Epoch: [158][ 0/21]	Time  8.662 ( 8.662)	Loss_VinDrCXR_rad6 cls 5.2184e-04 (5.2184e-04)	Loss_VinDrCXR_rad6 mse 6.1493e-03 (6.1493e-03)
Epoch: [158] Train_Loss_cls: 5.6028e-04 Train_Loss_mse: 2.8176e-02
Epoch: [158][ 0/18]	Time  8.349 ( 8.349)	Loss_VinDrCXR_rad7 cls 1.9811e-04 (1.9811e-04)	Loss_VinDrCXR_rad7 mse 4.4031e-03 (4.4031e-03)
Epoch: [158] Train_Loss_cls: 1.9700e-03 Train_Loss_mse: 4.3572e-02
Epoch: [158][ 0/66]	Time  8.422 ( 8.422)	Loss_VinDrCXR_rad8 cls 5.1733e-01 (5.1733e-01)	Loss_VinDrCXR_rad8 mse 6.6793e-01 (6.6793e-01)
Epoch: [158][50/66]	Time  0.978 ( 1.173)	Loss_VinDrCXR_rad8 cls 1.3170e-01 (1.3374e-01)	Loss_VinDrCXR_rad8 mse 2.6457e-01 (3.8632e-01)
Epoch: [158] Train_Loss_cls: 1.3138e-01 Train_Loss_mse: 4.1609e-01
Epoch: [158][ 0/62]	Time  8.700 ( 8.700)	Loss_VinDrCXR_rad9 cls 2.1889e-01 (2.1889e-01)	Loss_VinDrCXR_rad9 mse 1.4715e-01 (1.4715e-01)
Epoch: [158][50/62]	Time  0.975 ( 1.177)	Loss_VinDrCXR_rad9 cls 2.0667e-01 (1.7998e-01)	Loss_VinDrCXR_rad9 mse 5.3892e-01 (4.5266e-01)
Epoch: [158] Train_Loss_cls: 1.8104e-01 Train_Loss_mse: 4.3630e-01
Epoch: [158][ 0/65]	Time  9.510 ( 9.510)	Loss_VinDrCXR_rad10 cls 1.1355e-01 (1.1355e-01)	Loss_VinDrCXR_rad10 mse 5.4939e-01 (5.4939e-01)
Epoch: [158][50/65]	Time  0.974 ( 1.209)	Loss_VinDrCXR_rad10 cls 1.1253e-01 (1.3399e-01)	Loss_VinDrCXR_rad10 mse 7.3897e-01 (4.1695e-01)
Epoch: [158] Train_Loss_cls: 1.3216e-01 Train_Loss_mse: 4.0094e-01
Epoch: [158][ 0/16]	Time  8.547 ( 8.547)	Loss_VinDrCXR_rad11 cls 5.3169e-02 (5.3169e-02)	Loss_VinDrCXR_rad11 mse 2.9285e-02 (2.9285e-02)
Epoch: [158] Train_Loss_cls: 3.4643e-02 Train_Loss_mse: 3.1858e-02
Epoch: [158][ 0/17]	Time  9.192 ( 9.192)	Loss_VinDrCXR_rad12 cls 2.9021e-02 (2.9021e-02)	Loss_VinDrCXR_rad12 mse 3.0741e-02 (3.0741e-02)
Epoch: [158] Train_Loss_cls: 2.8518e-02 Train_Loss_mse: 3.6554e-02
Epoch: [158][ 0/17]	Time  8.470 ( 8.470)	Loss_VinDrCXR_rad13 cls 1.2598e-02 (1.2598e-02)	Loss_VinDrCXR_rad13 mse 1.6620e-02 (1.6620e-02)
Epoch: [158] Train_Loss_cls: 3.4866e-02 Train_Loss_mse: 5.4634e-02
Epoch: [158][ 0/15]	Time  8.808 ( 8.808)	Loss_VinDrCXR_rad14 cls 8.4545e-02 (8.4545e-02)	Loss_VinDrCXR_rad14 mse 3.1262e-01 (3.1262e-01)
Epoch: [158] Train_Loss_cls: 4.4145e-02 Train_Loss_mse: 7.8922e-02
Epoch: [158][ 0/17]	Time  9.135 ( 9.135)	Loss_VinDrCXR_rad15 cls 3.8036e-02 (3.8036e-02)	Loss_VinDrCXR_rad15 mse 2.6132e-02 (2.6132e-02)
Epoch: [158] Train_Loss_cls: 4.0196e-02 Train_Loss_mse: 8.1993e-02
Epoch: [158][ 0/17]	Time  8.629 ( 8.629)	Loss_VinDrCXR_rad16 cls 2.4251e-02 (2.4251e-02)	Loss_VinDrCXR_rad16 mse 1.8526e-01 (1.8526e-01)
Epoch: [158] Train_Loss_cls: 2.5504e-02 Train_Loss_mse: 6.9983e-02
Epoch: [158][0/8]	Time  8.742 ( 8.742)	Loss_VinDrCXR_rad17 cls 3.1560e-02 (3.1560e-02)	Loss_VinDrCXR_rad17 mse 1.4817e-02 (1.4817e-02)
Epoch: [158] Train_Loss_cls: 3.0031e-02 Train_Loss_mse: 1.4899e-02
Val_VinDrCXR_rad1: [ 0/30]	Time  7.302 ( 7.302)	Loss 8.9111e-01 (8.9111e-01)
Epoch 0158: avg_val_loss 0.34596, saving model to ./Models/swin_base_Ark_Finetune_17Rad/Ark_PlusArk_Finetune_17Rad/Ark_Finetune_17Rad/Ark_PlusArk_Finetune_17Rad
Epoch: [159][ 0/20]	Time  8.174 ( 8.174)	Loss_VinDrCXR_rad1 cls 1.1144e-02 (1.1144e-02)	Loss_VinDrCXR_rad1 mse 5.5031e-03 (5.5031e-03)
Epoch: [159] Train_Loss_cls: 1.9991e-03 Train_Loss_mse: 6.2434e-03
Epoch: [159][ 0/32]	Time  8.647 ( 8.647)	Loss_VinDrCXR_rad2 cls 4.7284e-04 (4.7284e-04)	Loss_VinDrCXR_rad2 mse 6.8110e-03 (6.8110e-03)
Epoch: [159] Train_Loss_cls: 4.1924e-03 Train_Loss_mse: 6.5254e-03
Epoch: [159][ 0/23]	Time  8.644 ( 8.644)	Loss_VinDrCXR_rad3 cls 6.8232e-04 (6.8232e-04)	Loss_VinDrCXR_rad3 mse 4.4975e-03 (4.4975e-03)
Epoch: [159] Train_Loss_cls: 2.2890e-03 Train_Loss_mse: 5.9165e-03
Epoch: [159][ 0/16]	Time  8.597 ( 8.597)	Loss_VinDrCXR_rad4 cls 1.5199e-02 (1.5199e-02)	Loss_VinDrCXR_rad4 mse 3.5953e-03 (3.5953e-03)
Epoch: [159] Train_Loss_cls: 2.2718e-03 Train_Loss_mse: 4.8341e-03
Epoch: [159][ 0/28]	Time  7.890 ( 7.890)	Loss_VinDrCXR_rad5 cls 3.0007e-04 (3.0007e-04)	Loss_VinDrCXR_rad5 mse 3.8387e-01 (3.8387e-01)
Epoch: [159] Train_Loss_cls: 3.6222e-03 Train_Loss_mse: 1.9642e-02
Epoch: [159][ 0/21]	Time  8.514 ( 8.514)	Loss_VinDrCXR_rad6 cls 4.2323e-04 (4.2323e-04)	Loss_VinDrCXR_rad6 mse 5.0912e-03 (5.0912e-03)
Epoch: [159] Train_Loss_cls: 6.2567e-04 Train_Loss_mse: 6.6313e-03
Epoch: [159][ 0/18]	Time  8.384 ( 8.384)	Loss_VinDrCXR_rad7 cls 3.4680e-04 (3.4680e-04)	Loss_VinDrCXR_rad7 mse 5.1069e-03 (5.1069e-03)
Epoch: [159] Train_Loss_cls: 2.8080e-03 Train_Loss_mse: 8.3880e-03
Epoch: [159][ 0/66]	Time  8.564 ( 8.564)	Loss_VinDrCXR_rad8 cls 3.9611e-01 (3.9611e-01)	Loss_VinDrCXR_rad8 mse 4.1759e-01 (4.1759e-01)
Epoch: [159][50/66]	Time  0.975 ( 1.209)	Loss_VinDrCXR_rad8 cls 1.1630e-01 (1.4105e-01)	Loss_VinDrCXR_rad8 mse 5.2126e-01 (4.0120e-01)
Epoch: [159] Train_Loss_cls: 1.3762e-01 Train_Loss_mse: 4.0263e-01
Epoch: [159][ 0/62]	Time  8.740 ( 8.740)	Loss_VinDrCXR_rad9 cls 1.9142e-01 (1.9142e-01)	Loss_VinDrCXR_rad9 mse 4.9368e-01 (4.9368e-01)
Epoch: [159][50/62]	Time  0.975 ( 1.179)	Loss_VinDrCXR_rad9 cls 1.7619e-01 (1.8318e-01)	Loss_VinDrCXR_rad9 mse 7.9875e-02 (4.8379e-01)
Epoch: [159] Train_Loss_cls: 1.8346e-01 Train_Loss_mse: 4.6648e-01
Epoch: [159][ 0/65]	Time  8.980 ( 8.980)	Loss_VinDrCXR_rad10 cls 1.4028e-01 (1.4028e-01)	Loss_VinDrCXR_rad10 mse 1.8323e-01 (1.8323e-01)
Epoch: [159][50/65]	Time  0.979 ( 1.168)	Loss_VinDrCXR_rad10 cls 1.2043e-01 (1.4585e-01)	Loss_VinDrCXR_rad10 mse 9.4288e-02 (5.0218e-01)
Epoch: [159] Train_Loss_cls: 1.4332e-01 Train_Loss_mse: 4.9059e-01
Epoch: [159][ 0/16]	Time  8.887 ( 8.887)	Loss_VinDrCXR_rad11 cls 6.9684e-02 (6.9684e-02)	Loss_VinDrCXR_rad11 mse 2.9268e-02 (2.9268e-02)
Epoch: [159] Train_Loss_cls: 3.8051e-02 Train_Loss_mse: 3.2491e-02
Epoch: [159][ 0/17]	Time  8.624 ( 8.624)	Loss_VinDrCXR_rad12 cls 3.0098e-02 (3.0098e-02)	Loss_VinDrCXR_rad12 mse 1.7878e-02 (1.7878e-02)
Epoch: [159] Train_Loss_cls: 3.2775e-02 Train_Loss_mse: 9.2297e-02
Epoch: [159][ 0/17]	Time  8.844 ( 8.844)	Loss_VinDrCXR_rad13 cls 3.0628e-02 (3.0628e-02)	Loss_VinDrCXR_rad13 mse 1.8650e-02 (1.8650e-02)
Epoch: [159] Train_Loss_cls: 3.6425e-02 Train_Loss_mse: 6.4662e-02
Epoch: [159][ 0/15]	Time  8.588 ( 8.588)	Loss_VinDrCXR_rad14 cls 5.1413e-02 (5.1413e-02)	Loss_VinDrCXR_rad14 mse 1.5355e-01 (1.5355e-01)
Epoch: [159] Train_Loss_cls: 4.8516e-02 Train_Loss_mse: 8.6435e-02
Epoch: [159][ 0/17]	Time  8.778 ( 8.778)	Loss_VinDrCXR_rad15 cls 3.7276e-02 (3.7276e-02)	Loss_VinDrCXR_rad15 mse 2.0908e-02 (2.0908e-02)
Epoch: [159] Train_Loss_cls: 4.2649e-02 Train_Loss_mse: 8.8963e-02
Epoch: [159][ 0/17]	Time  8.498 ( 8.498)	Loss_VinDrCXR_rad16 cls 1.4701e-02 (1.4701e-02)	Loss_VinDrCXR_rad16 mse 1.9056e-02 (1.9056e-02)
Epoch: [159] Train_Loss_cls: 2.9776e-02 Train_Loss_mse: 7.4923e-02
Epoch: [159][0/8]	Time  8.418 ( 8.418)	Loss_VinDrCXR_rad17 cls 5.7677e-02 (5.7677e-02)	Loss_VinDrCXR_rad17 mse 4.2641e-02 (4.2641e-02)
Epoch: [159] Train_Loss_cls: 2.9289e-02 Train_Loss_mse: 1.9018e-02
Val_VinDrCXR_rad1: [ 0/30]	Time  7.340 ( 7.340)	Loss 7.5173e-01 (7.5173e-01)
Epoch 0159: avg_val_loss 0.29342, saving model to ./Models/swin_base_Ark_Finetune_17Rad/Ark_PlusArk_Finetune_17Rad/Ark_Finetune_17Rad/Ark_PlusArk_Finetune_17Rad
Epoch: [160][ 0/20]	Time  8.719 ( 8.719)	Loss_VinDrCXR_rad1 cls 2.1832e-03 (2.1832e-03)	Loss_VinDrCXR_rad1 mse 6.6191e-03 (6.6191e-03)
Epoch: [160] Train_Loss_cls: 2.5212e-03 Train_Loss_mse: 7.0629e-03
Epoch: [160][ 0/32]	Time  9.196 ( 9.196)	Loss_VinDrCXR_rad2 cls 6.7217e-04 (6.7217e-04)	Loss_VinDrCXR_rad2 mse 4.5870e-02 (4.5870e-02)
Epoch: [160] Train_Loss_cls: 4.0541e-03 Train_Loss_mse: 7.7498e-03
Epoch: [160][ 0/23]	Time  8.487 ( 8.487)	Loss_VinDrCXR_rad3 cls 4.7274e-04 (4.7274e-04)	Loss_VinDrCXR_rad3 mse 4.2619e-03 (4.2619e-03)
Epoch: [160] Train_Loss_cls: 1.5787e-03 Train_Loss_mse: 5.3704e-03
Epoch: [160][ 0/16]	Time  8.478 ( 8.478)	Loss_VinDrCXR_rad4 cls 7.1164e-04 (7.1164e-04)	Loss_VinDrCXR_rad4 mse 7.6934e-03 (7.6934e-03)
Epoch: [160] Train_Loss_cls: 2.1854e-03 Train_Loss_mse: 5.1233e-03
Epoch: [160][ 0/28]	Time  8.449 ( 8.449)	Loss_VinDrCXR_rad5 cls 1.5238e-03 (1.5238e-03)	Loss_VinDrCXR_rad5 mse 9.3394e-03 (9.3394e-03)
Epoch: [160] Train_Loss_cls: 3.4036e-03 Train_Loss_mse: 2.2149e-02
Epoch: [160][ 0/21]	Time  8.116 ( 8.116)	Loss_VinDrCXR_rad6 cls 4.3406e-04 (4.3406e-04)	Loss_VinDrCXR_rad6 mse 6.8955e-03 (6.8955e-03)
Epoch: [160] Train_Loss_cls: 4.1002e-04 Train_Loss_mse: 2.8728e-02
Epoch: [160][ 0/18]	Time  8.674 ( 8.674)	Loss_VinDrCXR_rad7 cls 4.7927e-03 (4.7927e-03)	Loss_VinDrCXR_rad7 mse 4.2717e-03 (4.2717e-03)
Epoch: [160] Train_Loss_cls: 2.1441e-03 Train_Loss_mse: 3.4852e-02
Epoch: [160][ 0/66]	Time  9.328 ( 9.328)	Loss_VinDrCXR_rad8 cls 4.8659e-01 (4.8659e-01)	Loss_VinDrCXR_rad8 mse 8.7804e-02 (8.7804e-02)
Epoch: [160][50/66]	Time  0.979 ( 1.145)	Loss_VinDrCXR_rad8 cls 1.2172e-01 (1.3737e-01)	Loss_VinDrCXR_rad8 mse 4.3194e-01 (3.3443e-01)
Epoch: [160] Train_Loss_cls: 1.3324e-01 Train_Loss_mse: 3.3285e-01
Epoch: [160][ 0/62]	Time  8.657 ( 8.657)	Loss_VinDrCXR_rad9 cls 2.4021e-01 (2.4021e-01)	Loss_VinDrCXR_rad9 mse 3.0320e-01 (3.0320e-01)
Epoch: [160][50/62]	Time  0.975 ( 1.141)	Loss_VinDrCXR_rad9 cls 1.5129e-01 (1.8709e-01)	Loss_VinDrCXR_rad9 mse 6.2488e-01 (3.9915e-01)
Epoch: [160] Train_Loss_cls: 1.8444e-01 Train_Loss_mse: 4.0665e-01
Epoch: [160][ 0/65]	Time  8.836 ( 8.836)	Loss_VinDrCXR_rad10 cls 1.6464e-01 (1.6464e-01)	Loss_VinDrCXR_rad10 mse 6.8463e-01 (6.8463e-01)
Epoch: [160][50/65]	Time  1.314 ( 1.150)	Loss_VinDrCXR_rad10 cls 1.9566e-01 (1.4640e-01)	Loss_VinDrCXR_rad10 mse 4.8794e-01 (3.9778e-01)
Epoch: [160] Train_Loss_cls: 1.4534e-01 Train_Loss_mse: 4.6614e-01
Epoch: [160][ 0/16]	Time  8.941 ( 8.941)	Loss_VinDrCXR_rad11 cls 7.5012e-02 (7.5012e-02)	Loss_VinDrCXR_rad11 mse 4.8656e-02 (4.8656e-02)
Epoch: [160] Train_Loss_cls: 5.1797e-02 Train_Loss_mse: 5.8532e-02
Epoch: [160][ 0/17]	Time  8.656 ( 8.656)	Loss_VinDrCXR_rad12 cls 3.5047e-02 (3.5047e-02)	Loss_VinDrCXR_rad12 mse 1.2111e-02 (1.2111e-02)
Epoch: [160] Train_Loss_cls: 3.2859e-02 Train_Loss_mse: 5.4740e-02
Epoch: [160][ 0/17]	Time  9.150 ( 9.150)	Loss_VinDrCXR_rad13 cls 7.1898e-02 (7.1898e-02)	Loss_VinDrCXR_rad13 mse 4.8644e-02 (4.8644e-02)
Epoch: [160] Train_Loss_cls: 4.0361e-02 Train_Loss_mse: 3.3170e-02
Epoch: [160][ 0/15]	Time  8.481 ( 8.481)	Loss_VinDrCXR_rad14 cls 4.8761e-02 (4.8761e-02)	Loss_VinDrCXR_rad14 mse 2.9371e-02 (2.9371e-02)
Epoch: [160] Train_Loss_cls: 4.1960e-02 Train_Loss_mse: 1.2025e-01
Epoch: [160][ 0/17]	Time  8.302 ( 8.302)	Loss_VinDrCXR_rad15 cls 2.7981e-02 (2.7981e-02)	Loss_VinDrCXR_rad15 mse 1.0494e-02 (1.0494e-02)
Epoch: [160] Train_Loss_cls: 3.9411e-02 Train_Loss_mse: 5.9494e-02
Epoch: [160][ 0/17]	Time  8.529 ( 8.529)	Loss_VinDrCXR_rad16 cls 1.6955e-02 (1.6955e-02)	Loss_VinDrCXR_rad16 mse 2.9342e-02 (2.9342e-02)
Epoch: [160] Train_Loss_cls: 2.4681e-02 Train_Loss_mse: 3.8225e-02
Epoch: [160][0/8]	Time  8.245 ( 8.245)	Loss_VinDrCXR_rad17 cls 3.0243e-02 (3.0243e-02)	Loss_VinDrCXR_rad17 mse 2.6495e-02 (2.6495e-02)
Epoch: [160] Train_Loss_cls: 2.8579e-02 Train_Loss_mse: 1.7824e-02
Val_VinDrCXR_rad1: [ 0/30]	Time  7.502 ( 7.502)	Loss 8.0160e-01 (8.0160e-01)
Epoch 0160: avg_val_loss 0.29777, saving model to ./Models/swin_base_Ark_Finetune_17Rad/Ark_PlusArk_Finetune_17Rad/Ark_Finetune_17Rad/Ark_PlusArk_Finetune_17Rad
>>VinDrCXR_rad1 Disease = ['PE', 'Lung tumor', 'Pneumonia', 'Tuberculosis', 'Other diseases', 'No finding']
>>VinDrCXR_rad1:Student AUC = [0.9796	0.8962	0.9498	0.9556	0.8469	0.9517], 
Teacher AUC = [0.9801	0.9306	0.9543	0.9476	0.85  	0.9508]

>>VinDrCXR_rad1: Student mAUC = 0.9300, Teacher mAUC = 0.9356
Omni-pretraining stage: 
Student meanAUC = 
[[0.9468759507134883], [0.9454261264448013], [0.9389692516963958], [0.9338567099466557], [0.9322285595158992], [0.9267613086784795], [0.9269031959521569], [0.9311978881171713], [0.9322738966995839], [0.9282953834234174], [0.929972291939886], [0.9318785771175087], [0.937211098360474], [0.9381919883273343], [0.9369602586957376], [0.9366551483549057], [0.9346324920330171], [0.9299819806706333]] 
Teacher meanAUC = 
[[0.9468759507134883], [0.9460270675389304], [0.9413547485728361], [0.9352525270339678], [0.933640160889925], [0.9253586349249475], [0.9311537710751477], [0.9326593268703175], [0.9311490937056109], [0.9340407878121827], [0.9299489031778979], [0.9354695743205612], [0.9370271512949998], [0.9387894655012321], [0.9400737372963088], [0.9425990602592327], [0.9408374784800566], [0.9355654573171095]]

Epoch: [161][ 0/20]	Time  8.541 ( 8.541)	Loss_VinDrCXR_rad1 cls 4.9770e-03 (4.9770e-03)	Loss_VinDrCXR_rad1 mse 5.5860e-03 (5.5860e-03)
Epoch: [161] Train_Loss_cls: 2.2698e-03 Train_Loss_mse: 6.4830e-03
Epoch: [161][ 0/32]	Time  8.678 ( 8.678)	Loss_VinDrCXR_rad2 cls 5.4794e-04 (5.4794e-04)	Loss_VinDrCXR_rad2 mse 5.6539e-03 (5.6539e-03)
Epoch: [161] Train_Loss_cls: 4.8942e-03 Train_Loss_mse: 6.4801e-03
Epoch: [161][ 0/23]	Time  8.790 ( 8.790)	Loss_VinDrCXR_rad3 cls 8.5497e-03 (8.5497e-03)	Loss_VinDrCXR_rad3 mse 8.4683e-03 (8.4683e-03)
Epoch: [161] Train_Loss_cls: 2.1690e-03 Train_Loss_mse: 5.6793e-03
Epoch: [161][ 0/16]	Time  8.383 ( 8.383)	Loss_VinDrCXR_rad4 cls 2.9979e-04 (2.9979e-04)	Loss_VinDrCXR_rad4 mse 3.2382e-03 (3.2382e-03)
Epoch: [161] Train_Loss_cls: 2.2621e-03 Train_Loss_mse: 5.1224e-03
Epoch: [161][ 0/28]	Time  8.971 ( 8.971)	Loss_VinDrCXR_rad5 cls 7.2348e-03 (7.2348e-03)	Loss_VinDrCXR_rad5 mse 4.4395e-03 (4.4395e-03)
Epoch: [161] Train_Loss_cls: 3.6670e-03 Train_Loss_mse: 5.6752e-03
Epoch: [161][ 0/21]	Time  8.995 ( 8.995)	Loss_VinDrCXR_rad6 cls 2.1795e-03 (2.1795e-03)	Loss_VinDrCXR_rad6 mse 7.5204e-03 (7.5204e-03)
Epoch: [161] Train_Loss_cls: 6.5837e-04 Train_Loss_mse: 6.6185e-03
Epoch: [161][ 0/18]	Time  8.404 ( 8.404)	Loss_VinDrCXR_rad7 cls 2.2472e-04 (2.2472e-04)	Loss_VinDrCXR_rad7 mse 3.6709e-03 (3.6709e-03)
Epoch: [161] Train_Loss_cls: 2.0842e-03 Train_Loss_mse: 5.2228e-03
Epoch: [161][ 0/66]	Time  8.807 ( 8.807)	Loss_VinDrCXR_rad8 cls 3.2500e-01 (3.2500e-01)	Loss_VinDrCXR_rad8 mse 7.4012e-01 (7.4012e-01)
Epoch: [161][50/66]	Time  0.980 ( 1.202)	Loss_VinDrCXR_rad8 cls 1.1840e-01 (1.3526e-01)	Loss_VinDrCXR_rad8 mse 4.8476e-01 (3.8344e-01)
Epoch: [161] Train_Loss_cls: 1.3306e-01 Train_Loss_mse: 4.2315e-01
Epoch: [161][ 0/62]	Time  8.725 ( 8.725)	Loss_VinDrCXR_rad9 cls 1.4892e-01 (1.4892e-01)	Loss_VinDrCXR_rad9 mse 5.3932e-01 (5.3932e-01)
Epoch: [161][50/62]	Time  0.975 ( 1.161)	Loss_VinDrCXR_rad9 cls 2.1891e-01 (1.8454e-01)	Loss_VinDrCXR_rad9 mse 4.4126e-01 (4.7170e-01)
Epoch: [161] Train_Loss_cls: 1.8408e-01 Train_Loss_mse: 5.0091e-01
Epoch: [161][ 0/65]	Time  8.771 ( 8.771)	Loss_VinDrCXR_rad10 cls 1.5642e-01 (1.5642e-01)	Loss_VinDrCXR_rad10 mse 9.0290e-01 (9.0290e-01)
Epoch: [161][50/65]	Time  0.977 ( 1.194)	Loss_VinDrCXR_rad10 cls 1.3695e-01 (1.4409e-01)	Loss_VinDrCXR_rad10 mse 1.6621e-01 (4.2300e-01)
Epoch: [161] Train_Loss_cls: 1.4225e-01 Train_Loss_mse: 4.3479e-01
Epoch: [161][ 0/16]	Time  8.854 ( 8.854)	Loss_VinDrCXR_rad11 cls 8.6425e-02 (8.6425e-02)	Loss_VinDrCXR_rad11 mse 4.1316e-02 (4.1316e-02)
Epoch: [161] Train_Loss_cls: 3.8943e-02 Train_Loss_mse: 7.3561e-02
Epoch: [161][ 0/17]	Time  8.736 ( 8.736)	Loss_VinDrCXR_rad12 cls 6.9522e-02 (6.9522e-02)	Loss_VinDrCXR_rad12 mse 3.3870e-02 (3.3870e-02)
Epoch: [161] Train_Loss_cls: 3.1161e-02 Train_Loss_mse: 6.3584e-02
Epoch: [161][ 0/17]	Time  9.151 ( 9.151)	Loss_VinDrCXR_rad13 cls 7.4675e-02 (7.4675e-02)	Loss_VinDrCXR_rad13 mse 2.2158e-02 (2.2158e-02)
Epoch: [161] Train_Loss_cls: 4.0015e-02 Train_Loss_mse: 2.7528e-02
Epoch: [161][ 0/15]	Time  8.872 ( 8.872)	Loss_VinDrCXR_rad14 cls 2.3231e-02 (2.3231e-02)	Loss_VinDrCXR_rad14 mse 1.1351e-02 (1.1351e-02)
Epoch: [161] Train_Loss_cls: 4.0397e-02 Train_Loss_mse: 9.2251e-02
Epoch: [161][ 0/17]	Time  9.243 ( 9.243)	Loss_VinDrCXR_rad15 cls 4.8649e-02 (4.8649e-02)	Loss_VinDrCXR_rad15 mse 4.8421e-02 (4.8421e-02)
Epoch: [161] Train_Loss_cls: 4.0244e-02 Train_Loss_mse: 2.5310e-02
Epoch: [161][ 0/17]	Time  8.667 ( 8.667)	Loss_VinDrCXR_rad16 cls 4.9238e-02 (4.9238e-02)	Loss_VinDrCXR_rad16 mse 3.6634e-02 (3.6634e-02)
Epoch: [161] Train_Loss_cls: 2.7272e-02 Train_Loss_mse: 6.3990e-02
Epoch: [161][0/8]	Time  8.667 ( 8.667)	Loss_VinDrCXR_rad17 cls 4.4611e-02 (4.4611e-02)	Loss_VinDrCXR_rad17 mse 3.0248e-02 (3.0248e-02)
Epoch: [161] Train_Loss_cls: 3.1963e-02 Train_Loss_mse: 1.8773e-02
Val_VinDrCXR_rad1: [ 0/30]	Time  7.354 ( 7.354)	Loss 7.4629e-01 (7.4629e-01)
Epoch 0161: avg_val_loss 0.28244, saving model to ./Models/swin_base_Ark_Finetune_17Rad/Ark_PlusArk_Finetune_17Rad/Ark_Finetune_17Rad/Ark_PlusArk_Finetune_17Rad
Epoch: [162][ 0/20]	Time  9.467 ( 9.467)	Loss_VinDrCXR_rad1 cls 2.9665e-03 (2.9665e-03)	Loss_VinDrCXR_rad1 mse 5.0159e-03 (5.0159e-03)
Epoch: [162] Train_Loss_cls: 2.6748e-03 Train_Loss_mse: 6.1634e-03
Epoch: [162][ 0/32]	Time  9.124 ( 9.124)	Loss_VinDrCXR_rad2 cls 5.4350e-04 (5.4350e-04)	Loss_VinDrCXR_rad2 mse 8.2190e-03 (8.2190e-03)
Epoch: [162] Train_Loss_cls: 4.9710e-03 Train_Loss_mse: 7.0417e-03
Epoch: [162][ 0/23]	Time  8.680 ( 8.680)	Loss_VinDrCXR_rad3 cls 5.1895e-04 (5.1895e-04)	Loss_VinDrCXR_rad3 mse 5.1341e-03 (5.1341e-03)
Epoch: [162] Train_Loss_cls: 2.8274e-03 Train_Loss_mse: 5.4731e-03
Epoch: [162][ 0/16]	Time  8.958 ( 8.958)	Loss_VinDrCXR_rad4 cls 1.3302e-02 (1.3302e-02)	Loss_VinDrCXR_rad4 mse 4.0928e-03 (4.0928e-03)
Epoch: [162] Train_Loss_cls: 2.1309e-03 Train_Loss_mse: 5.9003e-03
Epoch: [162][ 0/28]	Time  8.366 ( 8.366)	Loss_VinDrCXR_rad5 cls 2.6646e-02 (2.6646e-02)	Loss_VinDrCXR_rad5 mse 5.4440e-03 (5.4440e-03)
Epoch: [162] Train_Loss_cls: 3.9720e-03 Train_Loss_mse: 6.6088e-03
Epoch: [162][ 0/21]	Time  8.603 ( 8.603)	Loss_VinDrCXR_rad6 cls 5.3640e-04 (5.3640e-04)	Loss_VinDrCXR_rad6 mse 5.0511e-03 (5.0511e-03)
Epoch: [162] Train_Loss_cls: 8.0895e-04 Train_Loss_mse: 7.5945e-03
Epoch: [162][ 0/18]	Time  8.315 ( 8.315)	Loss_VinDrCXR_rad7 cls 5.1493e-04 (5.1493e-04)	Loss_VinDrCXR_rad7 mse 1.0160e-02 (1.0160e-02)
Epoch: [162] Train_Loss_cls: 1.8476e-03 Train_Loss_mse: 7.1893e-03
Epoch: [162][ 0/66]	Time  9.028 ( 9.028)	Loss_VinDrCXR_rad8 cls 4.4245e-01 (4.4245e-01)	Loss_VinDrCXR_rad8 mse 1.4532e-01 (1.4532e-01)
Epoch: [162][50/66]	Time  0.977 ( 1.158)	Loss_VinDrCXR_rad8 cls 1.4445e-01 (1.3795e-01)	Loss_VinDrCXR_rad8 mse 2.0144e-01 (4.4479e-01)
Epoch: [162] Train_Loss_cls: 1.3497e-01 Train_Loss_mse: 4.3870e-01
Epoch: [162][ 0/62]	Time  8.276 ( 8.276)	Loss_VinDrCXR_rad9 cls 2.0983e-01 (2.0983e-01)	Loss_VinDrCXR_rad9 mse 6.2682e-01 (6.2682e-01)
Epoch: [162][50/62]	Time  0.980 ( 1.140)	Loss_VinDrCXR_rad9 cls 1.5352e-01 (1.7583e-01)	Loss_VinDrCXR_rad9 mse 8.7586e-02 (3.5202e-01)
Epoch: [162] Train_Loss_cls: 1.7679e-01 Train_Loss_mse: 3.6416e-01
Epoch: [162][ 0/65]	Time  8.418 ( 8.418)	Loss_VinDrCXR_rad10 cls 1.2541e-01 (1.2541e-01)	Loss_VinDrCXR_rad10 mse 6.1930e-01 (6.1930e-01)
Epoch: [162][50/65]	Time  0.978 ( 1.174)	Loss_VinDrCXR_rad10 cls 1.3552e-01 (1.3200e-01)	Loss_VinDrCXR_rad10 mse 1.3313e-01 (3.4753e-01)
Epoch: [162] Train_Loss_cls: 1.3214e-01 Train_Loss_mse: 3.3368e-01
Epoch: [162][ 0/16]	Time  8.891 ( 8.891)	Loss_VinDrCXR_rad11 cls 9.1180e-02 (9.1180e-02)	Loss_VinDrCXR_rad11 mse 2.0439e-02 (2.0439e-02)
Epoch: [162] Train_Loss_cls: 4.0674e-02 Train_Loss_mse: 8.5749e-02
Epoch: [162][ 0/17]	Time  9.202 ( 9.202)	Loss_VinDrCXR_rad12 cls 2.1130e-02 (2.1130e-02)	Loss_VinDrCXR_rad12 mse 1.2693e-02 (1.2693e-02)
Epoch: [162] Train_Loss_cls: 2.7390e-02 Train_Loss_mse: 9.5732e-02
Epoch: [162][ 0/17]	Time  8.732 ( 8.732)	Loss_VinDrCXR_rad13 cls 3.8713e-02 (3.8713e-02)	Loss_VinDrCXR_rad13 mse 2.4400e-02 (2.4400e-02)
Epoch: [162] Train_Loss_cls: 3.3390e-02 Train_Loss_mse: 2.5440e-02
Epoch: [162][ 0/15]	Time  8.360 ( 8.360)	Loss_VinDrCXR_rad14 cls 3.8461e-02 (3.8461e-02)	Loss_VinDrCXR_rad14 mse 5.3575e-01 (5.3575e-01)
Epoch: [162] Train_Loss_cls: 4.1996e-02 Train_Loss_mse: 5.9333e-02
Epoch: [162][ 0/17]	Time  8.541 ( 8.541)	Loss_VinDrCXR_rad15 cls 4.2425e-02 (4.2425e-02)	Loss_VinDrCXR_rad15 mse 2.3432e-02 (2.3432e-02)
Epoch: [162] Train_Loss_cls: 4.0049e-02 Train_Loss_mse: 5.2544e-02
Epoch: [162][ 0/17]	Time  8.982 ( 8.982)	Loss_VinDrCXR_rad16 cls 1.9274e-02 (1.9274e-02)	Loss_VinDrCXR_rad16 mse 1.2913e-02 (1.2913e-02)
Epoch: [162] Train_Loss_cls: 2.7353e-02 Train_Loss_mse: 7.0953e-02
Epoch: [162][0/8]	Time  8.550 ( 8.550)	Loss_VinDrCXR_rad17 cls 2.5110e-02 (2.5110e-02)	Loss_VinDrCXR_rad17 mse 1.3068e-02 (1.3068e-02)
Epoch: [162] Train_Loss_cls: 2.9880e-02 Train_Loss_mse: 1.7783e-02
Val_VinDrCXR_rad1: [ 0/30]	Time  7.467 ( 7.467)	Loss 8.5310e-01 (8.5310e-01)
Epoch 0162: avg_val_loss 0.32167, saving model to ./Models/swin_base_Ark_Finetune_17Rad/Ark_PlusArk_Finetune_17Rad/Ark_Finetune_17Rad/Ark_PlusArk_Finetune_17Rad
Epoch: [163][ 0/20]	Time  8.416 ( 8.416)	Loss_VinDrCXR_rad1 cls 4.5247e-03 (4.5247e-03)	Loss_VinDrCXR_rad1 mse 7.7990e-03 (7.7990e-03)
Epoch: [163] Train_Loss_cls: 2.6774e-03 Train_Loss_mse: 5.5236e-03
Epoch: [163][ 0/32]	Time  8.960 ( 8.960)	Loss_VinDrCXR_rad2 cls 5.5296e-04 (5.5296e-04)	Loss_VinDrCXR_rad2 mse 5.5639e-03 (5.5639e-03)
Epoch: [163] Train_Loss_cls: 4.8710e-03 Train_Loss_mse: 6.4305e-03
Epoch: [163][ 0/23]	Time  8.762 ( 8.762)	Loss_VinDrCXR_rad3 cls 6.5646e-04 (6.5646e-04)	Loss_VinDrCXR_rad3 mse 4.6540e-03 (4.6540e-03)
Epoch: [163] Train_Loss_cls: 2.3735e-03 Train_Loss_mse: 5.8802e-03
Epoch: [163][ 0/16]	Time  8.570 ( 8.570)	Loss_VinDrCXR_rad4 cls 3.5088e-04 (3.5088e-04)	Loss_VinDrCXR_rad4 mse 5.0120e-03 (5.0120e-03)
Epoch: [163] Train_Loss_cls: 2.6194e-03 Train_Loss_mse: 4.4277e-03
Epoch: [163][ 0/28]	Time  8.324 ( 8.324)	Loss_VinDrCXR_rad5 cls 2.9431e-04 (2.9431e-04)	Loss_VinDrCXR_rad5 mse 3.5981e-03 (3.5981e-03)
Epoch: [163] Train_Loss_cls: 2.9675e-03 Train_Loss_mse: 5.4998e-03
Epoch: [163][ 0/21]	Time  8.685 ( 8.685)	Loss_VinDrCXR_rad6 cls 8.4013e-04 (8.4013e-04)	Loss_VinDrCXR_rad6 mse 5.5486e-03 (5.5486e-03)
Epoch: [163] Train_Loss_cls: 4.6871e-04 Train_Loss_mse: 2.6816e-02
Epoch: [163][ 0/18]	Time  8.429 ( 8.429)	Loss_VinDrCXR_rad7 cls 2.6603e-04 (2.6603e-04)	Loss_VinDrCXR_rad7 mse 4.6961e-03 (4.6961e-03)
Epoch: [163] Train_Loss_cls: 2.0677e-03 Train_Loss_mse: 3.8202e-02
Epoch: [163][ 0/66]	Time  8.606 ( 8.606)	Loss_VinDrCXR_rad8 cls 4.4524e-01 (4.4524e-01)	Loss_VinDrCXR_rad8 mse 7.0824e-01 (7.0824e-01)
Epoch: [163][50/66]	Time  0.976 ( 1.150)	Loss_VinDrCXR_rad8 cls 9.0342e-02 (1.3342e-01)	Loss_VinDrCXR_rad8 mse 1.1484e-01 (2.9016e-01)
Epoch: [163] Train_Loss_cls: 1.2933e-01 Train_Loss_mse: 3.3033e-01
Epoch: [163][ 0/62]	Time  9.209 ( 9.209)	Loss_VinDrCXR_rad9 cls 1.9421e-01 (1.9421e-01)	Loss_VinDrCXR_rad9 mse 8.6629e-01 (8.6629e-01)
Epoch: [163][50/62]	Time  0.975 ( 1.168)	Loss_VinDrCXR_rad9 cls 3.0598e-01 (1.8015e-01)	Loss_VinDrCXR_rad9 mse 1.2401e+00 (3.7138e-01)
Epoch: [163] Train_Loss_cls: 1.9418e-01 Train_Loss_mse: 4.7285e-01
Epoch: [163][ 0/65]	Time  8.777 ( 8.777)	Loss_VinDrCXR_rad10 cls 1.8302e-01 (1.8302e-01)	Loss_VinDrCXR_rad10 mse 1.1113e+00 (1.1113e+00)
Epoch: [163][50/65]	Time  0.975 ( 1.173)	Loss_VinDrCXR_rad10 cls 2.1413e-01 (1.9328e-01)	Loss_VinDrCXR_rad10 mse 1.1746e+00 (9.9668e-01)
Epoch: [163] Train_Loss_cls: 1.8672e-01 Train_Loss_mse: 9.4569e-01
Epoch: [163][ 0/16]	Time  8.803 ( 8.803)	Loss_VinDrCXR_rad11 cls 1.2318e-01 (1.2318e-01)	Loss_VinDrCXR_rad11 mse 5.2263e-02 (5.2263e-02)
Epoch: [163] Train_Loss_cls: 5.0278e-02 Train_Loss_mse: 5.1301e-02
Epoch: [163][ 0/17]	Time  8.981 ( 8.981)	Loss_VinDrCXR_rad12 cls 6.6361e-02 (6.6361e-02)	Loss_VinDrCXR_rad12 mse 6.4057e-02 (6.4057e-02)
Epoch: [163] Train_Loss_cls: 3.9571e-02 Train_Loss_mse: 8.3489e-02
Epoch: [163][ 0/17]	Time  8.748 ( 8.748)	Loss_VinDrCXR_rad13 cls 6.9830e-02 (6.9830e-02)	Loss_VinDrCXR_rad13 mse 6.9889e-02 (6.9889e-02)
Epoch: [163] Train_Loss_cls: 6.0123e-02 Train_Loss_mse: 1.4729e-01
Epoch: [163][ 0/15]	Time  9.678 ( 9.678)	Loss_VinDrCXR_rad14 cls 6.3175e-02 (6.3175e-02)	Loss_VinDrCXR_rad14 mse 3.9079e-02 (3.9079e-02)
Epoch: [163] Train_Loss_cls: 6.5399e-02 Train_Loss_mse: 1.7758e-01
Epoch: [163][ 0/17]	Time  8.267 ( 8.267)	Loss_VinDrCXR_rad15 cls 5.2697e-02 (5.2697e-02)	Loss_VinDrCXR_rad15 mse 2.8918e-02 (2.8918e-02)
Epoch: [163] Train_Loss_cls: 5.0763e-02 Train_Loss_mse: 1.0708e-01
Epoch: [163][ 0/17]	Time  8.956 ( 8.956)	Loss_VinDrCXR_rad16 cls 1.7825e-02 (1.7825e-02)	Loss_VinDrCXR_rad16 mse 4.5071e-02 (4.5071e-02)
Epoch: [163] Train_Loss_cls: 3.4622e-02 Train_Loss_mse: 1.0704e-01
Epoch: [163][0/8]	Time  8.430 ( 8.430)	Loss_VinDrCXR_rad17 cls 2.0021e-02 (2.0021e-02)	Loss_VinDrCXR_rad17 mse 1.5680e-02 (1.5680e-02)
Epoch: [163] Train_Loss_cls: 4.2966e-02 Train_Loss_mse: 2.6779e-02
Val_VinDrCXR_rad1: [ 0/30]	Time  7.241 ( 7.241)	Loss 7.0169e-01 (7.0169e-01)
Epoch 0163: avg_val_loss 0.27899, saving model to ./Models/swin_base_Ark_Finetune_17Rad/Ark_PlusArk_Finetune_17Rad/Ark_Finetune_17Rad/Ark_PlusArk_Finetune_17Rad
Epoch: [164][ 0/20]	Time  8.637 ( 8.637)	Loss_VinDrCXR_rad1 cls 1.1548e-02 (1.1548e-02)	Loss_VinDrCXR_rad1 mse 1.1577e-02 (1.1577e-02)
Epoch: [164] Train_Loss_cls: 2.4318e-03 Train_Loss_mse: 8.8288e-03
Epoch: [164][ 0/32]	Time  9.147 ( 9.147)	Loss_VinDrCXR_rad2 cls 5.7603e-04 (5.7603e-04)	Loss_VinDrCXR_rad2 mse 7.9249e-03 (7.9249e-03)
Epoch: [164] Train_Loss_cls: 5.3544e-03 Train_Loss_mse: 7.7933e-03
Epoch: [164][ 0/23]	Time  8.412 ( 8.412)	Loss_VinDrCXR_rad3 cls 5.4190e-04 (5.4190e-04)	Loss_VinDrCXR_rad3 mse 4.8922e-03 (4.8922e-03)
Epoch: [164] Train_Loss_cls: 1.9455e-03 Train_Loss_mse: 2.2100e-02
Epoch: [164][ 0/16]	Time  8.391 ( 8.391)	Loss_VinDrCXR_rad4 cls 4.2828e-04 (4.2828e-04)	Loss_VinDrCXR_rad4 mse 4.2087e-03 (4.2087e-03)
Epoch: [164] Train_Loss_cls: 2.3156e-03 Train_Loss_mse: 5.5900e-03
Epoch: [164][ 0/28]	Time  8.303 ( 8.303)	Loss_VinDrCXR_rad5 cls 3.3932e-04 (3.3932e-04)	Loss_VinDrCXR_rad5 mse 6.9497e-03 (6.9497e-03)
Epoch: [164] Train_Loss_cls: 4.4942e-03 Train_Loss_mse: 2.3484e-02
Epoch: [164][ 0/21]	Time  8.768 ( 8.768)	Loss_VinDrCXR_rad6 cls 8.3414e-04 (8.3414e-04)	Loss_VinDrCXR_rad6 mse 5.4595e-03 (5.4595e-03)
Epoch: [164] Train_Loss_cls: 1.3346e-03 Train_Loss_mse: 8.0963e-03
Epoch: [164][ 0/18]	Time  8.744 ( 8.744)	Loss_VinDrCXR_rad7 cls 2.6940e-04 (2.6940e-04)	Loss_VinDrCXR_rad7 mse 4.5098e-03 (4.5098e-03)
Epoch: [164] Train_Loss_cls: 2.3718e-03 Train_Loss_mse: 6.9447e-03
Epoch: [164][ 0/66]	Time  9.215 ( 9.215)	Loss_VinDrCXR_rad8 cls 5.0593e-01 (5.0593e-01)	Loss_VinDrCXR_rad8 mse 1.4053e-01 (1.4053e-01)
Epoch: [164][50/66]	Time  0.977 ( 1.191)	Loss_VinDrCXR_rad8 cls 1.1143e-01 (1.5152e-01)	Loss_VinDrCXR_rad8 mse 4.4947e-01 (5.3020e-01)
Epoch: [164] Train_Loss_cls: 1.5243e-01 Train_Loss_mse: 5.5170e-01
Epoch: [164][ 0/62]	Time  8.850 ( 8.850)	Loss_VinDrCXR_rad9 cls 2.0482e-01 (2.0482e-01)	Loss_VinDrCXR_rad9 mse 5.0377e-01 (5.0377e-01)
Epoch: [164][50/62]	Time  0.975 ( 1.163)	Loss_VinDrCXR_rad9 cls 2.1475e-01 (2.0100e-01)	Loss_VinDrCXR_rad9 mse 1.0248e-01 (5.8756e-01)
Epoch: [164] Train_Loss_cls: 1.9988e-01 Train_Loss_mse: 5.6100e-01
Epoch: [164][ 0/65]	Time  8.464 ( 8.464)	Loss_VinDrCXR_rad10 cls 1.4185e-01 (1.4185e-01)	Loss_VinDrCXR_rad10 mse 5.7091e-01 (5.7091e-01)
Epoch: [164][50/65]	Time  0.977 ( 1.159)	Loss_VinDrCXR_rad10 cls 1.4525e-01 (1.4957e-01)	Loss_VinDrCXR_rad10 mse 9.0870e-01 (5.1816e-01)
Epoch: [164] Train_Loss_cls: 1.4962e-01 Train_Loss_mse: 5.1188e-01
Epoch: [164][ 0/16]	Time  8.630 ( 8.630)	Loss_VinDrCXR_rad11 cls 8.2992e-02 (8.2992e-02)	Loss_VinDrCXR_rad11 mse 2.5955e-02 (2.5955e-02)
Epoch: [164] Train_Loss_cls: 4.4589e-02 Train_Loss_mse: 4.4295e-02
Epoch: [164][ 0/17]	Time  8.573 ( 8.573)	Loss_VinDrCXR_rad12 cls 2.6420e-02 (2.6420e-02)	Loss_VinDrCXR_rad12 mse 1.7422e-02 (1.7422e-02)
Epoch: [164] Train_Loss_cls: 3.1430e-02 Train_Loss_mse: 9.0514e-02
Epoch: [164][ 0/17]	Time  8.366 ( 8.366)	Loss_VinDrCXR_rad13 cls 4.5630e-02 (4.5630e-02)	Loss_VinDrCXR_rad13 mse 3.1875e-01 (3.1875e-01)
Epoch: [164] Train_Loss_cls: 3.9611e-02 Train_Loss_mse: 5.3023e-02
Epoch: [164][ 0/15]	Time  8.771 ( 8.771)	Loss_VinDrCXR_rad14 cls 2.9560e-02 (2.9560e-02)	Loss_VinDrCXR_rad14 mse 8.2736e-03 (8.2736e-03)
Epoch: [164] Train_Loss_cls: 4.6174e-02 Train_Loss_mse: 7.3235e-02
Epoch: [164][ 0/17]	Time  8.910 ( 8.910)	Loss_VinDrCXR_rad15 cls 2.2376e-02 (2.2376e-02)	Loss_VinDrCXR_rad15 mse 1.9314e-02 (1.9314e-02)
Epoch: [164] Train_Loss_cls: 4.0089e-02 Train_Loss_mse: 8.9269e-02
Epoch: [164][ 0/17]	Time  8.705 ( 8.705)	Loss_VinDrCXR_rad16 cls 3.7437e-02 (3.7437e-02)	Loss_VinDrCXR_rad16 mse 3.2331e-02 (3.2331e-02)
Epoch: [164] Train_Loss_cls: 2.7464e-02 Train_Loss_mse: 8.3127e-02
Epoch: [164][0/8]	Time  8.392 ( 8.392)	Loss_VinDrCXR_rad17 cls 2.6490e-02 (2.6490e-02)	Loss_VinDrCXR_rad17 mse 2.0034e-02 (2.0034e-02)
Epoch: [164] Train_Loss_cls: 3.1020e-02 Train_Loss_mse: 1.4046e-02
Val_VinDrCXR_rad1: [ 0/30]	Time  7.335 ( 7.335)	Loss 7.5709e-01 (7.5709e-01)
Epoch 0164: avg_val_loss 0.28923, saving model to ./Models/swin_base_Ark_Finetune_17Rad/Ark_PlusArk_Finetune_17Rad/Ark_Finetune_17Rad/Ark_PlusArk_Finetune_17Rad
Epoch: [165][ 0/20]	Time  8.305 ( 8.305)	Loss_VinDrCXR_rad1 cls 2.6884e-03 (2.6884e-03)	Loss_VinDrCXR_rad1 mse 5.1386e-03 (5.1386e-03)
Epoch: [165] Train_Loss_cls: 2.7311e-03 Train_Loss_mse: 9.2954e-03
Epoch: [165][ 0/32]	Time  8.872 ( 8.872)	Loss_VinDrCXR_rad2 cls 6.0770e-04 (6.0770e-04)	Loss_VinDrCXR_rad2 mse 7.6957e-03 (7.6957e-03)
Epoch: [165] Train_Loss_cls: 4.8338e-03 Train_Loss_mse: 6.7837e-03
Epoch: [165][ 0/23]	Time  9.617 ( 9.617)	Loss_VinDrCXR_rad3 cls 8.2510e-04 (8.2510e-04)	Loss_VinDrCXR_rad3 mse 4.8130e-03 (4.8130e-03)
Epoch: [165] Train_Loss_cls: 2.2927e-03 Train_Loss_mse: 2.7393e-02
Epoch: [165][ 0/16]	Time  8.446 ( 8.446)	Loss_VinDrCXR_rad4 cls 3.2869e-04 (3.2869e-04)	Loss_VinDrCXR_rad4 mse 4.4346e-03 (4.4346e-03)
Epoch: [165] Train_Loss_cls: 2.3223e-03 Train_Loss_mse: 4.3148e-03
Epoch: [165][ 0/28]	Time 10.942 (10.942)	Loss_VinDrCXR_rad5 cls 3.1474e-04 (3.1474e-04)	Loss_VinDrCXR_rad5 mse 4.0872e-03 (4.0872e-03)
Epoch: [165] Train_Loss_cls: 3.8866e-03 Train_Loss_mse: 9.9063e-03
Epoch: [165][ 0/21]	Time  8.599 ( 8.599)	Loss_VinDrCXR_rad6 cls 1.8780e-03 (1.8780e-03)	Loss_VinDrCXR_rad6 mse 6.0277e-03 (6.0277e-03)
Epoch: [165] Train_Loss_cls: 1.0727e-03 Train_Loss_mse: 6.7479e-03
Epoch: [165][ 0/18]	Time  8.751 ( 8.751)	Loss_VinDrCXR_rad7 cls 2.8458e-04 (2.8458e-04)	Loss_VinDrCXR_rad7 mse 3.9823e-03 (3.9823e-03)
Epoch: [165] Train_Loss_cls: 2.4564e-03 Train_Loss_mse: 8.2251e-03
Epoch: [165][ 0/66]	Time  8.765 ( 8.765)	Loss_VinDrCXR_rad8 cls 5.6630e-01 (5.6630e-01)	Loss_VinDrCXR_rad8 mse 5.6103e-01 (5.6103e-01)
Epoch: [165][50/66]	Time  0.975 ( 1.203)	Loss_VinDrCXR_rad8 cls 9.4882e-02 (1.4397e-01)	Loss_VinDrCXR_rad8 mse 1.7718e-01 (4.1074e-01)
Epoch: [165] Train_Loss_cls: 1.4341e-01 Train_Loss_mse: 4.1180e-01
Epoch: [165][ 0/62]	Time  8.856 ( 8.856)	Loss_VinDrCXR_rad9 cls 2.0110e-01 (2.0110e-01)	Loss_VinDrCXR_rad9 mse 1.0430e+00 (1.0430e+00)
Epoch: [165][50/62]	Time  0.977 ( 1.139)	Loss_VinDrCXR_rad9 cls 1.9881e-01 (1.9319e-01)	Loss_VinDrCXR_rad9 mse 9.9901e-02 (4.5406e-01)
Epoch: [165] Train_Loss_cls: 1.9331e-01 Train_Loss_mse: 4.5835e-01
Epoch: [165][ 0/65]	Time  8.921 ( 8.921)	Loss_VinDrCXR_rad10 cls 1.5160e-01 (1.5160e-01)	Loss_VinDrCXR_rad10 mse 9.4031e-02 (9.4031e-02)
Epoch: [165][50/65]	Time  1.745 ( 1.167)	Loss_VinDrCXR_rad10 cls 1.5693e-01 (1.4610e-01)	Loss_VinDrCXR_rad10 mse 1.0739e-01 (3.9160e-01)
Epoch: [165] Train_Loss_cls: 1.4781e-01 Train_Loss_mse: 3.8306e-01
Epoch: [165][ 0/16]	Time  8.850 ( 8.850)	Loss_VinDrCXR_rad11 cls 7.0138e-02 (7.0138e-02)	Loss_VinDrCXR_rad11 mse 2.2289e-02 (2.2289e-02)
Epoch: [165] Train_Loss_cls: 3.8456e-02 Train_Loss_mse: 8.5536e-02
Epoch: [165][ 0/17]	Time  8.685 ( 8.685)	Loss_VinDrCXR_rad12 cls 4.6424e-02 (4.6424e-02)	Loss_VinDrCXR_rad12 mse 1.8256e-02 (1.8256e-02)
Epoch: [165] Train_Loss_cls: 3.3276e-02 Train_Loss_mse: 7.1530e-02
Epoch: [165][ 0/17]	Time  8.551 ( 8.551)	Loss_VinDrCXR_rad13 cls 1.1822e-02 (1.1822e-02)	Loss_VinDrCXR_rad13 mse 1.1357e-02 (1.1357e-02)
Epoch: [165] Train_Loss_cls: 3.7568e-02 Train_Loss_mse: 8.0767e-02
Epoch: [165][ 0/15]	Time  8.334 ( 8.334)	Loss_VinDrCXR_rad14 cls 6.0564e-02 (6.0564e-02)	Loss_VinDrCXR_rad14 mse 1.4746e-01 (1.4746e-01)
Epoch: [165] Train_Loss_cls: 4.2982e-02 Train_Loss_mse: 1.0888e-01
Epoch: [165][ 0/17]	Time  8.661 ( 8.661)	Loss_VinDrCXR_rad15 cls 3.7121e-02 (3.7121e-02)	Loss_VinDrCXR_rad15 mse 1.0559e-02 (1.0559e-02)
Epoch: [165] Train_Loss_cls: 3.9129e-02 Train_Loss_mse: 5.2040e-02
Epoch: [165][ 0/17]	Time  8.661 ( 8.661)	Loss_VinDrCXR_rad16 cls 4.2386e-02 (4.2386e-02)	Loss_VinDrCXR_rad16 mse 1.7508e-01 (1.7508e-01)
Epoch: [165] Train_Loss_cls: 2.6396e-02 Train_Loss_mse: 5.2229e-02
Epoch: [165][0/8]	Time  8.524 ( 8.524)	Loss_VinDrCXR_rad17 cls 2.6938e-02 (2.6938e-02)	Loss_VinDrCXR_rad17 mse 2.8091e-02 (2.8091e-02)
Epoch: [165] Train_Loss_cls: 3.1903e-02 Train_Loss_mse: 1.8148e-02
Val_VinDrCXR_rad1: [ 0/30]	Time  7.427 ( 7.427)	Loss 8.6770e-01 (8.6770e-01)
Epoch 0165: avg_val_loss 0.32592, saving model to ./Models/swin_base_Ark_Finetune_17Rad/Ark_PlusArk_Finetune_17Rad/Ark_Finetune_17Rad/Ark_PlusArk_Finetune_17Rad
Epoch: [166][ 0/20]	Time  8.830 ( 8.830)	Loss_VinDrCXR_rad1 cls 6.6142e-03 (6.6142e-03)	Loss_VinDrCXR_rad1 mse 5.8108e-03 (5.8108e-03)
Epoch: [166] Train_Loss_cls: 1.8045e-03 Train_Loss_mse: 8.0001e-03
Epoch: [166][ 0/32]	Time  8.872 ( 8.872)	Loss_VinDrCXR_rad2 cls 6.1291e-04 (6.1291e-04)	Loss_VinDrCXR_rad2 mse 9.5306e-03 (9.5306e-03)
Epoch: [166] Train_Loss_cls: 4.5697e-03 Train_Loss_mse: 6.2201e-03
Epoch: [166][ 0/23]	Time  8.780 ( 8.780)	Loss_VinDrCXR_rad3 cls 6.0141e-04 (6.0141e-04)	Loss_VinDrCXR_rad3 mse 5.9315e-03 (5.9315e-03)
Epoch: [166] Train_Loss_cls: 2.0172e-03 Train_Loss_mse: 5.1344e-03
Epoch: [166][ 0/16]	Time  8.368 ( 8.368)	Loss_VinDrCXR_rad4 cls 1.4070e-02 (1.4070e-02)	Loss_VinDrCXR_rad4 mse 3.2372e-03 (3.2372e-03)
Epoch: [166] Train_Loss_cls: 2.0353e-03 Train_Loss_mse: 4.4168e-03
Epoch: [166][ 0/28]	Time  8.537 ( 8.537)	Loss_VinDrCXR_rad5 cls 3.6169e-04 (3.6169e-04)	Loss_VinDrCXR_rad5 mse 4.1278e-03 (4.1278e-03)
Epoch: [166] Train_Loss_cls: 3.8184e-03 Train_Loss_mse: 4.5673e-03
Epoch: [166][ 0/21]	Time  8.679 ( 8.679)	Loss_VinDrCXR_rad6 cls 6.7194e-04 (6.7194e-04)	Loss_VinDrCXR_rad6 mse 4.8077e-03 (4.8077e-03)
Epoch: [166] Train_Loss_cls: 5.7110e-04 Train_Loss_mse: 1.2077e-02
Epoch: [166][ 0/18]	Time  8.431 ( 8.431)	Loss_VinDrCXR_rad7 cls 2.3655e-04 (2.3655e-04)	Loss_VinDrCXR_rad7 mse 3.8390e-03 (3.8390e-03)
Epoch: [166] Train_Loss_cls: 2.0185e-03 Train_Loss_mse: 2.6869e-02
Epoch: [166][ 0/66]	Time  8.726 ( 8.726)	Loss_VinDrCXR_rad8 cls 5.3296e-01 (5.3296e-01)	Loss_VinDrCXR_rad8 mse 1.0789e+00 (1.0789e+00)
Epoch: [166][50/66]	Time  0.976 ( 1.161)	Loss_VinDrCXR_rad8 cls 1.8601e-01 (1.4227e-01)	Loss_VinDrCXR_rad8 mse 6.1150e-01 (3.9629e-01)
Epoch: [166] Train_Loss_cls: 1.3934e-01 Train_Loss_mse: 3.9714e-01
Epoch: [166][ 0/62]	Time  8.863 ( 8.863)	Loss_VinDrCXR_rad9 cls 2.5002e-01 (2.5002e-01)	Loss_VinDrCXR_rad9 mse 8.1656e-01 (8.1656e-01)
Epoch: [166][50/62]	Time  0.975 ( 1.142)	Loss_VinDrCXR_rad9 cls 1.5529e-01 (1.8460e-01)	Loss_VinDrCXR_rad9 mse 3.2098e-01 (3.5675e-01)
Epoch: [166] Train_Loss_cls: 1.8626e-01 Train_Loss_mse: 4.1115e-01
Epoch: [166][ 0/65]	Time  8.860 ( 8.860)	Loss_VinDrCXR_rad10 cls 1.4423e-01 (1.4423e-01)	Loss_VinDrCXR_rad10 mse 1.3255e-01 (1.3255e-01)
Epoch: [166][50/65]	Time  0.974 ( 1.150)	Loss_VinDrCXR_rad10 cls 1.2636e-01 (1.4420e-01)	Loss_VinDrCXR_rad10 mse 2.6367e-01 (4.0030e-01)
Epoch: [166] Train_Loss_cls: 1.4354e-01 Train_Loss_mse: 4.2546e-01
Epoch: [166][ 0/16]	Time  9.036 ( 9.036)	Loss_VinDrCXR_rad11 cls 1.2179e-01 (1.2179e-01)	Loss_VinDrCXR_rad11 mse 2.4463e-02 (2.4463e-02)
Epoch: [166] Train_Loss_cls: 4.6484e-02 Train_Loss_mse: 9.0945e-02
Epoch: [166][ 0/17]	Time  8.704 ( 8.704)	Loss_VinDrCXR_rad12 cls 5.2132e-02 (5.2132e-02)	Loss_VinDrCXR_rad12 mse 3.5731e-02 (3.5731e-02)
Epoch: [166] Train_Loss_cls: 3.2455e-02 Train_Loss_mse: 5.8279e-02
Epoch: [166][ 0/17]	Time  8.679 ( 8.679)	Loss_VinDrCXR_rad13 cls 8.9254e-02 (8.9254e-02)	Loss_VinDrCXR_rad13 mse 4.1747e-02 (4.1747e-02)
Epoch: [166] Train_Loss_cls: 4.1508e-02 Train_Loss_mse: 4.1652e-02
Epoch: [166][ 0/15]	Time  8.332 ( 8.332)	Loss_VinDrCXR_rad14 cls 4.4280e-02 (4.4280e-02)	Loss_VinDrCXR_rad14 mse 8.9550e-03 (8.9550e-03)
Epoch: [166] Train_Loss_cls: 4.5909e-02 Train_Loss_mse: 3.6282e-02
Epoch: [166][ 0/17]	Time  8.494 ( 8.494)	Loss_VinDrCXR_rad15 cls 5.1242e-02 (5.1242e-02)	Loss_VinDrCXR_rad15 mse 1.9531e-02 (1.9531e-02)
Epoch: [166] Train_Loss_cls: 4.4910e-02 Train_Loss_mse: 2.4054e-02
Epoch: [166][ 0/17]	Time  8.907 ( 8.907)	Loss_VinDrCXR_rad16 cls 1.9236e-02 (1.9236e-02)	Loss_VinDrCXR_rad16 mse 1.8752e-02 (1.8752e-02)
Epoch: [166] Train_Loss_cls: 3.0928e-02 Train_Loss_mse: 1.0132e-01
Epoch: [166][0/8]	Time  8.384 ( 8.384)	Loss_VinDrCXR_rad17 cls 3.1267e-02 (3.1267e-02)	Loss_VinDrCXR_rad17 mse 1.1898e-02 (1.1898e-02)
Epoch: [166] Train_Loss_cls: 3.0844e-02 Train_Loss_mse: 1.8079e-02
Val_VinDrCXR_rad1: [ 0/30]	Time  7.390 ( 7.390)	Loss 7.6583e-01 (7.6583e-01)
Epoch 0166: avg_val_loss 0.29308, saving model to ./Models/swin_base_Ark_Finetune_17Rad/Ark_PlusArk_Finetune_17Rad/Ark_Finetune_17Rad/Ark_PlusArk_Finetune_17Rad
Epoch: [167][ 0/20]	Time  8.660 ( 8.660)	Loss_VinDrCXR_rad1 cls 1.0664e-02 (1.0664e-02)	Loss_VinDrCXR_rad1 mse 8.7857e-03 (8.7857e-03)
Epoch: [167] Train_Loss_cls: 1.9606e-03 Train_Loss_mse: 7.8062e-03
Epoch: [167][ 0/32]	Time  9.023 ( 9.023)	Loss_VinDrCXR_rad2 cls 5.3391e-04 (5.3391e-04)	Loss_VinDrCXR_rad2 mse 6.0358e-03 (6.0358e-03)
Epoch: [167] Train_Loss_cls: 4.8068e-03 Train_Loss_mse: 9.4658e-03
Epoch: [167][ 0/23]	Time  8.551 ( 8.551)	Loss_VinDrCXR_rad3 cls 6.9386e-04 (6.9386e-04)	Loss_VinDrCXR_rad3 mse 4.7028e-03 (4.7028e-03)
Epoch: [167] Train_Loss_cls: 2.5124e-03 Train_Loss_mse: 1.8904e-02
Epoch: [167][ 0/16]	Time  8.589 ( 8.589)	Loss_VinDrCXR_rad4 cls 1.1526e-03 (1.1526e-03)	Loss_VinDrCXR_rad4 mse 6.0517e-03 (6.0517e-03)
Epoch: [167] Train_Loss_cls: 2.2868e-03 Train_Loss_mse: 5.9805e-03
Epoch: [167][ 0/28]	Time  8.299 ( 8.299)	Loss_VinDrCXR_rad5 cls 3.9088e-04 (3.9088e-04)	Loss_VinDrCXR_rad5 mse 5.9677e-03 (5.9677e-03)
Epoch: [167] Train_Loss_cls: 4.4442e-03 Train_Loss_mse: 6.5094e-03
Epoch: [167][ 0/21]	Time  8.895 ( 8.895)	Loss_VinDrCXR_rad6 cls 5.6931e-04 (5.6931e-04)	Loss_VinDrCXR_rad6 mse 4.8930e-03 (4.8930e-03)
Epoch: [167] Train_Loss_cls: 6.4139e-04 Train_Loss_mse: 8.4773e-03
Epoch: [167][ 0/18]	Time  8.827 ( 8.827)	Loss_VinDrCXR_rad7 cls 2.4970e-04 (2.4970e-04)	Loss_VinDrCXR_rad7 mse 6.3357e-03 (6.3357e-03)
Epoch: [167] Train_Loss_cls: 1.9483e-03 Train_Loss_mse: 6.6178e-03
Epoch: [167][ 0/66]	Time  8.480 ( 8.480)	Loss_VinDrCXR_rad8 cls 6.8409e-01 (6.8409e-01)	Loss_VinDrCXR_rad8 mse 4.9347e-01 (4.9347e-01)
Epoch: [167][50/66]	Time  0.978 ( 1.126)	Loss_VinDrCXR_rad8 cls 1.4272e-01 (1.4490e-01)	Loss_VinDrCXR_rad8 mse 1.5559e-01 (3.4239e-01)
Epoch: [167] Train_Loss_cls: 1.4095e-01 Train_Loss_mse: 3.2958e-01
Epoch: [167][ 0/62]	Time  8.846 ( 8.846)	Loss_VinDrCXR_rad9 cls 1.8907e-01 (1.8907e-01)	Loss_VinDrCXR_rad9 mse 5.7669e-01 (5.7669e-01)
Epoch: [167][50/62]	Time  0.975 ( 1.218)	Loss_VinDrCXR_rad9 cls 1.8862e-01 (1.8479e-01)	Loss_VinDrCXR_rad9 mse 1.4147e-01 (4.5210e-01)
Epoch: [167] Train_Loss_cls: 1.8417e-01 Train_Loss_mse: 4.3562e-01
Epoch: [167][ 0/65]	Time  8.780 ( 8.780)	Loss_VinDrCXR_rad10 cls 1.5970e-01 (1.5970e-01)	Loss_VinDrCXR_rad10 mse 1.1757e-01 (1.1757e-01)
Epoch: [167][50/65]	Time  0.975 ( 1.175)	Loss_VinDrCXR_rad10 cls 1.5289e-01 (1.4333e-01)	Loss_VinDrCXR_rad10 mse 4.8273e-01 (4.5558e-01)
Epoch: [167] Train_Loss_cls: 1.4348e-01 Train_Loss_mse: 4.2437e-01
Epoch: [167][ 0/16]	Time  8.943 ( 8.943)	Loss_VinDrCXR_rad11 cls 7.3331e-02 (7.3331e-02)	Loss_VinDrCXR_rad11 mse 6.4976e-02 (6.4976e-02)
Epoch: [167] Train_Loss_cls: 3.9173e-02 Train_Loss_mse: 3.3163e-02
Epoch: [167][ 0/17]	Time  8.501 ( 8.501)	Loss_VinDrCXR_rad12 cls 3.4775e-02 (3.4775e-02)	Loss_VinDrCXR_rad12 mse 1.5566e-02 (1.5566e-02)
Epoch: [167] Train_Loss_cls: 3.3422e-02 Train_Loss_mse: 8.1159e-02
Epoch: [167][ 0/17]	Time  9.077 ( 9.077)	Loss_VinDrCXR_rad13 cls 7.1769e-02 (7.1769e-02)	Loss_VinDrCXR_rad13 mse 6.0922e-02 (6.0922e-02)
Epoch: [167] Train_Loss_cls: 4.1304e-02 Train_Loss_mse: 4.1447e-02
Epoch: [167][ 0/15]	Time  8.763 ( 8.763)	Loss_VinDrCXR_rad14 cls 3.1153e-02 (3.1153e-02)	Loss_VinDrCXR_rad14 mse 3.9454e-02 (3.9454e-02)
Epoch: [167] Train_Loss_cls: 4.6235e-02 Train_Loss_mse: 4.4500e-02
Epoch: [167][ 0/17]	Time  8.732 ( 8.732)	Loss_VinDrCXR_rad15 cls 5.4352e-02 (5.4352e-02)	Loss_VinDrCXR_rad15 mse 4.0910e-02 (4.0910e-02)
Epoch: [167] Train_Loss_cls: 4.4313e-02 Train_Loss_mse: 2.9352e-02
Epoch: [167][ 0/17]	Time  8.609 ( 8.609)	Loss_VinDrCXR_rad16 cls 2.7394e-02 (2.7394e-02)	Loss_VinDrCXR_rad16 mse 5.2809e-02 (5.2809e-02)
Epoch: [167] Train_Loss_cls: 2.9418e-02 Train_Loss_mse: 5.8624e-02
Epoch: [167][0/8]	Time  8.553 ( 8.553)	Loss_VinDrCXR_rad17 cls 1.9683e-02 (1.9683e-02)	Loss_VinDrCXR_rad17 mse 8.6124e-03 (8.6124e-03)
Epoch: [167] Train_Loss_cls: 3.0657e-02 Train_Loss_mse: 2.1386e-02
Val_VinDrCXR_rad1: [ 0/30]	Time  7.836 ( 7.836)	Loss 7.9153e-01 (7.9153e-01)
Epoch 0167: avg_val_loss 0.30305, saving model to ./Models/swin_base_Ark_Finetune_17Rad/Ark_PlusArk_Finetune_17Rad/Ark_Finetune_17Rad/Ark_PlusArk_Finetune_17Rad
Epoch: [168][ 0/20]	Time  8.541 ( 8.541)	Loss_VinDrCXR_rad1 cls 1.2403e-02 (1.2403e-02)	Loss_VinDrCXR_rad1 mse 1.2191e-02 (1.2191e-02)
Epoch: [168] Train_Loss_cls: 2.8921e-03 Train_Loss_mse: 7.1892e-03
Epoch: [168][ 0/32]	Time  8.867 ( 8.867)	Loss_VinDrCXR_rad2 cls 1.5518e-02 (1.5518e-02)	Loss_VinDrCXR_rad2 mse 5.3148e-03 (5.3148e-03)
Epoch: [168] Train_Loss_cls: 4.6830e-03 Train_Loss_mse: 6.8130e-03
Epoch: [168][ 0/23]	Time  8.748 ( 8.748)	Loss_VinDrCXR_rad3 cls 4.1729e-04 (4.1729e-04)	Loss_VinDrCXR_rad3 mse 5.9480e-03 (5.9480e-03)
Epoch: [168] Train_Loss_cls: 3.1167e-03 Train_Loss_mse: 5.1402e-03
Epoch: [168][ 0/16]	Time  8.390 ( 8.390)	Loss_VinDrCXR_rad4 cls 6.5465e-04 (6.5465e-04)	Loss_VinDrCXR_rad4 mse 4.0563e-03 (4.0563e-03)
Epoch: [168] Train_Loss_cls: 2.1996e-03 Train_Loss_mse: 4.5065e-03
Epoch: [168][ 0/28]	Time  8.248 ( 8.248)	Loss_VinDrCXR_rad5 cls 3.3882e-04 (3.3882e-04)	Loss_VinDrCXR_rad5 mse 4.8918e-03 (4.8918e-03)
Epoch: [168] Train_Loss_cls: 3.7514e-03 Train_Loss_mse: 2.3063e-02
Epoch: [168][ 0/21]	Time  8.952 ( 8.952)	Loss_VinDrCXR_rad6 cls 7.3650e-04 (7.3650e-04)	Loss_VinDrCXR_rad6 mse 4.8922e-03 (4.8922e-03)
Epoch: [168] Train_Loss_cls: 1.0878e-03 Train_Loss_mse: 6.1322e-03
Epoch: [168][ 0/18]	Time  8.420 ( 8.420)	Loss_VinDrCXR_rad7 cls 3.0041e-04 (3.0041e-04)	Loss_VinDrCXR_rad7 mse 4.6600e-03 (4.6600e-03)
Epoch: [168] Train_Loss_cls: 2.4803e-03 Train_Loss_mse: 5.3148e-03
Epoch: [168][ 0/66]	Time  9.542 ( 9.542)	Loss_VinDrCXR_rad8 cls 4.5988e-01 (4.5988e-01)	Loss_VinDrCXR_rad8 mse 1.0451e-01 (1.0451e-01)
Epoch: [168][50/66]	Time  0.978 ( 1.192)	Loss_VinDrCXR_rad8 cls 1.4465e-01 (1.4701e-01)	Loss_VinDrCXR_rad8 mse 5.7931e-01 (3.6217e-01)
Epoch: [168] Train_Loss_cls: 1.4235e-01 Train_Loss_mse: 3.7362e-01
Epoch: [168][ 0/62]	Time  8.599 ( 8.599)	Loss_VinDrCXR_rad9 cls 2.0918e-01 (2.0918e-01)	Loss_VinDrCXR_rad9 mse 1.1580e-01 (1.1580e-01)
Epoch: [168][50/62]	Time  0.979 ( 1.162)	Loss_VinDrCXR_rad9 cls 1.5866e-01 (1.9746e-01)	Loss_VinDrCXR_rad9 mse 1.1948e-01 (6.2912e-01)
Epoch: [168] Train_Loss_cls: 1.9478e-01 Train_Loss_mse: 6.1485e-01
Epoch: [168][ 0/65]	Time  8.689 ( 8.689)	Loss_VinDrCXR_rad10 cls 1.5965e-01 (1.5965e-01)	Loss_VinDrCXR_rad10 mse 6.7028e-01 (6.7028e-01)
Epoch: [168][50/65]	Time  0.975 ( 1.141)	Loss_VinDrCXR_rad10 cls 1.3155e-01 (1.4605e-01)	Loss_VinDrCXR_rad10 mse 2.2944e-01 (4.8813e-01)
Epoch: [168] Train_Loss_cls: 1.4649e-01 Train_Loss_mse: 4.4989e-01
Epoch: [168][ 0/16]	Time  8.632 ( 8.632)	Loss_VinDrCXR_rad11 cls 7.3984e-02 (7.3984e-02)	Loss_VinDrCXR_rad11 mse 2.4367e-02 (2.4367e-02)
Epoch: [168] Train_Loss_cls: 4.2042e-02 Train_Loss_mse: 6.1138e-02
Epoch: [168][ 0/17]	Time  9.213 ( 9.213)	Loss_VinDrCXR_rad12 cls 3.1229e-02 (3.1229e-02)	Loss_VinDrCXR_rad12 mse 2.1797e-02 (2.1797e-02)
Epoch: [168] Train_Loss_cls: 3.4519e-02 Train_Loss_mse: 6.1071e-02
Epoch: [168][ 0/17]	Time  8.518 ( 8.518)	Loss_VinDrCXR_rad13 cls 3.9863e-02 (3.9863e-02)	Loss_VinDrCXR_rad13 mse 1.0121e+00 (1.0121e+00)
Epoch: [168] Train_Loss_cls: 3.6802e-02 Train_Loss_mse: 8.2592e-02
Epoch: [168][ 0/15]	Time  8.508 ( 8.508)	Loss_VinDrCXR_rad14 cls 7.4593e-02 (7.4593e-02)	Loss_VinDrCXR_rad14 mse 1.7301e-02 (1.7301e-02)
Epoch: [168] Train_Loss_cls: 4.8912e-02 Train_Loss_mse: 6.2418e-02
Epoch: [168][ 0/17]	Time  8.626 ( 8.626)	Loss_VinDrCXR_rad15 cls 4.2398e-02 (4.2398e-02)	Loss_VinDrCXR_rad15 mse 1.7795e-02 (1.7795e-02)
Epoch: [168] Train_Loss_cls: 4.0016e-02 Train_Loss_mse: 2.5515e-02
Epoch: [168][ 0/17]	Time  8.413 ( 8.413)	Loss_VinDrCXR_rad16 cls 3.1599e-02 (3.1599e-02)	Loss_VinDrCXR_rad16 mse 1.0991e-02 (1.0991e-02)
Epoch: [168] Train_Loss_cls: 2.4493e-02 Train_Loss_mse: 6.3688e-02
Epoch: [168][0/8]	Time  8.464 ( 8.464)	Loss_VinDrCXR_rad17 cls 3.2490e-02 (3.2490e-02)	Loss_VinDrCXR_rad17 mse 2.4803e-02 (2.4803e-02)
Epoch: [168] Train_Loss_cls: 2.9987e-02 Train_Loss_mse: 1.2904e-02
Val_VinDrCXR_rad1: [ 0/30]	Time  7.279 ( 7.279)	Loss 8.9436e-01 (8.9436e-01)
Epoch 0168: avg_val_loss 0.33972, saving model to ./Models/swin_base_Ark_Finetune_17Rad/Ark_PlusArk_Finetune_17Rad/Ark_Finetune_17Rad/Ark_PlusArk_Finetune_17Rad
Epoch: [169][ 0/20]	Time  8.863 ( 8.863)	Loss_VinDrCXR_rad1 cls 3.4559e-03 (3.4559e-03)	Loss_VinDrCXR_rad1 mse 7.6770e-03 (7.6770e-03)
Epoch: [169] Train_Loss_cls: 2.0042e-03 Train_Loss_mse: 7.4363e-03
Epoch: [169][ 0/32]	Time  8.913 ( 8.913)	Loss_VinDrCXR_rad2 cls 6.4855e-04 (6.4855e-04)	Loss_VinDrCXR_rad2 mse 7.5893e-03 (7.5893e-03)
Epoch: [169] Train_Loss_cls: 4.1807e-03 Train_Loss_mse: 7.6966e-03
Epoch: [169][ 0/23]	Time  8.188 ( 8.188)	Loss_VinDrCXR_rad3 cls 4.8041e-04 (4.8041e-04)	Loss_VinDrCXR_rad3 mse 4.8293e-03 (4.8293e-03)
Epoch: [169] Train_Loss_cls: 2.2064e-03 Train_Loss_mse: 5.4135e-03
Epoch: [169][ 0/16]	Time  8.630 ( 8.630)	Loss_VinDrCXR_rad4 cls 1.4000e-02 (1.4000e-02)	Loss_VinDrCXR_rad4 mse 3.6256e-03 (3.6256e-03)
Epoch: [169] Train_Loss_cls: 2.2579e-03 Train_Loss_mse: 4.4947e-03
Epoch: [169][ 0/28]	Time  8.051 ( 8.051)	Loss_VinDrCXR_rad5 cls 3.6371e-04 (3.6371e-04)	Loss_VinDrCXR_rad5 mse 6.3283e-03 (6.3283e-03)
Epoch: [169] Train_Loss_cls: 3.2702e-03 Train_Loss_mse: 5.5053e-03
Epoch: [169][ 0/21]	Time  8.479 ( 8.479)	Loss_VinDrCXR_rad6 cls 8.9211e-04 (8.9211e-04)	Loss_VinDrCXR_rad6 mse 4.7294e-03 (4.7294e-03)
Epoch: [169] Train_Loss_cls: 5.3474e-04 Train_Loss_mse: 2.8081e-02
Epoch: [169][ 0/18]	Time  8.962 ( 8.962)	Loss_VinDrCXR_rad7 cls 2.8194e-04 (2.8194e-04)	Loss_VinDrCXR_rad7 mse 3.6865e-03 (3.6865e-03)
Epoch: [169] Train_Loss_cls: 2.3310e-03 Train_Loss_mse: 4.5999e-03
Epoch: [169][ 0/66]	Time  9.128 ( 9.128)	Loss_VinDrCXR_rad8 cls 5.7620e-01 (5.7620e-01)	Loss_VinDrCXR_rad8 mse 1.1674e+00 (1.1674e+00)
Epoch: [169][50/66]	Time  0.975 ( 1.137)	Loss_VinDrCXR_rad8 cls 1.8912e-01 (1.4220e-01)	Loss_VinDrCXR_rad8 mse 7.9589e-01 (3.7563e-01)
Epoch: [169] Train_Loss_cls: 1.3781e-01 Train_Loss_mse: 3.9372e-01
Epoch: [169][ 0/62]	Time  9.335 ( 9.335)	Loss_VinDrCXR_rad9 cls 1.9232e-01 (1.9232e-01)	Loss_VinDrCXR_rad9 mse 8.6891e-02 (8.6891e-02)
Epoch: [169][50/62]	Time  0.975 ( 1.162)	Loss_VinDrCXR_rad9 cls 1.8696e-01 (1.8590e-01)	Loss_VinDrCXR_rad9 mse 4.8900e-01 (4.5927e-01)
Epoch: [169] Train_Loss_cls: 1.8624e-01 Train_Loss_mse: 5.1434e-01
Epoch: [169][ 0/65]	Time  8.680 ( 8.680)	Loss_VinDrCXR_rad10 cls 1.7283e-01 (1.7283e-01)	Loss_VinDrCXR_rad10 mse 5.0006e-01 (5.0006e-01)
Epoch: [169][50/65]	Time  0.980 ( 1.168)	Loss_VinDrCXR_rad10 cls 1.4119e-01 (1.5605e-01)	Loss_VinDrCXR_rad10 mse 4.1850e-01 (5.5013e-01)
Epoch: [169] Train_Loss_cls: 1.5630e-01 Train_Loss_mse: 5.4096e-01
Epoch: [169][ 0/16]	Time  8.565 ( 8.565)	Loss_VinDrCXR_rad11 cls 9.0386e-02 (9.0386e-02)	Loss_VinDrCXR_rad11 mse 3.5567e-02 (3.5567e-02)
Epoch: [169] Train_Loss_cls: 4.2536e-02 Train_Loss_mse: 5.7317e-02
Epoch: [169][ 0/17]	Time  9.661 ( 9.661)	Loss_VinDrCXR_rad12 cls 3.3423e-02 (3.3423e-02)	Loss_VinDrCXR_rad12 mse 9.6419e-03 (9.6419e-03)
Epoch: [169] Train_Loss_cls: 3.6102e-02 Train_Loss_mse: 1.2920e-01
Epoch: [169][ 0/17]	Time  8.741 ( 8.741)	Loss_VinDrCXR_rad13 cls 6.9850e-02 (6.9850e-02)	Loss_VinDrCXR_rad13 mse 2.2204e-02 (2.2204e-02)
Epoch: [169] Train_Loss_cls: 4.5577e-02 Train_Loss_mse: 6.4509e-02
Epoch: [169][ 0/15]	Time  8.315 ( 8.315)	Loss_VinDrCXR_rad14 cls 9.3136e-02 (9.3136e-02)	Loss_VinDrCXR_rad14 mse 2.0874e-02 (2.0874e-02)
Epoch: [169] Train_Loss_cls: 4.7585e-02 Train_Loss_mse: 3.2153e-02
Epoch: [169][ 0/17]	Time  8.700 ( 8.700)	Loss_VinDrCXR_rad15 cls 4.0399e-02 (4.0399e-02)	Loss_VinDrCXR_rad15 mse 1.7975e-01 (1.7975e-01)
Epoch: [169] Train_Loss_cls: 4.1884e-02 Train_Loss_mse: 9.9393e-02
Epoch: [169][ 0/17]	Time  8.402 ( 8.402)	Loss_VinDrCXR_rad16 cls 5.7784e-02 (5.7784e-02)	Loss_VinDrCXR_rad16 mse 1.4548e-02 (1.4548e-02)
Epoch: [169] Train_Loss_cls: 2.6785e-02 Train_Loss_mse: 6.7075e-02
Epoch: [169][0/8]	Time  8.497 ( 8.497)	Loss_VinDrCXR_rad17 cls 4.9687e-02 (4.9687e-02)	Loss_VinDrCXR_rad17 mse 1.9373e-02 (1.9373e-02)
Epoch: [169] Train_Loss_cls: 3.2949e-02 Train_Loss_mse: 1.7889e-02
Val_VinDrCXR_rad1: [ 0/30]	Time  7.204 ( 7.204)	Loss 7.3914e-01 (7.3914e-01)
Epoch 0169: avg_val_loss 0.28972, saving model to ./Models/swin_base_Ark_Finetune_17Rad/Ark_PlusArk_Finetune_17Rad/Ark_Finetune_17Rad/Ark_PlusArk_Finetune_17Rad
Epoch: [170][ 0/20]	Time  8.132 ( 8.132)	Loss_VinDrCXR_rad1 cls 3.6367e-03 (3.6367e-03)	Loss_VinDrCXR_rad1 mse 5.7632e-03 (5.7632e-03)
Epoch: [170] Train_Loss_cls: 2.4356e-03 Train_Loss_mse: 2.7011e-02
Epoch: [170][ 0/32]	Time  8.936 ( 8.936)	Loss_VinDrCXR_rad2 cls 9.3229e-04 (9.3229e-04)	Loss_VinDrCXR_rad2 mse 5.9133e-03 (5.9133e-03)
Epoch: [170] Train_Loss_cls: 4.6092e-03 Train_Loss_mse: 1.2486e-02
Epoch: [170][ 0/23]	Time  8.675 ( 8.675)	Loss_VinDrCXR_rad3 cls 1.3808e-03 (1.3808e-03)	Loss_VinDrCXR_rad3 mse 5.0599e-03 (5.0599e-03)
Epoch: [170] Train_Loss_cls: 2.5077e-03 Train_Loss_mse: 5.2428e-03
Epoch: [170][ 0/16]	Time  9.081 ( 9.081)	Loss_VinDrCXR_rad4 cls 3.8611e-04 (3.8611e-04)	Loss_VinDrCXR_rad4 mse 4.4545e-03 (4.4545e-03)
Epoch: [170] Train_Loss_cls: 2.0790e-03 Train_Loss_mse: 4.6969e-03
Epoch: [170][ 0/28]	Time  7.954 ( 7.954)	Loss_VinDrCXR_rad5 cls 3.6433e-04 (3.6433e-04)	Loss_VinDrCXR_rad5 mse 5.0306e-03 (5.0306e-03)
Epoch: [170] Train_Loss_cls: 3.5863e-03 Train_Loss_mse: 1.6476e-02
Epoch: [170][ 0/21]	Time  8.962 ( 8.962)	Loss_VinDrCXR_rad6 cls 1.0604e-03 (1.0604e-03)	Loss_VinDrCXR_rad6 mse 4.8084e-03 (4.8084e-03)
Epoch: [170] Train_Loss_cls: 7.0211e-04 Train_Loss_mse: 5.7029e-03
Epoch: [170][ 0/18]	Time  8.693 ( 8.693)	Loss_VinDrCXR_rad7 cls 2.1929e-04 (2.1929e-04)	Loss_VinDrCXR_rad7 mse 4.4453e-03 (4.4453e-03)
Epoch: [170] Train_Loss_cls: 2.0224e-03 Train_Loss_mse: 2.1827e-02
Epoch: [170][ 0/66]	Time  9.012 ( 9.012)	Loss_VinDrCXR_rad8 cls 5.8090e-01 (5.8090e-01)	Loss_VinDrCXR_rad8 mse 6.6173e-01 (6.6173e-01)
Epoch: [170][50/66]	Time  0.975 ( 1.179)	Loss_VinDrCXR_rad8 cls 1.0636e-01 (1.5131e-01)	Loss_VinDrCXR_rad8 mse 4.7320e-02 (4.1895e-01)
Epoch: [170] Train_Loss_cls: 1.4469e-01 Train_Loss_mse: 3.9394e-01
Epoch: [170][ 0/62]	Time  8.838 ( 8.838)	Loss_VinDrCXR_rad9 cls 1.7945e-01 (1.7945e-01)	Loss_VinDrCXR_rad9 mse 2.6554e-01 (2.6554e-01)
Epoch: [170][50/62]	Time  0.975 ( 1.173)	Loss_VinDrCXR_rad9 cls 1.9085e-01 (1.8762e-01)	Loss_VinDrCXR_rad9 mse 1.0657e-01 (4.4856e-01)
Epoch: [170] Train_Loss_cls: 1.8519e-01 Train_Loss_mse: 4.3198e-01
Epoch: [170][ 0/65]	Time  8.941 ( 8.941)	Loss_VinDrCXR_rad10 cls 1.7493e-01 (1.7493e-01)	Loss_VinDrCXR_rad10 mse 3.2185e-01 (3.2185e-01)
Epoch: [170][50/65]	Time  0.975 ( 1.169)	Loss_VinDrCXR_rad10 cls 1.4439e-01 (1.3972e-01)	Loss_VinDrCXR_rad10 mse 8.8654e-02 (4.1111e-01)
Epoch: [170] Train_Loss_cls: 1.3829e-01 Train_Loss_mse: 4.3330e-01
Epoch: [170][ 0/16]	Time  8.745 ( 8.745)	Loss_VinDrCXR_rad11 cls 7.6802e-02 (7.6802e-02)	Loss_VinDrCXR_rad11 mse 4.8527e-02 (4.8527e-02)
Epoch: [170] Train_Loss_cls: 3.8440e-02 Train_Loss_mse: 3.8020e-02
Epoch: [170][ 0/17]	Time  9.185 ( 9.185)	Loss_VinDrCXR_rad12 cls 9.2033e-03 (9.2033e-03)	Loss_VinDrCXR_rad12 mse 1.5044e-02 (1.5044e-02)
Epoch: [170] Train_Loss_cls: 2.6605e-02 Train_Loss_mse: 2.3908e-02
Epoch: [170][ 0/17]	Time  9.189 ( 9.189)	Loss_VinDrCXR_rad13 cls 2.2996e-02 (2.2996e-02)	Loss_VinDrCXR_rad13 mse 4.1299e-01 (4.1299e-01)
Epoch: [170] Train_Loss_cls: 3.5206e-02 Train_Loss_mse: 4.9393e-02
Epoch: [170][ 0/15]	Time  8.610 ( 8.610)	Loss_VinDrCXR_rad14 cls 5.9238e-02 (5.9238e-02)	Loss_VinDrCXR_rad14 mse 5.6515e-01 (5.6515e-01)
Epoch: [170] Train_Loss_cls: 4.1922e-02 Train_Loss_mse: 9.3021e-02
Epoch: [170][ 0/17]	Time  8.345 ( 8.345)	Loss_VinDrCXR_rad15 cls 3.6971e-02 (3.6971e-02)	Loss_VinDrCXR_rad15 mse 1.1414e-02 (1.1414e-02)
Epoch: [170] Train_Loss_cls: 3.6940e-02 Train_Loss_mse: 6.0841e-02
Epoch: [170][ 0/17]	Time  8.353 ( 8.353)	Loss_VinDrCXR_rad16 cls 3.7986e-02 (3.7986e-02)	Loss_VinDrCXR_rad16 mse 1.4570e-02 (1.4570e-02)
Epoch: [170] Train_Loss_cls: 2.3128e-02 Train_Loss_mse: 4.6401e-02
Epoch: [170][0/8]	Time  8.457 ( 8.457)	Loss_VinDrCXR_rad17 cls 2.8869e-02 (2.8869e-02)	Loss_VinDrCXR_rad17 mse 1.8017e-02 (1.8017e-02)
Epoch: [170] Train_Loss_cls: 2.6226e-02 Train_Loss_mse: 1.3577e-02
Val_VinDrCXR_rad1: [ 0/30]	Time  7.360 ( 7.360)	Loss 8.0447e-01 (8.0447e-01)
Epoch 0170: avg_val_loss 0.31713, saving model to ./Models/swin_base_Ark_Finetune_17Rad/Ark_PlusArk_Finetune_17Rad/Ark_Finetune_17Rad/Ark_PlusArk_Finetune_17Rad
>>VinDrCXR_rad1 Disease = ['PE', 'Lung tumor', 'Pneumonia', 'Tuberculosis', 'Other diseases', 'No finding']
>>VinDrCXR_rad1:Student AUC = [0.9821	0.9127	0.948 	0.9474	0.8435	0.9496], 
Teacher AUC = [0.9811	0.934 	0.9547	0.9461	0.8528	0.9507]

>>VinDrCXR_rad1: Student mAUC = 0.9305, Teacher mAUC = 0.9366
Omni-pretraining stage: 
Student meanAUC = 
[[0.9468759507134883], [0.9454261264448013], [0.9389692516963958], [0.9338567099466557], [0.9322285595158992], [0.9267613086784795], [0.9269031959521569], [0.9311978881171713], [0.9322738966995839], [0.9282953834234174], [0.929972291939886], [0.9318785771175087], [0.937211098360474], [0.9381919883273343], [0.9369602586957376], [0.9366551483549057], [0.9346324920330171], [0.9299819806706333], [0.9305474169968909]] 
Teacher meanAUC = 
[[0.9468759507134883], [0.9460270675389304], [0.9413547485728361], [0.9352525270339678], [0.933640160889925], [0.9253586349249475], [0.9311537710751477], [0.9326593268703175], [0.9311490937056109], [0.9340407878121827], [0.9299489031778979], [0.9354695743205612], [0.9370271512949998], [0.9387894655012321], [0.9400737372963088], [0.9425990602592327], [0.9408374784800566], [0.9355654573171095], [0.9365540511356777]]

Epoch: [171][ 0/20]	Time  8.473 ( 8.473)	Loss_VinDrCXR_rad1 cls 3.0236e-03 (3.0236e-03)	Loss_VinDrCXR_rad1 mse 6.2552e-03 (6.2552e-03)
Epoch: [171] Train_Loss_cls: 3.7801e-03 Train_Loss_mse: 9.2441e-03
Epoch: [171][ 0/32]	Time  8.837 ( 8.837)	Loss_VinDrCXR_rad2 cls 6.7278e-04 (6.7278e-04)	Loss_VinDrCXR_rad2 mse 1.4581e-02 (1.4581e-02)
Epoch: [171] Train_Loss_cls: 4.8136e-03 Train_Loss_mse: 9.2994e-03
Epoch: [171][ 0/23]	Time  8.460 ( 8.460)	Loss_VinDrCXR_rad3 cls 3.1265e-04 (3.1265e-04)	Loss_VinDrCXR_rad3 mse 4.0184e-03 (4.0184e-03)
Epoch: [171] Train_Loss_cls: 2.9743e-03 Train_Loss_mse: 5.3659e-03
Epoch: [171][ 0/16]	Time  8.793 ( 8.793)	Loss_VinDrCXR_rad4 cls 3.6960e-04 (3.6960e-04)	Loss_VinDrCXR_rad4 mse 6.0333e-03 (6.0333e-03)
Epoch: [171] Train_Loss_cls: 1.9863e-03 Train_Loss_mse: 4.6548e-03
Epoch: [171][ 0/28]	Time  8.777 ( 8.777)	Loss_VinDrCXR_rad5 cls 3.0538e-02 (3.0538e-02)	Loss_VinDrCXR_rad5 mse 4.0985e-03 (4.0985e-03)
Epoch: [171] Train_Loss_cls: 4.0584e-03 Train_Loss_mse: 4.4524e-03
Epoch: [171][ 0/21]	Time  8.437 ( 8.437)	Loss_VinDrCXR_rad6 cls 7.9737e-04 (7.9737e-04)	Loss_VinDrCXR_rad6 mse 4.2793e-03 (4.2793e-03)
Epoch: [171] Train_Loss_cls: 4.9065e-04 Train_Loss_mse: 2.8893e-02
Epoch: [171][ 0/18]	Time  8.310 ( 8.310)	Loss_VinDrCXR_rad7 cls 3.3466e-04 (3.3466e-04)	Loss_VinDrCXR_rad7 mse 3.7800e-03 (3.7800e-03)
Epoch: [171] Train_Loss_cls: 1.9281e-03 Train_Loss_mse: 3.6696e-02
Epoch: [171][ 0/66]	Time  8.753 ( 8.753)	Loss_VinDrCXR_rad8 cls 4.7047e-01 (4.7047e-01)	Loss_VinDrCXR_rad8 mse 9.8831e-02 (9.8831e-02)
Epoch: [171][50/66]	Time  0.978 ( 1.139)	Loss_VinDrCXR_rad8 cls 7.9464e-02 (1.3836e-01)	Loss_VinDrCXR_rad8 mse 6.7395e-02 (3.6092e-01)
Epoch: [171] Train_Loss_cls: 1.3656e-01 Train_Loss_mse: 3.8558e-01
Epoch: [171][ 0/62]	Time  8.930 ( 8.930)	Loss_VinDrCXR_rad9 cls 2.0442e-01 (2.0442e-01)	Loss_VinDrCXR_rad9 mse 7.7234e-01 (7.7234e-01)
Epoch: [171][50/62]	Time  0.975 ( 1.150)	Loss_VinDrCXR_rad9 cls 1.8317e-01 (1.8668e-01)	Loss_VinDrCXR_rad9 mse 3.3547e-01 (4.6721e-01)
Epoch: [171] Train_Loss_cls: 1.8528e-01 Train_Loss_mse: 4.4636e-01
Epoch: [171][ 0/65]	Time  8.389 ( 8.389)	Loss_VinDrCXR_rad10 cls 8.6271e-02 (8.6271e-02)	Loss_VinDrCXR_rad10 mse 5.0321e-01 (5.0321e-01)
Epoch: [171][50/65]	Time  0.975 ( 1.202)	Loss_VinDrCXR_rad10 cls 1.2479e-01 (1.4291e-01)	Loss_VinDrCXR_rad10 mse 2.2183e-01 (4.0208e-01)
Epoch: [171] Train_Loss_cls: 1.4219e-01 Train_Loss_mse: 4.2340e-01
Epoch: [171][ 0/16]	Time  8.864 ( 8.864)	Loss_VinDrCXR_rad11 cls 7.1906e-02 (7.1906e-02)	Loss_VinDrCXR_rad11 mse 2.6406e-02 (2.6406e-02)
Epoch: [171] Train_Loss_cls: 4.1787e-02 Train_Loss_mse: 6.4810e-02
Epoch: [171][ 0/17]	Time  8.817 ( 8.817)	Loss_VinDrCXR_rad12 cls 2.7709e-02 (2.7709e-02)	Loss_VinDrCXR_rad12 mse 2.1278e-02 (2.1278e-02)
Epoch: [171] Train_Loss_cls: 3.6101e-02 Train_Loss_mse: 4.7290e-02
Epoch: [171][ 0/17]	Time  8.918 ( 8.918)	Loss_VinDrCXR_rad13 cls 3.2592e-02 (3.2592e-02)	Loss_VinDrCXR_rad13 mse 4.3365e-02 (4.3365e-02)
Epoch: [171] Train_Loss_cls: 4.8337e-02 Train_Loss_mse: 8.9457e-02
Epoch: [171][ 0/15]	Time  8.564 ( 8.564)	Loss_VinDrCXR_rad14 cls 8.0809e-02 (8.0809e-02)	Loss_VinDrCXR_rad14 mse 3.8441e-01 (3.8441e-01)
Epoch: [171] Train_Loss_cls: 5.3210e-02 Train_Loss_mse: 1.2925e-01
Epoch: [171][ 0/17]	Time  8.636 ( 8.636)	Loss_VinDrCXR_rad15 cls 5.2210e-02 (5.2210e-02)	Loss_VinDrCXR_rad15 mse 2.2709e-01 (2.2709e-01)
Epoch: [171] Train_Loss_cls: 5.1183e-02 Train_Loss_mse: 1.1243e-01
Epoch: [171][ 0/17]	Time  8.974 ( 8.974)	Loss_VinDrCXR_rad16 cls 3.6507e-02 (3.6507e-02)	Loss_VinDrCXR_rad16 mse 3.0586e-02 (3.0586e-02)
Epoch: [171] Train_Loss_cls: 3.3518e-02 Train_Loss_mse: 9.2221e-02
Epoch: [171][0/8]	Time  8.694 ( 8.694)	Loss_VinDrCXR_rad17 cls 4.7207e-02 (4.7207e-02)	Loss_VinDrCXR_rad17 mse 4.1767e-02 (4.1767e-02)
Epoch: [171] Train_Loss_cls: 3.4095e-02 Train_Loss_mse: 3.6992e-02
Val_VinDrCXR_rad1: [ 0/30]	Time  7.206 ( 7.206)	Loss 7.6995e-01 (7.6995e-01)
Epoch 0171: avg_val_loss 0.30037, saving model to ./Models/swin_base_Ark_Finetune_17Rad/Ark_PlusArk_Finetune_17Rad/Ark_Finetune_17Rad/Ark_PlusArk_Finetune_17Rad
Epoch: [172][ 0/20]	Time  8.619 ( 8.619)	Loss_VinDrCXR_rad1 cls 3.5058e-03 (3.5058e-03)	Loss_VinDrCXR_rad1 mse 5.7639e-03 (5.7639e-03)
Epoch: [172] Train_Loss_cls: 2.9777e-03 Train_Loss_mse: 6.2725e-03
Epoch: [172][ 0/32]	Time 10.530 (10.530)	Loss_VinDrCXR_rad2 cls 3.1425e-03 (3.1425e-03)	Loss_VinDrCXR_rad2 mse 9.2012e-03 (9.2012e-03)
Epoch: [172] Train_Loss_cls: 4.6186e-03 Train_Loss_mse: 6.5741e-03
Epoch: [172][ 0/23]	Time  8.620 ( 8.620)	Loss_VinDrCXR_rad3 cls 4.4036e-04 (4.4036e-04)	Loss_VinDrCXR_rad3 mse 5.0807e-03 (5.0807e-03)
Epoch: [172] Train_Loss_cls: 1.9994e-03 Train_Loss_mse: 2.7062e-02
Epoch: [172][ 0/16]	Time  8.152 ( 8.152)	Loss_VinDrCXR_rad4 cls 4.0311e-04 (4.0311e-04)	Loss_VinDrCXR_rad4 mse 1.6473e-02 (1.6473e-02)
Epoch: [172] Train_Loss_cls: 2.1316e-03 Train_Loss_mse: 5.2323e-03
Epoch: [172][ 0/28]	Time  8.253 ( 8.253)	Loss_VinDrCXR_rad5 cls 4.2336e-04 (4.2336e-04)	Loss_VinDrCXR_rad5 mse 4.4117e-03 (4.4117e-03)
Epoch: [172] Train_Loss_cls: 3.8360e-03 Train_Loss_mse: 4.9549e-03
Epoch: [172][ 0/21]	Time  8.168 ( 8.168)	Loss_VinDrCXR_rad6 cls 7.4166e-04 (7.4166e-04)	Loss_VinDrCXR_rad6 mse 4.1001e-03 (4.1001e-03)
Epoch: [172] Train_Loss_cls: 5.4890e-04 Train_Loss_mse: 2.6034e-02
Epoch: [172][ 0/18]	Time  8.927 ( 8.927)	Loss_VinDrCXR_rad7 cls 2.7299e-04 (2.7299e-04)	Loss_VinDrCXR_rad7 mse 5.5036e-03 (5.5036e-03)
Epoch: [172] Train_Loss_cls: 1.9990e-03 Train_Loss_mse: 3.8188e-02
Epoch: [172][ 0/66]	Time  8.839 ( 8.839)	Loss_VinDrCXR_rad8 cls 5.1198e-01 (5.1198e-01)	Loss_VinDrCXR_rad8 mse 3.8438e-01 (3.8438e-01)
Epoch: [172][50/66]	Time  0.982 ( 1.163)	Loss_VinDrCXR_rad8 cls 1.0051e-01 (1.4754e-01)	Loss_VinDrCXR_rad8 mse 6.6540e-01 (5.2761e-01)
Epoch: [172] Train_Loss_cls: 1.4373e-01 Train_Loss_mse: 4.9614e-01
Epoch: [172][ 0/62]	Time  8.919 ( 8.919)	Loss_VinDrCXR_rad9 cls 2.3436e-01 (2.3436e-01)	Loss_VinDrCXR_rad9 mse 6.2970e-01 (6.2970e-01)
Epoch: [172][50/62]	Time  0.975 ( 1.144)	Loss_VinDrCXR_rad9 cls 1.6948e-01 (1.8256e-01)	Loss_VinDrCXR_rad9 mse 3.9992e-01 (3.9581e-01)
Epoch: [172] Train_Loss_cls: 1.8235e-01 Train_Loss_mse: 3.8535e-01
Epoch: [172][ 0/65]	Time  8.683 ( 8.683)	Loss_VinDrCXR_rad10 cls 1.2938e-01 (1.2938e-01)	Loss_VinDrCXR_rad10 mse 2.2457e-01 (2.2457e-01)
Epoch: [172][50/65]	Time  0.975 ( 1.178)	Loss_VinDrCXR_rad10 cls 1.4745e-01 (1.4567e-01)	Loss_VinDrCXR_rad10 mse 1.0793e-01 (4.8023e-01)
Epoch: [172] Train_Loss_cls: 1.4516e-01 Train_Loss_mse: 4.4389e-01
Epoch: [172][ 0/16]	Time  8.580 ( 8.580)	Loss_VinDrCXR_rad11 cls 6.8395e-02 (6.8395e-02)	Loss_VinDrCXR_rad11 mse 8.3544e-02 (8.3544e-02)
Epoch: [172] Train_Loss_cls: 3.5977e-02 Train_Loss_mse: 4.2638e-02
Epoch: [172][ 0/17]	Time  8.786 ( 8.786)	Loss_VinDrCXR_rad12 cls 3.0467e-02 (3.0467e-02)	Loss_VinDrCXR_rad12 mse 2.2633e-02 (2.2633e-02)
Epoch: [172] Train_Loss_cls: 3.6920e-02 Train_Loss_mse: 6.4109e-02
Epoch: [172][ 0/17]	Time  9.197 ( 9.197)	Loss_VinDrCXR_rad13 cls 1.8220e-02 (1.8220e-02)	Loss_VinDrCXR_rad13 mse 2.4972e-02 (2.4972e-02)
Epoch: [172] Train_Loss_cls: 4.0928e-02 Train_Loss_mse: 7.4094e-02
Epoch: [172][ 0/15]	Time  8.580 ( 8.580)	Loss_VinDrCXR_rad14 cls 2.3379e-02 (2.3379e-02)	Loss_VinDrCXR_rad14 mse 8.0437e-03 (8.0437e-03)
Epoch: [172] Train_Loss_cls: 4.9218e-02 Train_Loss_mse: 1.3109e-01
Epoch: [172][ 0/17]	Time  8.491 ( 8.491)	Loss_VinDrCXR_rad15 cls 4.2796e-02 (4.2796e-02)	Loss_VinDrCXR_rad15 mse 9.3387e-03 (9.3387e-03)
Epoch: [172] Train_Loss_cls: 4.1357e-02 Train_Loss_mse: 3.8978e-02
Epoch: [172][ 0/17]	Time  8.804 ( 8.804)	Loss_VinDrCXR_rad16 cls 3.0927e-02 (3.0927e-02)	Loss_VinDrCXR_rad16 mse 4.4027e-02 (4.4027e-02)
Epoch: [172] Train_Loss_cls: 2.7951e-02 Train_Loss_mse: 1.1646e-01
Epoch: [172][0/8]	Time  8.678 ( 8.678)	Loss_VinDrCXR_rad17 cls 2.3697e-02 (2.3697e-02)	Loss_VinDrCXR_rad17 mse 1.5343e-02 (1.5343e-02)
Epoch: [172] Train_Loss_cls: 3.7796e-02 Train_Loss_mse: 2.0455e-02
Val_VinDrCXR_rad1: [ 0/30]	Time  7.202 ( 7.202)	Loss 7.2513e-01 (7.2513e-01)
Epoch 0172: avg_val_loss 0.28503, saving model to ./Models/swin_base_Ark_Finetune_17Rad/Ark_PlusArk_Finetune_17Rad/Ark_Finetune_17Rad/Ark_PlusArk_Finetune_17Rad
Epoch: [173][ 0/20]	Time  8.481 ( 8.481)	Loss_VinDrCXR_rad1 cls 5.4079e-03 (5.4079e-03)	Loss_VinDrCXR_rad1 mse 7.8602e-03 (7.8602e-03)
Epoch: [173] Train_Loss_cls: 2.4677e-03 Train_Loss_mse: 8.9773e-03
Epoch: [173][ 0/32]	Time  8.800 ( 8.800)	Loss_VinDrCXR_rad2 cls 6.1649e-04 (6.1649e-04)	Loss_VinDrCXR_rad2 mse 6.3448e-03 (6.3448e-03)
Epoch: [173] Train_Loss_cls: 4.7876e-03 Train_Loss_mse: 5.8466e-03
Epoch: [173][ 0/23]	Time  8.812 ( 8.812)	Loss_VinDrCXR_rad3 cls 8.4645e-04 (8.4645e-04)	Loss_VinDrCXR_rad3 mse 5.2448e-03 (5.2448e-03)
Epoch: [173] Train_Loss_cls: 2.0543e-03 Train_Loss_mse: 5.1179e-03
Epoch: [173][ 0/16]	Time  8.475 ( 8.475)	Loss_VinDrCXR_rad4 cls 1.9440e-03 (1.9440e-03)	Loss_VinDrCXR_rad4 mse 4.8544e-03 (4.8544e-03)
Epoch: [173] Train_Loss_cls: 2.2726e-03 Train_Loss_mse: 4.7018e-03
Epoch: [173][ 0/28]	Time  8.530 ( 8.530)	Loss_VinDrCXR_rad5 cls 4.6197e-04 (4.6197e-04)	Loss_VinDrCXR_rad5 mse 4.8578e-03 (4.8578e-03)
Epoch: [173] Train_Loss_cls: 3.9002e-03 Train_Loss_mse: 4.7327e-03
Epoch: [173][ 0/21]	Time  8.719 ( 8.719)	Loss_VinDrCXR_rad6 cls 6.5121e-04 (6.5121e-04)	Loss_VinDrCXR_rad6 mse 5.4996e-03 (5.4996e-03)
Epoch: [173] Train_Loss_cls: 5.1478e-04 Train_Loss_mse: 5.2332e-03
Epoch: [173][ 0/18]	Time  8.738 ( 8.738)	Loss_VinDrCXR_rad7 cls 2.6942e-04 (2.6942e-04)	Loss_VinDrCXR_rad7 mse 3.8816e-03 (3.8816e-03)
Epoch: [173] Train_Loss_cls: 2.1953e-03 Train_Loss_mse: 4.8819e-03
Epoch: [173][ 0/66]	Time  8.664 ( 8.664)	Loss_VinDrCXR_rad8 cls 5.7338e-01 (5.7338e-01)	Loss_VinDrCXR_rad8 mse 1.3413e-01 (1.3413e-01)
Epoch: [173][50/66]	Time  1.007 ( 1.201)	Loss_VinDrCXR_rad8 cls 1.2847e-01 (1.3912e-01)	Loss_VinDrCXR_rad8 mse 1.9577e-01 (4.9108e-01)
Epoch: [173] Train_Loss_cls: 1.3627e-01 Train_Loss_mse: 4.4892e-01
Epoch: [173][ 0/62]	Time  8.715 ( 8.715)	Loss_VinDrCXR_rad9 cls 2.1813e-01 (2.1813e-01)	Loss_VinDrCXR_rad9 mse 9.6788e-02 (9.6788e-02)
Epoch: [173][50/62]	Time  0.977 ( 1.149)	Loss_VinDrCXR_rad9 cls 2.3780e-01 (1.7988e-01)	Loss_VinDrCXR_rad9 mse 1.0681e-01 (3.9035e-01)
Epoch: [173] Train_Loss_cls: 1.8038e-01 Train_Loss_mse: 3.8033e-01
Epoch: [173][ 0/65]	Time  8.623 ( 8.623)	Loss_VinDrCXR_rad10 cls 1.6223e-01 (1.6223e-01)	Loss_VinDrCXR_rad10 mse 5.6459e-01 (5.6459e-01)
Epoch: [173][50/65]	Time  0.978 ( 1.169)	Loss_VinDrCXR_rad10 cls 1.1698e-01 (1.4100e-01)	Loss_VinDrCXR_rad10 mse 8.5037e-02 (4.1535e-01)
Epoch: [173] Train_Loss_cls: 1.4116e-01 Train_Loss_mse: 3.9613e-01
Epoch: [173][ 0/16]	Time  9.088 ( 9.088)	Loss_VinDrCXR_rad11 cls 8.6889e-02 (8.6889e-02)	Loss_VinDrCXR_rad11 mse 2.2850e-01 (2.2850e-01)
Epoch: [173] Train_Loss_cls: 4.2195e-02 Train_Loss_mse: 1.0110e-01
Epoch: [173][ 0/17]	Time  8.852 ( 8.852)	Loss_VinDrCXR_rad12 cls 6.1871e-02 (6.1871e-02)	Loss_VinDrCXR_rad12 mse 2.2898e-02 (2.2898e-02)
Epoch: [173] Train_Loss_cls: 3.4010e-02 Train_Loss_mse: 7.1183e-02
Epoch: [173][ 0/17]	Time  8.491 ( 8.491)	Loss_VinDrCXR_rad13 cls 3.6626e-02 (3.6626e-02)	Loss_VinDrCXR_rad13 mse 3.5469e-02 (3.5469e-02)
Epoch: [173] Train_Loss_cls: 4.0502e-02 Train_Loss_mse: 3.5795e-02
Epoch: [173][ 0/15]	Time  8.841 ( 8.841)	Loss_VinDrCXR_rad14 cls 8.0837e-02 (8.0837e-02)	Loss_VinDrCXR_rad14 mse 1.7955e-02 (1.7955e-02)
Epoch: [173] Train_Loss_cls: 4.2579e-02 Train_Loss_mse: 5.7739e-02
Epoch: [173][ 0/17]	Time  8.946 ( 8.946)	Loss_VinDrCXR_rad15 cls 3.2369e-02 (3.2369e-02)	Loss_VinDrCXR_rad15 mse 4.9054e-01 (4.9054e-01)
Epoch: [173] Train_Loss_cls: 4.0254e-02 Train_Loss_mse: 7.4278e-02
Epoch: [173][ 0/17]	Time  8.429 ( 8.429)	Loss_VinDrCXR_rad16 cls 2.8407e-02 (2.8407e-02)	Loss_VinDrCXR_rad16 mse 2.6716e-02 (2.6716e-02)
Epoch: [173] Train_Loss_cls: 3.0493e-02 Train_Loss_mse: 8.2399e-02
Epoch: [173][0/8]	Time  9.562 ( 9.562)	Loss_VinDrCXR_rad17 cls 5.9656e-02 (5.9656e-02)	Loss_VinDrCXR_rad17 mse 4.8752e-02 (4.8752e-02)
Epoch: [173] Train_Loss_cls: 3.5201e-02 Train_Loss_mse: 1.9285e-02
Val_VinDrCXR_rad1: [ 0/30]	Time  7.466 ( 7.466)	Loss 8.0466e-01 (8.0466e-01)
Epoch 0173: avg_val_loss 0.31377, saving model to ./Models/swin_base_Ark_Finetune_17Rad/Ark_PlusArk_Finetune_17Rad/Ark_Finetune_17Rad/Ark_PlusArk_Finetune_17Rad
Epoch: [174][ 0/20]	Time  8.432 ( 8.432)	Loss_VinDrCXR_rad1 cls 8.2273e-03 (8.2273e-03)	Loss_VinDrCXR_rad1 mse 8.4632e-03 (8.4632e-03)
Epoch: [174] Train_Loss_cls: 3.4056e-03 Train_Loss_mse: 7.3232e-03
Epoch: [174][ 0/32]	Time  8.718 ( 8.718)	Loss_VinDrCXR_rad2 cls 6.9919e-04 (6.9919e-04)	Loss_VinDrCXR_rad2 mse 8.8287e-03 (8.8287e-03)
Epoch: [174] Train_Loss_cls: 4.7265e-03 Train_Loss_mse: 6.8077e-03
Epoch: [174][ 0/23]	Time  8.778 ( 8.778)	Loss_VinDrCXR_rad3 cls 1.2316e-03 (1.2316e-03)	Loss_VinDrCXR_rad3 mse 6.2181e-03 (6.2181e-03)
Epoch: [174] Train_Loss_cls: 2.9529e-03 Train_Loss_mse: 1.4452e-02
Epoch: [174][ 0/16]	Time  8.343 ( 8.343)	Loss_VinDrCXR_rad4 cls 5.1292e-04 (5.1292e-04)	Loss_VinDrCXR_rad4 mse 6.5654e-03 (6.5654e-03)
Epoch: [174] Train_Loss_cls: 2.0922e-03 Train_Loss_mse: 5.9006e-03
Epoch: [174][ 0/28]	Time  8.105 ( 8.105)	Loss_VinDrCXR_rad5 cls 1.3636e-02 (1.3636e-02)	Loss_VinDrCXR_rad5 mse 4.1489e-03 (4.1489e-03)
Epoch: [174] Train_Loss_cls: 4.2628e-03 Train_Loss_mse: 5.0102e-03
Epoch: [174][ 0/21]	Time  8.469 ( 8.469)	Loss_VinDrCXR_rad6 cls 1.2465e-03 (1.2465e-03)	Loss_VinDrCXR_rad6 mse 5.8347e-03 (5.8347e-03)
Epoch: [174] Train_Loss_cls: 7.0889e-04 Train_Loss_mse: 5.6447e-03
Epoch: [174][ 0/18]	Time  8.189 ( 8.189)	Loss_VinDrCXR_rad7 cls 3.2403e-04 (3.2403e-04)	Loss_VinDrCXR_rad7 mse 6.8877e-03 (6.8877e-03)
Epoch: [174] Train_Loss_cls: 2.3727e-03 Train_Loss_mse: 5.2517e-03
Epoch: [174][ 0/66]	Time  8.929 ( 8.929)	Loss_VinDrCXR_rad8 cls 3.9618e-01 (3.9618e-01)	Loss_VinDrCXR_rad8 mse 2.3216e-01 (2.3216e-01)
Epoch: [174][50/66]	Time  0.974 ( 1.150)	Loss_VinDrCXR_rad8 cls 1.2620e-01 (1.3770e-01)	Loss_VinDrCXR_rad8 mse 8.4185e-02 (3.8356e-01)
Epoch: [174] Train_Loss_cls: 1.3402e-01 Train_Loss_mse: 3.5657e-01
Epoch: [174][ 0/62]	Time  8.591 ( 8.591)	Loss_VinDrCXR_rad9 cls 1.4913e-01 (1.4913e-01)	Loss_VinDrCXR_rad9 mse 6.8624e-02 (6.8624e-02)
Epoch: [174][50/62]	Time  0.975 ( 1.151)	Loss_VinDrCXR_rad9 cls 1.5001e-01 (1.8028e-01)	Loss_VinDrCXR_rad9 mse 2.1693e-01 (4.3161e-01)
Epoch: [174] Train_Loss_cls: 1.8059e-01 Train_Loss_mse: 4.1554e-01
Epoch: [174][ 0/65]	Time  9.071 ( 9.071)	Loss_VinDrCXR_rad10 cls 1.2110e-01 (1.2110e-01)	Loss_VinDrCXR_rad10 mse 1.1885e-01 (1.1885e-01)
Epoch: [174][50/65]	Time  0.978 ( 1.178)	Loss_VinDrCXR_rad10 cls 1.2164e-01 (1.3852e-01)	Loss_VinDrCXR_rad10 mse 7.1865e-02 (3.3575e-01)
Epoch: [174] Train_Loss_cls: 1.3505e-01 Train_Loss_mse: 3.5531e-01
Epoch: [174][ 0/16]	Time  8.763 ( 8.763)	Loss_VinDrCXR_rad11 cls 1.0465e-01 (1.0465e-01)	Loss_VinDrCXR_rad11 mse 5.1376e-02 (5.1376e-02)
Epoch: [174] Train_Loss_cls: 4.5188e-02 Train_Loss_mse: 4.2890e-02
Epoch: [174][ 0/17]	Time  8.531 ( 8.531)	Loss_VinDrCXR_rad12 cls 5.7690e-02 (5.7690e-02)	Loss_VinDrCXR_rad12 mse 3.1701e-02 (3.1701e-02)
Epoch: [174] Train_Loss_cls: 3.3433e-02 Train_Loss_mse: 2.4228e-02
Epoch: [174][ 0/17]	Time  8.714 ( 8.714)	Loss_VinDrCXR_rad13 cls 3.7104e-02 (3.7104e-02)	Loss_VinDrCXR_rad13 mse 2.3176e-02 (2.3176e-02)
Epoch: [174] Train_Loss_cls: 3.7671e-02 Train_Loss_mse: 2.9230e-02
Epoch: [174][ 0/15]	Time  8.355 ( 8.355)	Loss_VinDrCXR_rad14 cls 3.8225e-02 (3.8225e-02)	Loss_VinDrCXR_rad14 mse 4.9050e-01 (4.9050e-01)
Epoch: [174] Train_Loss_cls: 4.5347e-02 Train_Loss_mse: 8.6711e-02
Epoch: [174][ 0/17]	Time  8.822 ( 8.822)	Loss_VinDrCXR_rad15 cls 2.7127e-02 (2.7127e-02)	Loss_VinDrCXR_rad15 mse 1.2629e-02 (1.2629e-02)
Epoch: [174] Train_Loss_cls: 3.6752e-02 Train_Loss_mse: 2.2183e-02
Epoch: [174][ 0/17]	Time  8.783 ( 8.783)	Loss_VinDrCXR_rad16 cls 1.8742e-02 (1.8742e-02)	Loss_VinDrCXR_rad16 mse 1.3318e-02 (1.3318e-02)
Epoch: [174] Train_Loss_cls: 3.0554e-02 Train_Loss_mse: 9.2366e-02
Epoch: [174][0/8]	Time  8.851 ( 8.851)	Loss_VinDrCXR_rad17 cls 3.0832e-02 (3.0832e-02)	Loss_VinDrCXR_rad17 mse 9.5455e-03 (9.5455e-03)
Epoch: [174] Train_Loss_cls: 2.8320e-02 Train_Loss_mse: 1.7849e-02
Val_VinDrCXR_rad1: [ 0/30]	Time  7.600 ( 7.600)	Loss 8.3153e-01 (8.3153e-01)
Epoch 0174: avg_val_loss 0.32763, saving model to ./Models/swin_base_Ark_Finetune_17Rad/Ark_PlusArk_Finetune_17Rad/Ark_Finetune_17Rad/Ark_PlusArk_Finetune_17Rad
Epoch: [175][ 0/20]	Time  8.799 ( 8.799)	Loss_VinDrCXR_rad1 cls 9.6908e-03 (9.6908e-03)	Loss_VinDrCXR_rad1 mse 5.0865e-03 (5.0865e-03)
Epoch: [175] Train_Loss_cls: 2.4145e-03 Train_Loss_mse: 5.1069e-03
Epoch: [175][ 0/32]	Time  8.649 ( 8.649)	Loss_VinDrCXR_rad2 cls 8.7520e-04 (8.7520e-04)	Loss_VinDrCXR_rad2 mse 5.4131e-03 (5.4131e-03)
Epoch: [175] Train_Loss_cls: 4.2905e-03 Train_Loss_mse: 5.7557e-03
Epoch: [175][ 0/23]	Time  8.804 ( 8.804)	Loss_VinDrCXR_rad3 cls 6.7592e-04 (6.7592e-04)	Loss_VinDrCXR_rad3 mse 4.8117e-03 (4.8117e-03)
Epoch: [175] Train_Loss_cls: 2.3675e-03 Train_Loss_mse: 5.1144e-03
Epoch: [175][ 0/16]	Time  8.796 ( 8.796)	Loss_VinDrCXR_rad4 cls 3.7741e-04 (3.7741e-04)	Loss_VinDrCXR_rad4 mse 4.0398e-03 (4.0398e-03)
Epoch: [175] Train_Loss_cls: 2.3145e-03 Train_Loss_mse: 3.9542e-03
Epoch: [175][ 0/28]	Time  8.531 ( 8.531)	Loss_VinDrCXR_rad5 cls 2.5121e-04 (2.5121e-04)	Loss_VinDrCXR_rad5 mse 4.8096e-01 (4.8096e-01)
Epoch: [175] Train_Loss_cls: 3.9767e-03 Train_Loss_mse: 2.1645e-02
Epoch: [175][ 0/21]	Time  9.815 ( 9.815)	Loss_VinDrCXR_rad6 cls 4.8222e-04 (4.8222e-04)	Loss_VinDrCXR_rad6 mse 4.0020e-03 (4.0020e-03)
Epoch: [175] Train_Loss_cls: 6.1950e-04 Train_Loss_mse: 2.6694e-02
Epoch: [175][ 0/18]	Time  8.624 ( 8.624)	Loss_VinDrCXR_rad7 cls 3.9285e-04 (3.9285e-04)	Loss_VinDrCXR_rad7 mse 5.3327e-01 (5.3327e-01)
Epoch: [175] Train_Loss_cls: 2.0630e-03 Train_Loss_mse: 3.5808e-02
Epoch: [175][ 0/66]	Time  9.029 ( 9.029)	Loss_VinDrCXR_rad8 cls 5.5663e-01 (5.5663e-01)	Loss_VinDrCXR_rad8 mse 1.4345e+00 (1.4345e+00)
Epoch: [175][50/66]	Time  0.976 ( 1.173)	Loss_VinDrCXR_rad8 cls 1.0641e-01 (1.3993e-01)	Loss_VinDrCXR_rad8 mse 1.5534e-01 (3.7102e-01)
Epoch: [175] Train_Loss_cls: 1.3754e-01 Train_Loss_mse: 3.5766e-01
Epoch: [175][ 0/62]	Time  8.829 ( 8.829)	Loss_VinDrCXR_rad9 cls 1.6077e-01 (1.6077e-01)	Loss_VinDrCXR_rad9 mse 8.9200e-02 (8.9200e-02)
Epoch: [175][50/62]	Time  0.975 ( 1.131)	Loss_VinDrCXR_rad9 cls 1.9649e-01 (1.8200e-01)	Loss_VinDrCXR_rad9 mse 6.3723e-01 (4.0008e-01)
Epoch: [175] Train_Loss_cls: 1.8236e-01 Train_Loss_mse: 3.8357e-01
Epoch: [175][ 0/65]	Time  8.806 ( 8.806)	Loss_VinDrCXR_rad10 cls 1.2350e-01 (1.2350e-01)	Loss_VinDrCXR_rad10 mse 7.3911e-02 (7.3911e-02)
Epoch: [175][50/65]	Time  0.977 ( 1.169)	Loss_VinDrCXR_rad10 cls 1.7524e-01 (1.5032e-01)	Loss_VinDrCXR_rad10 mse 3.8418e-01 (4.3636e-01)
Epoch: [175] Train_Loss_cls: 1.4846e-01 Train_Loss_mse: 4.6932e-01
Epoch: [175][ 0/16]	Time  8.722 ( 8.722)	Loss_VinDrCXR_rad11 cls 7.0440e-02 (7.0440e-02)	Loss_VinDrCXR_rad11 mse 2.4939e-02 (2.4939e-02)
Epoch: [175] Train_Loss_cls: 4.0879e-02 Train_Loss_mse: 3.6405e-02
Epoch: [175][ 0/17]	Time  8.686 ( 8.686)	Loss_VinDrCXR_rad12 cls 4.2792e-02 (4.2792e-02)	Loss_VinDrCXR_rad12 mse 2.9021e-02 (2.9021e-02)
Epoch: [175] Train_Loss_cls: 3.2950e-02 Train_Loss_mse: 3.1620e-02
Epoch: [175][ 0/17]	Time  8.514 ( 8.514)	Loss_VinDrCXR_rad13 cls 5.3096e-02 (5.3096e-02)	Loss_VinDrCXR_rad13 mse 5.4979e-01 (5.4979e-01)
Epoch: [175] Train_Loss_cls: 4.3009e-02 Train_Loss_mse: 5.7235e-02
Epoch: [175][ 0/15]	Time  8.738 ( 8.738)	Loss_VinDrCXR_rad14 cls 4.6040e-02 (4.6040e-02)	Loss_VinDrCXR_rad14 mse 3.5571e-02 (3.5571e-02)
Epoch: [175] Train_Loss_cls: 4.9663e-02 Train_Loss_mse: 9.5754e-02
Epoch: [175][ 0/17]	Time  8.571 ( 8.571)	Loss_VinDrCXR_rad15 cls 3.3720e-02 (3.3720e-02)	Loss_VinDrCXR_rad15 mse 2.4320e-02 (2.4320e-02)
Epoch: [175] Train_Loss_cls: 3.9056e-02 Train_Loss_mse: 5.8932e-02
Epoch: [175][ 0/17]	Time  8.561 ( 8.561)	Loss_VinDrCXR_rad16 cls 3.6136e-02 (3.6136e-02)	Loss_VinDrCXR_rad16 mse 8.5298e-03 (8.5298e-03)
Epoch: [175] Train_Loss_cls: 2.9715e-02 Train_Loss_mse: 5.7372e-02
Epoch: [175][0/8]	Time  8.644 ( 8.644)	Loss_VinDrCXR_rad17 cls 2.5060e-02 (2.5060e-02)	Loss_VinDrCXR_rad17 mse 1.1606e-02 (1.1606e-02)
Epoch: [175] Train_Loss_cls: 3.2335e-02 Train_Loss_mse: 2.1550e-02
Val_VinDrCXR_rad1: [ 0/30]	Time  7.892 ( 7.892)	Loss 7.4110e-01 (7.4110e-01)
Epoch 0175: avg_val_loss 0.28420, saving model to ./Models/swin_base_Ark_Finetune_17Rad/Ark_PlusArk_Finetune_17Rad/Ark_Finetune_17Rad/Ark_PlusArk_Finetune_17Rad
Epoch: [176][ 0/20]	Time  8.619 ( 8.619)	Loss_VinDrCXR_rad1 cls 2.5008e-03 (2.5008e-03)	Loss_VinDrCXR_rad1 mse 4.5415e-03 (4.5415e-03)
Epoch: [176] Train_Loss_cls: 2.5037e-03 Train_Loss_mse: 7.1125e-03
Epoch: [176][ 0/32]	Time  8.576 ( 8.576)	Loss_VinDrCXR_rad2 cls 7.3993e-04 (7.3993e-04)	Loss_VinDrCXR_rad2 mse 5.9733e-03 (5.9733e-03)
Epoch: [176] Train_Loss_cls: 4.9999e-03 Train_Loss_mse: 7.8419e-03
Epoch: [176][ 0/23]	Time  8.916 ( 8.916)	Loss_VinDrCXR_rad3 cls 4.5539e-04 (4.5539e-04)	Loss_VinDrCXR_rad3 mse 3.9181e-03 (3.9181e-03)
Epoch: [176] Train_Loss_cls: 2.2981e-03 Train_Loss_mse: 5.8148e-03
Epoch: [176][ 0/16]	Time  8.719 ( 8.719)	Loss_VinDrCXR_rad4 cls 3.0699e-04 (3.0699e-04)	Loss_VinDrCXR_rad4 mse 5.1512e-03 (5.1512e-03)
Epoch: [176] Train_Loss_cls: 2.3765e-03 Train_Loss_mse: 5.6249e-03
Epoch: [176][ 0/28]	Time  8.261 ( 8.261)	Loss_VinDrCXR_rad5 cls 4.3491e-04 (4.3491e-04)	Loss_VinDrCXR_rad5 mse 6.7843e-03 (6.7843e-03)
Epoch: [176] Train_Loss_cls: 3.7117e-03 Train_Loss_mse: 5.2639e-03
Epoch: [176][ 0/21]	Time  8.900 ( 8.900)	Loss_VinDrCXR_rad6 cls 7.1108e-04 (7.1108e-04)	Loss_VinDrCXR_rad6 mse 5.9647e-03 (5.9647e-03)
Epoch: [176] Train_Loss_cls: 7.0083e-04 Train_Loss_mse: 5.4661e-03
Epoch: [176][ 0/18]	Time  8.207 ( 8.207)	Loss_VinDrCXR_rad7 cls 1.4817e-02 (1.4817e-02)	Loss_VinDrCXR_rad7 mse 5.7685e-01 (5.7685e-01)
Epoch: [176] Train_Loss_cls: 2.1588e-03 Train_Loss_mse: 3.7993e-02
Epoch: [176][ 0/66]	Time  8.848 ( 8.848)	Loss_VinDrCXR_rad8 cls 5.7225e-01 (5.7225e-01)	Loss_VinDrCXR_rad8 mse 1.3932e+00 (1.3932e+00)
Epoch: [176][50/66]	Time  0.978 ( 1.156)	Loss_VinDrCXR_rad8 cls 1.5786e-01 (1.4451e-01)	Loss_VinDrCXR_rad8 mse 5.2381e-01 (3.7668e-01)
Epoch: [176] Train_Loss_cls: 1.3901e-01 Train_Loss_mse: 3.8411e-01
Epoch: [176][ 0/62]	Time  8.878 ( 8.878)	Loss_VinDrCXR_rad9 cls 1.8754e-01 (1.8754e-01)	Loss_VinDrCXR_rad9 mse 6.3570e-02 (6.3570e-02)
Epoch: [176][50/62]	Time  0.975 ( 1.189)	Loss_VinDrCXR_rad9 cls 1.7865e-01 (1.8643e-01)	Loss_VinDrCXR_rad9 mse 9.0894e-02 (3.7735e-01)
Epoch: [176] Train_Loss_cls: 1.8776e-01 Train_Loss_mse: 3.6553e-01
Epoch: [176][ 0/65]	Time  9.039 ( 9.039)	Loss_VinDrCXR_rad10 cls 2.1024e-01 (2.1024e-01)	Loss_VinDrCXR_rad10 mse 1.1945e+00 (1.1945e+00)
Epoch: [176][50/65]	Time  0.979 ( 1.197)	Loss_VinDrCXR_rad10 cls 1.4406e-01 (1.4176e-01)	Loss_VinDrCXR_rad10 mse 6.2376e-01 (4.1848e-01)
Epoch: [176] Train_Loss_cls: 1.4260e-01 Train_Loss_mse: 4.3073e-01
Epoch: [176][ 0/16]	Time  8.488 ( 8.488)	Loss_VinDrCXR_rad11 cls 9.8769e-02 (9.8769e-02)	Loss_VinDrCXR_rad11 mse 4.6673e-02 (4.6673e-02)
Epoch: [176] Train_Loss_cls: 4.0375e-02 Train_Loss_mse: 6.6967e-02
Epoch: [176][ 0/17]	Time  9.166 ( 9.166)	Loss_VinDrCXR_rad12 cls 5.4500e-02 (5.4500e-02)	Loss_VinDrCXR_rad12 mse 5.3186e-01 (5.3186e-01)
Epoch: [176] Train_Loss_cls: 3.2737e-02 Train_Loss_mse: 1.1896e-01
Epoch: [176][ 0/17]	Time  9.006 ( 9.006)	Loss_VinDrCXR_rad13 cls 3.7806e-02 (3.7806e-02)	Loss_VinDrCXR_rad13 mse 2.3950e-02 (2.3950e-02)
Epoch: [176] Train_Loss_cls: 3.7667e-02 Train_Loss_mse: 2.5258e-02
Epoch: [176][ 0/15]	Time  8.538 ( 8.538)	Loss_VinDrCXR_rad14 cls 4.7086e-02 (4.7086e-02)	Loss_VinDrCXR_rad14 mse 1.2307e-02 (1.2307e-02)
Epoch: [176] Train_Loss_cls: 4.7081e-02 Train_Loss_mse: 2.5690e-02
Epoch: [176][ 0/17]	Time  8.917 ( 8.917)	Loss_VinDrCXR_rad15 cls 1.8455e-02 (1.8455e-02)	Loss_VinDrCXR_rad15 mse 1.2353e-02 (1.2353e-02)
Epoch: [176] Train_Loss_cls: 3.7075e-02 Train_Loss_mse: 2.0648e-02
Epoch: [176][ 0/17]	Time  8.976 ( 8.976)	Loss_VinDrCXR_rad16 cls 2.8325e-02 (2.8325e-02)	Loss_VinDrCXR_rad16 mse 2.4020e-02 (2.4020e-02)
Epoch: [176] Train_Loss_cls: 3.1993e-02 Train_Loss_mse: 1.3355e-01
Epoch: [176][0/8]	Time  8.579 ( 8.579)	Loss_VinDrCXR_rad17 cls 4.3534e-02 (4.3534e-02)	Loss_VinDrCXR_rad17 mse 1.4298e-02 (1.4298e-02)
Epoch: [176] Train_Loss_cls: 2.8111e-02 Train_Loss_mse: 1.2381e-02
Val_VinDrCXR_rad1: [ 0/30]	Time  7.250 ( 7.250)	Loss 7.5367e-01 (7.5367e-01)
Epoch 0176: avg_val_loss 0.29699, saving model to ./Models/swin_base_Ark_Finetune_17Rad/Ark_PlusArk_Finetune_17Rad/Ark_Finetune_17Rad/Ark_PlusArk_Finetune_17Rad
Epoch: [177][ 0/20]	Time  8.478 ( 8.478)	Loss_VinDrCXR_rad1 cls 4.3975e-03 (4.3975e-03)	Loss_VinDrCXR_rad1 mse 4.6609e-03 (4.6609e-03)
Epoch: [177] Train_Loss_cls: 2.5634e-03 Train_Loss_mse: 1.2269e-02
Epoch: [177][ 0/32]	Time  8.426 ( 8.426)	Loss_VinDrCXR_rad2 cls 6.0416e-04 (6.0416e-04)	Loss_VinDrCXR_rad2 mse 5.5858e-03 (5.5858e-03)
Epoch: [177] Train_Loss_cls: 4.3963e-03 Train_Loss_mse: 6.4385e-03
Epoch: [177][ 0/23]	Time  8.760 ( 8.760)	Loss_VinDrCXR_rad3 cls 6.1094e-04 (6.1094e-04)	Loss_VinDrCXR_rad3 mse 3.8296e-03 (3.8296e-03)
Epoch: [177] Train_Loss_cls: 2.8232e-03 Train_Loss_mse: 6.4821e-03
Epoch: [177][ 0/16]	Time  8.836 ( 8.836)	Loss_VinDrCXR_rad4 cls 4.3027e-04 (4.3027e-04)	Loss_VinDrCXR_rad4 mse 4.5603e-03 (4.5603e-03)
Epoch: [177] Train_Loss_cls: 2.1410e-03 Train_Loss_mse: 4.4003e-03
Epoch: [177][ 0/28]	Time  8.755 ( 8.755)	Loss_VinDrCXR_rad5 cls 3.6671e-04 (3.6671e-04)	Loss_VinDrCXR_rad5 mse 4.2019e-03 (4.2019e-03)
Epoch: [177] Train_Loss_cls: 3.5704e-03 Train_Loss_mse: 2.2202e-02
Epoch: [177][ 0/21]	Time  8.337 ( 8.337)	Loss_VinDrCXR_rad6 cls 9.1503e-04 (9.1503e-04)	Loss_VinDrCXR_rad6 mse 5.1970e-02 (5.1970e-02)
Epoch: [177] Train_Loss_cls: 7.6753e-04 Train_Loss_mse: 9.0943e-03
Epoch: [177][ 0/18]	Time  8.332 ( 8.332)	Loss_VinDrCXR_rad7 cls 2.5988e-04 (2.5988e-04)	Loss_VinDrCXR_rad7 mse 3.7590e-03 (3.7590e-03)
Epoch: [177] Train_Loss_cls: 2.0500e-03 Train_Loss_mse: 3.7306e-02
Epoch: [177][ 0/66]	Time  8.781 ( 8.781)	Loss_VinDrCXR_rad8 cls 5.7987e-01 (5.7987e-01)	Loss_VinDrCXR_rad8 mse 1.0819e-01 (1.0819e-01)
Epoch: [177][50/66]	Time  1.617 ( 1.170)	Loss_VinDrCXR_rad8 cls 1.2976e-01 (1.3575e-01)	Loss_VinDrCXR_rad8 mse 1.2461e-01 (3.3785e-01)
Epoch: [177] Train_Loss_cls: 1.3334e-01 Train_Loss_mse: 3.4673e-01
Epoch: [177][ 0/62]	Time  8.455 ( 8.455)	Loss_VinDrCXR_rad9 cls 2.1333e-01 (2.1333e-01)	Loss_VinDrCXR_rad9 mse 7.7190e-02 (7.7190e-02)
Epoch: [177][50/62]	Time  0.979 ( 1.141)	Loss_VinDrCXR_rad9 cls 2.0353e-01 (1.7976e-01)	Loss_VinDrCXR_rad9 mse 1.8057e-01 (3.7690e-01)
Epoch: [177] Train_Loss_cls: 1.8046e-01 Train_Loss_mse: 4.0846e-01
Epoch: [177][ 0/65]	Time 10.069 (10.069)	Loss_VinDrCXR_rad10 cls 1.5872e-01 (1.5872e-01)	Loss_VinDrCXR_rad10 mse 3.8510e-01 (3.8510e-01)
Epoch: [177][50/65]	Time  0.975 ( 1.191)	Loss_VinDrCXR_rad10 cls 1.3626e-01 (1.3752e-01)	Loss_VinDrCXR_rad10 mse 1.6854e-01 (3.6425e-01)
Epoch: [177] Train_Loss_cls: 1.3869e-01 Train_Loss_mse: 3.7790e-01
Epoch: [177][ 0/16]	Time  8.966 ( 8.966)	Loss_VinDrCXR_rad11 cls 7.6918e-02 (7.6918e-02)	Loss_VinDrCXR_rad11 mse 5.3128e-02 (5.3128e-02)
Epoch: [177] Train_Loss_cls: 3.4864e-02 Train_Loss_mse: 3.2850e-02
Epoch: [177][ 0/17]	Time  8.904 ( 8.904)	Loss_VinDrCXR_rad12 cls 3.0979e-02 (3.0979e-02)	Loss_VinDrCXR_rad12 mse 2.2713e-02 (2.2713e-02)
Epoch: [177] Train_Loss_cls: 2.8681e-02 Train_Loss_mse: 5.4713e-02
Epoch: [177][ 0/17]	Time  8.827 ( 8.827)	Loss_VinDrCXR_rad13 cls 2.9185e-02 (2.9185e-02)	Loss_VinDrCXR_rad13 mse 1.9952e-02 (1.9952e-02)
Epoch: [177] Train_Loss_cls: 3.9750e-02 Train_Loss_mse: 2.6548e-02
Epoch: [177][ 0/15]	Time  8.825 ( 8.825)	Loss_VinDrCXR_rad14 cls 6.2589e-02 (6.2589e-02)	Loss_VinDrCXR_rad14 mse 1.1044e-02 (1.1044e-02)
Epoch: [177] Train_Loss_cls: 4.4643e-02 Train_Loss_mse: 5.5384e-02
Epoch: [177][ 0/17]	Time  8.741 ( 8.741)	Loss_VinDrCXR_rad15 cls 4.0553e-02 (4.0553e-02)	Loss_VinDrCXR_rad15 mse 7.5187e-03 (7.5187e-03)
Epoch: [177] Train_Loss_cls: 3.8295e-02 Train_Loss_mse: 3.1954e-02
Epoch: [177][ 0/17]	Time  8.971 ( 8.971)	Loss_VinDrCXR_rad16 cls 4.9705e-02 (4.9705e-02)	Loss_VinDrCXR_rad16 mse 4.1056e-01 (4.1056e-01)
Epoch: [177] Train_Loss_cls: 2.9472e-02 Train_Loss_mse: 7.9099e-02
Epoch: [177][0/8]	Time  8.739 ( 8.739)	Loss_VinDrCXR_rad17 cls 4.3811e-02 (4.3811e-02)	Loss_VinDrCXR_rad17 mse 1.9468e-02 (1.9468e-02)
Epoch: [177] Train_Loss_cls: 2.9550e-02 Train_Loss_mse: 1.8453e-02
Val_VinDrCXR_rad1: [ 0/30]	Time  7.728 ( 7.728)	Loss 7.9579e-01 (7.9579e-01)
Epoch 0177: avg_val_loss 0.31361, saving model to ./Models/swin_base_Ark_Finetune_17Rad/Ark_PlusArk_Finetune_17Rad/Ark_Finetune_17Rad/Ark_PlusArk_Finetune_17Rad
Epoch: [178][ 0/20]	Time  9.167 ( 9.167)	Loss_VinDrCXR_rad1 cls 5.7654e-03 (5.7654e-03)	Loss_VinDrCXR_rad1 mse 5.4760e-03 (5.4760e-03)
Epoch: [178] Train_Loss_cls: 2.2819e-03 Train_Loss_mse: 7.1385e-03
Epoch: [178][ 0/32]	Time 10.784 (10.784)	Loss_VinDrCXR_rad2 cls 6.8996e-04 (6.8996e-04)	Loss_VinDrCXR_rad2 mse 6.4438e-03 (6.4438e-03)
Epoch: [178] Train_Loss_cls: 4.1196e-03 Train_Loss_mse: 6.8019e-03
Epoch: [178][ 0/23]	Time  8.318 ( 8.318)	Loss_VinDrCXR_rad3 cls 5.4861e-04 (5.4861e-04)	Loss_VinDrCXR_rad3 mse 4.1795e-03 (4.1795e-03)
Epoch: [178] Train_Loss_cls: 2.8762e-03 Train_Loss_mse: 5.0864e-03
Epoch: [178][ 0/16]	Time  9.076 ( 9.076)	Loss_VinDrCXR_rad4 cls 7.2418e-04 (7.2418e-04)	Loss_VinDrCXR_rad4 mse 4.2087e-03 (4.2087e-03)
Epoch: [178] Train_Loss_cls: 2.1743e-03 Train_Loss_mse: 5.6399e-03
Epoch: [178][ 0/28]	Time  8.230 ( 8.230)	Loss_VinDrCXR_rad5 cls 1.1974e-03 (1.1974e-03)	Loss_VinDrCXR_rad5 mse 5.1882e-03 (5.1882e-03)
Epoch: [178] Train_Loss_cls: 4.4392e-03 Train_Loss_mse: 2.8810e-02
Epoch: [178][ 0/21]	Time  8.506 ( 8.506)	Loss_VinDrCXR_rad6 cls 5.5656e-04 (5.5656e-04)	Loss_VinDrCXR_rad6 mse 3.6575e-03 (3.6575e-03)
Epoch: [178] Train_Loss_cls: 4.0867e-04 Train_Loss_mse: 1.1750e-02
Epoch: [178][ 0/18]	Time  8.339 ( 8.339)	Loss_VinDrCXR_rad7 cls 3.0076e-04 (3.0076e-04)	Loss_VinDrCXR_rad7 mse 4.6149e-03 (4.6149e-03)
Epoch: [178] Train_Loss_cls: 2.3964e-03 Train_Loss_mse: 3.6571e-02
Epoch: [178][ 0/66]	Time  8.825 ( 8.825)	Loss_VinDrCXR_rad8 cls 3.8662e-01 (3.8662e-01)	Loss_VinDrCXR_rad8 mse 3.0660e-01 (3.0660e-01)
Epoch: [178][50/66]	Time  0.975 ( 1.187)	Loss_VinDrCXR_rad8 cls 1.4476e-01 (1.3518e-01)	Loss_VinDrCXR_rad8 mse 6.6462e-02 (3.2237e-01)
Epoch: [178] Train_Loss_cls: 1.3330e-01 Train_Loss_mse: 3.3654e-01
Epoch: [178][ 0/62]	Time  8.483 ( 8.483)	Loss_VinDrCXR_rad9 cls 1.9818e-01 (1.9818e-01)	Loss_VinDrCXR_rad9 mse 6.9634e-02 (6.9634e-02)
Epoch: [178][50/62]	Time  1.094 ( 1.157)	Loss_VinDrCXR_rad9 cls 2.4533e-01 (1.7801e-01)	Loss_VinDrCXR_rad9 mse 1.8613e-01 (3.1112e-01)
Epoch: [178] Train_Loss_cls: 1.7754e-01 Train_Loss_mse: 3.1065e-01
Epoch: [178][ 0/65]	Time  8.693 ( 8.693)	Loss_VinDrCXR_rad10 cls 1.1436e-01 (1.1436e-01)	Loss_VinDrCXR_rad10 mse 6.4810e-02 (6.4810e-02)
Epoch: [178][50/65]	Time  0.975 ( 1.137)	Loss_VinDrCXR_rad10 cls 1.5294e-01 (1.4049e-01)	Loss_VinDrCXR_rad10 mse 8.2345e-02 (4.1637e-01)
Epoch: [178] Train_Loss_cls: 1.4316e-01 Train_Loss_mse: 4.1085e-01
Epoch: [178][ 0/16]	Time  9.837 ( 9.837)	Loss_VinDrCXR_rad11 cls 6.9911e-02 (6.9911e-02)	Loss_VinDrCXR_rad11 mse 2.0428e-02 (2.0428e-02)
Epoch: [178] Train_Loss_cls: 3.6772e-02 Train_Loss_mse: 3.5813e-02
Epoch: [178][ 0/17]	Time  9.105 ( 9.105)	Loss_VinDrCXR_rad12 cls 4.0062e-02 (4.0062e-02)	Loss_VinDrCXR_rad12 mse 1.3743e-02 (1.3743e-02)
Epoch: [178] Train_Loss_cls: 3.0211e-02 Train_Loss_mse: 4.2658e-02
Epoch: [178][ 0/17]	Time  8.746 ( 8.746)	Loss_VinDrCXR_rad13 cls 5.8525e-02 (5.8525e-02)	Loss_VinDrCXR_rad13 mse 3.4737e-02 (3.4737e-02)
Epoch: [178] Train_Loss_cls: 4.0405e-02 Train_Loss_mse: 8.5789e-02
Epoch: [178][ 0/15]	Time  8.567 ( 8.567)	Loss_VinDrCXR_rad14 cls 4.5122e-02 (4.5122e-02)	Loss_VinDrCXR_rad14 mse 2.3610e-02 (2.3610e-02)
Epoch: [178] Train_Loss_cls: 4.3949e-02 Train_Loss_mse: 4.9314e-02
Epoch: [178][ 0/17]	Time  8.743 ( 8.743)	Loss_VinDrCXR_rad15 cls 3.9478e-02 (3.9478e-02)	Loss_VinDrCXR_rad15 mse 1.6145e-02 (1.6145e-02)
Epoch: [178] Train_Loss_cls: 4.2978e-02 Train_Loss_mse: 8.3111e-02
Epoch: [178][ 0/17]	Time  8.667 ( 8.667)	Loss_VinDrCXR_rad16 cls 1.8645e-02 (1.8645e-02)	Loss_VinDrCXR_rad16 mse 9.4417e-03 (9.4417e-03)
Epoch: [178] Train_Loss_cls: 3.1478e-02 Train_Loss_mse: 1.3000e-01
Epoch: [178][0/8]	Time  8.757 ( 8.757)	Loss_VinDrCXR_rad17 cls 3.6158e-02 (3.6158e-02)	Loss_VinDrCXR_rad17 mse 2.7078e-02 (2.7078e-02)
Epoch: [178] Train_Loss_cls: 3.2870e-02 Train_Loss_mse: 1.8062e-02
Val_VinDrCXR_rad1: [ 0/30]	Time  7.747 ( 7.747)	Loss 8.6048e-01 (8.6048e-01)
Epoch 0178: avg_val_loss 0.33208, saving model to ./Models/swin_base_Ark_Finetune_17Rad/Ark_PlusArk_Finetune_17Rad/Ark_Finetune_17Rad/Ark_PlusArk_Finetune_17Rad
Epoch: [179][ 0/20]	Time  8.928 ( 8.928)	Loss_VinDrCXR_rad1 cls 3.5948e-03 (3.5948e-03)	Loss_VinDrCXR_rad1 mse 7.6819e-03 (7.6819e-03)
Epoch: [179] Train_Loss_cls: 2.2026e-03 Train_Loss_mse: 6.7875e-03
Epoch: [179][ 0/32]	Time  9.363 ( 9.363)	Loss_VinDrCXR_rad2 cls 6.1497e-04 (6.1497e-04)	Loss_VinDrCXR_rad2 mse 5.9399e-03 (5.9399e-03)
Epoch: [179] Train_Loss_cls: 4.7685e-03 Train_Loss_mse: 1.2642e-02
Epoch: [179][ 0/23]	Time  8.522 ( 8.522)	Loss_VinDrCXR_rad3 cls 6.0688e-04 (6.0688e-04)	Loss_VinDrCXR_rad3 mse 5.8542e-03 (5.8542e-03)
Epoch: [179] Train_Loss_cls: 2.3909e-03 Train_Loss_mse: 7.7212e-03
Epoch: [179][ 0/16]	Time  8.396 ( 8.396)	Loss_VinDrCXR_rad4 cls 5.1481e-04 (5.1481e-04)	Loss_VinDrCXR_rad4 mse 1.1064e-02 (1.1064e-02)
Epoch: [179] Train_Loss_cls: 2.1482e-03 Train_Loss_mse: 4.6042e-03
Epoch: [179][ 0/28]	Time  8.238 ( 8.238)	Loss_VinDrCXR_rad5 cls 3.8828e-04 (3.8828e-04)	Loss_VinDrCXR_rad5 mse 4.6376e-03 (4.6376e-03)
Epoch: [179] Train_Loss_cls: 4.5904e-03 Train_Loss_mse: 5.0604e-03
Epoch: [179][ 0/21]	Time  8.722 ( 8.722)	Loss_VinDrCXR_rad6 cls 6.1831e-04 (6.1831e-04)	Loss_VinDrCXR_rad6 mse 5.1996e-03 (5.1996e-03)
Epoch: [179] Train_Loss_cls: 6.9662e-04 Train_Loss_mse: 5.3349e-03
Epoch: [179][ 0/18]	Time  8.701 ( 8.701)	Loss_VinDrCXR_rad7 cls 2.4195e-04 (2.4195e-04)	Loss_VinDrCXR_rad7 mse 3.3476e-03 (3.3476e-03)
Epoch: [179] Train_Loss_cls: 2.2055e-03 Train_Loss_mse: 2.0152e-02
Epoch: [179][ 0/66]	Time  8.690 ( 8.690)	Loss_VinDrCXR_rad8 cls 5.1620e-01 (5.1620e-01)	Loss_VinDrCXR_rad8 mse 3.9659e-01 (3.9659e-01)
Epoch: [179][50/66]	Time  0.975 ( 1.166)	Loss_VinDrCXR_rad8 cls 1.1023e-01 (1.4202e-01)	Loss_VinDrCXR_rad8 mse 9.5334e-02 (3.6400e-01)
Epoch: [179] Train_Loss_cls: 1.3937e-01 Train_Loss_mse: 3.9825e-01
Epoch: [179][ 0/62]	Time  9.137 ( 9.137)	Loss_VinDrCXR_rad9 cls 1.8850e-01 (1.8850e-01)	Loss_VinDrCXR_rad9 mse 6.3489e-01 (6.3489e-01)
Epoch: [179][50/62]	Time  0.975 ( 1.159)	Loss_VinDrCXR_rad9 cls 2.2617e-01 (1.8374e-01)	Loss_VinDrCXR_rad9 mse 1.0229e-01 (3.8408e-01)
Epoch: [179] Train_Loss_cls: 1.8343e-01 Train_Loss_mse: 3.9860e-01
Epoch: [179][ 0/65]	Time  9.057 ( 9.057)	Loss_VinDrCXR_rad10 cls 1.4973e-01 (1.4973e-01)	Loss_VinDrCXR_rad10 mse 6.0628e-02 (6.0628e-02)
Epoch: [179][50/65]	Time  0.977 ( 1.165)	Loss_VinDrCXR_rad10 cls 1.7527e-01 (1.4115e-01)	Loss_VinDrCXR_rad10 mse 1.4559e-01 (3.9538e-01)
Epoch: [179] Train_Loss_cls: 1.4305e-01 Train_Loss_mse: 3.8186e-01
Epoch: [179][ 0/16]	Time  8.285 ( 8.285)	Loss_VinDrCXR_rad11 cls 6.8319e-02 (6.8319e-02)	Loss_VinDrCXR_rad11 mse 2.1221e-02 (2.1221e-02)
Epoch: [179] Train_Loss_cls: 3.5702e-02 Train_Loss_mse: 9.5459e-02
Epoch: [179][ 0/17]	Time  9.002 ( 9.002)	Loss_VinDrCXR_rad12 cls 1.8231e-02 (1.8231e-02)	Loss_VinDrCXR_rad12 mse 1.1528e-02 (1.1528e-02)
Epoch: [179] Train_Loss_cls: 2.8189e-02 Train_Loss_mse: 2.5525e-02
Epoch: [179][ 0/17]	Time  8.806 ( 8.806)	Loss_VinDrCXR_rad13 cls 6.4931e-02 (6.4931e-02)	Loss_VinDrCXR_rad13 mse 1.1589e-02 (1.1589e-02)
Epoch: [179] Train_Loss_cls: 3.9811e-02 Train_Loss_mse: 3.2967e-02
Epoch: [179][ 0/15]	Time  8.755 ( 8.755)	Loss_VinDrCXR_rad14 cls 2.1794e-02 (2.1794e-02)	Loss_VinDrCXR_rad14 mse 1.2911e-02 (1.2911e-02)
Epoch: [179] Train_Loss_cls: 4.3512e-02 Train_Loss_mse: 5.9026e-02
Epoch: [179][ 0/17]	Time  8.659 ( 8.659)	Loss_VinDrCXR_rad15 cls 5.9019e-02 (5.9019e-02)	Loss_VinDrCXR_rad15 mse 2.5027e-02 (2.5027e-02)
Epoch: [179] Train_Loss_cls: 3.9009e-02 Train_Loss_mse: 9.3579e-02
Epoch: [179][ 0/17]	Time  8.719 ( 8.719)	Loss_VinDrCXR_rad16 cls 2.5808e-02 (2.5808e-02)	Loss_VinDrCXR_rad16 mse 1.1610e-02 (1.1610e-02)
Epoch: [179] Train_Loss_cls: 2.8628e-02 Train_Loss_mse: 4.8957e-02
Epoch: [179][0/8]	Time  8.437 ( 8.437)	Loss_VinDrCXR_rad17 cls 2.4215e-02 (2.4215e-02)	Loss_VinDrCXR_rad17 mse 1.1670e-02 (1.1670e-02)
Epoch: [179] Train_Loss_cls: 3.0928e-02 Train_Loss_mse: 1.6797e-02
Val_VinDrCXR_rad1: [ 0/30]	Time  7.346 ( 7.346)	Loss 7.9981e-01 (7.9981e-01)
Epoch 0179: avg_val_loss 0.31452, saving model to ./Models/swin_base_Ark_Finetune_17Rad/Ark_PlusArk_Finetune_17Rad/Ark_Finetune_17Rad/Ark_PlusArk_Finetune_17Rad
Epoch: [180][ 0/20]	Time  8.422 ( 8.422)	Loss_VinDrCXR_rad1 cls 5.9325e-03 (5.9325e-03)	Loss_VinDrCXR_rad1 mse 6.5339e-03 (6.5339e-03)
Epoch: [180] Train_Loss_cls: 2.7773e-03 Train_Loss_mse: 6.9034e-03
Epoch: [180][ 0/32]	Time  8.855 ( 8.855)	Loss_VinDrCXR_rad2 cls 6.7220e-04 (6.7220e-04)	Loss_VinDrCXR_rad2 mse 5.3805e-03 (5.3805e-03)
Epoch: [180] Train_Loss_cls: 3.9046e-03 Train_Loss_mse: 6.4494e-03
Epoch: [180][ 0/23]	Time  8.442 ( 8.442)	Loss_VinDrCXR_rad3 cls 1.1851e-03 (1.1851e-03)	Loss_VinDrCXR_rad3 mse 5.8460e-03 (5.8460e-03)
Epoch: [180] Train_Loss_cls: 3.3170e-03 Train_Loss_mse: 5.3550e-03
Epoch: [180][ 0/16]	Time  8.566 ( 8.566)	Loss_VinDrCXR_rad4 cls 8.1205e-04 (8.1205e-04)	Loss_VinDrCXR_rad4 mse 4.6716e-03 (4.6716e-03)
Epoch: [180] Train_Loss_cls: 2.4241e-03 Train_Loss_mse: 4.6727e-03
Epoch: [180][ 0/28]	Time  8.094 ( 8.094)	Loss_VinDrCXR_rad5 cls 3.4746e-04 (3.4746e-04)	Loss_VinDrCXR_rad5 mse 4.2440e-03 (4.2440e-03)
Epoch: [180] Train_Loss_cls: 4.5275e-03 Train_Loss_mse: 1.2108e-02
Epoch: [180][ 0/21]	Time  8.901 ( 8.901)	Loss_VinDrCXR_rad6 cls 7.1868e-04 (7.1868e-04)	Loss_VinDrCXR_rad6 mse 5.2591e-03 (5.2591e-03)
Epoch: [180] Train_Loss_cls: 4.1719e-04 Train_Loss_mse: 3.5980e-02
Epoch: [180][ 0/18]	Time  8.670 ( 8.670)	Loss_VinDrCXR_rad7 cls 1.6347e-04 (1.6347e-04)	Loss_VinDrCXR_rad7 mse 5.8723e-03 (5.8723e-03)
Epoch: [180] Train_Loss_cls: 2.1259e-03 Train_Loss_mse: 6.8661e-02
Epoch: [180][ 0/66]	Time  8.549 ( 8.549)	Loss_VinDrCXR_rad8 cls 5.5964e-01 (5.5964e-01)	Loss_VinDrCXR_rad8 mse 1.2790e-01 (1.2790e-01)
Epoch: [180][50/66]	Time  0.977 ( 1.181)	Loss_VinDrCXR_rad8 cls 1.1468e-01 (1.4206e-01)	Loss_VinDrCXR_rad8 mse 9.0249e-01 (3.6144e-01)
Epoch: [180] Train_Loss_cls: 1.4027e-01 Train_Loss_mse: 3.7787e-01
Epoch: [180][ 0/62]	Time  9.038 ( 9.038)	Loss_VinDrCXR_rad9 cls 2.1446e-01 (2.1446e-01)	Loss_VinDrCXR_rad9 mse 8.1948e-01 (8.1948e-01)
Epoch: [180][50/62]	Time  0.977 ( 1.180)	Loss_VinDrCXR_rad9 cls 1.5180e-01 (1.8057e-01)	Loss_VinDrCXR_rad9 mse 1.0654e-01 (3.2787e-01)
Epoch: [180] Train_Loss_cls: 1.7881e-01 Train_Loss_mse: 3.2135e-01
Epoch: [180][ 0/65]	Time  9.275 ( 9.275)	Loss_VinDrCXR_rad10 cls 1.9041e-01 (1.9041e-01)	Loss_VinDrCXR_rad10 mse 1.5392e-01 (1.5392e-01)
Epoch: [180][50/65]	Time  0.976 ( 1.184)	Loss_VinDrCXR_rad10 cls 1.1072e-01 (1.3836e-01)	Loss_VinDrCXR_rad10 mse 5.4860e-01 (3.7077e-01)
Epoch: [180] Train_Loss_cls: 1.3664e-01 Train_Loss_mse: 3.5494e-01
Epoch: [180][ 0/16]	Time  8.616 ( 8.616)	Loss_VinDrCXR_rad11 cls 1.1638e-01 (1.1638e-01)	Loss_VinDrCXR_rad11 mse 5.4452e-02 (5.4452e-02)
Epoch: [180] Train_Loss_cls: 4.2976e-02 Train_Loss_mse: 3.2823e-02
Epoch: [180][ 0/17]	Time 10.740 (10.740)	Loss_VinDrCXR_rad12 cls 2.1661e-02 (2.1661e-02)	Loss_VinDrCXR_rad12 mse 1.6998e-02 (1.6998e-02)
Epoch: [180] Train_Loss_cls: 3.1252e-02 Train_Loss_mse: 2.8793e-02
Epoch: [180][ 0/17]	Time  8.287 ( 8.287)	Loss_VinDrCXR_rad13 cls 5.3086e-02 (5.3086e-02)	Loss_VinDrCXR_rad13 mse 1.0097e-02 (1.0097e-02)
Epoch: [180] Train_Loss_cls: 3.6230e-02 Train_Loss_mse: 5.5021e-02
Epoch: [180][ 0/15]	Time  8.703 ( 8.703)	Loss_VinDrCXR_rad14 cls 4.5995e-02 (4.5995e-02)	Loss_VinDrCXR_rad14 mse 2.0505e-02 (2.0505e-02)
Epoch: [180] Train_Loss_cls: 4.4808e-02 Train_Loss_mse: 1.2574e-01
Epoch: [180][ 0/17]	Time  8.609 ( 8.609)	Loss_VinDrCXR_rad15 cls 3.7677e-02 (3.7677e-02)	Loss_VinDrCXR_rad15 mse 3.9537e-02 (3.9537e-02)
Epoch: [180] Train_Loss_cls: 3.7716e-02 Train_Loss_mse: 4.8169e-02
Epoch: [180][ 0/17]	Time  8.605 ( 8.605)	Loss_VinDrCXR_rad16 cls 2.4208e-02 (2.4208e-02)	Loss_VinDrCXR_rad16 mse 2.9425e-02 (2.9425e-02)
Epoch: [180] Train_Loss_cls: 2.7996e-02 Train_Loss_mse: 2.0703e-02
Epoch: [180][0/8]	Time  8.265 ( 8.265)	Loss_VinDrCXR_rad17 cls 4.4893e-02 (4.4893e-02)	Loss_VinDrCXR_rad17 mse 1.4955e-02 (1.4955e-02)
Epoch: [180] Train_Loss_cls: 3.3501e-02 Train_Loss_mse: 1.1213e-02
Val_VinDrCXR_rad1: [ 0/30]	Time  7.085 ( 7.085)	Loss 7.5286e-01 (7.5286e-01)
Epoch 0180: avg_val_loss 0.30388, saving model to ./Models/swin_base_Ark_Finetune_17Rad/Ark_PlusArk_Finetune_17Rad/Ark_Finetune_17Rad/Ark_PlusArk_Finetune_17Rad
>>VinDrCXR_rad1 Disease = ['PE', 'Lung tumor', 'Pneumonia', 'Tuberculosis', 'Other diseases', 'No finding']
>>VinDrCXR_rad1:Student AUC = [0.9848	0.9291	0.9481	0.9492	0.8488	0.9492], 
Teacher AUC = [0.9816	0.9383	0.9545	0.9448	0.8535	0.9523]

>>VinDrCXR_rad1: Student mAUC = 0.9349, Teacher mAUC = 0.9375
Omni-pretraining stage: 
Student meanAUC = 
[[0.9468759507134883], [0.9454261264448013], [0.9389692516963958], [0.9338567099466557], [0.9322285595158992], [0.9267613086784795], [0.9269031959521569], [0.9311978881171713], [0.9322738966995839], [0.9282953834234174], [0.929972291939886], [0.9318785771175087], [0.937211098360474], [0.9381919883273343], [0.9369602586957376], [0.9366551483549057], [0.9346324920330171], [0.9299819806706333], [0.9305474169968909], [0.934866256916984]] 
Teacher meanAUC = 
[[0.9468759507134883], [0.9460270675389304], [0.9413547485728361], [0.9352525270339678], [0.933640160889925], [0.9253586349249475], [0.9311537710751477], [0.9326593268703175], [0.9311490937056109], [0.9340407878121827], [0.9299489031778979], [0.9354695743205612], [0.9370271512949998], [0.9387894655012321], [0.9400737372963088], [0.9425990602592327], [0.9408374784800566], [0.9355654573171095], [0.9365540511356777], [0.9375044065308177]]

Epoch: [181][ 0/20]	Time  8.578 ( 8.578)	Loss_VinDrCXR_rad1 cls 5.5126e-03 (5.5126e-03)	Loss_VinDrCXR_rad1 mse 4.4261e-03 (4.4261e-03)
Epoch: [181] Train_Loss_cls: 2.0691e-03 Train_Loss_mse: 6.2596e-03
Epoch: [181][ 0/32]	Time  8.753 ( 8.753)	Loss_VinDrCXR_rad2 cls 1.9979e-03 (1.9979e-03)	Loss_VinDrCXR_rad2 mse 1.4060e-01 (1.4060e-01)
Epoch: [181] Train_Loss_cls: 5.1613e-03 Train_Loss_mse: 1.0422e-02
Epoch: [181][ 0/23]	Time  8.362 ( 8.362)	Loss_VinDrCXR_rad3 cls 6.9305e-04 (6.9305e-04)	Loss_VinDrCXR_rad3 mse 4.8317e-03 (4.8317e-03)
Epoch: [181] Train_Loss_cls: 2.8592e-03 Train_Loss_mse: 4.8978e-03
Epoch: [181][ 0/16]	Time  8.316 ( 8.316)	Loss_VinDrCXR_rad4 cls 3.5842e-04 (3.5842e-04)	Loss_VinDrCXR_rad4 mse 3.0766e-03 (3.0766e-03)
Epoch: [181] Train_Loss_cls: 1.9885e-03 Train_Loss_mse: 5.5599e-03
Epoch: [181][ 0/28]	Time  8.931 ( 8.931)	Loss_VinDrCXR_rad5 cls 3.9151e-04 (3.9151e-04)	Loss_VinDrCXR_rad5 mse 3.6731e-03 (3.6731e-03)
Epoch: [181] Train_Loss_cls: 3.4094e-03 Train_Loss_mse: 2.0527e-02
Epoch: [181][ 0/21]	Time  8.507 ( 8.507)	Loss_VinDrCXR_rad6 cls 7.3835e-04 (7.3835e-04)	Loss_VinDrCXR_rad6 mse 8.2585e-03 (8.2585e-03)
Epoch: [181] Train_Loss_cls: 9.1795e-04 Train_Loss_mse: 5.1260e-03
Epoch: [181][ 0/18]	Time  8.475 ( 8.475)	Loss_VinDrCXR_rad7 cls 1.4972e-02 (1.4972e-02)	Loss_VinDrCXR_rad7 mse 4.4211e-03 (4.4211e-03)
Epoch: [181] Train_Loss_cls: 2.6632e-03 Train_Loss_mse: 6.9908e-03
Epoch: [181][ 0/66]	Time  9.146 ( 9.146)	Loss_VinDrCXR_rad8 cls 4.5649e-01 (4.5649e-01)	Loss_VinDrCXR_rad8 mse 1.4923e-01 (1.4923e-01)
Epoch: [181][50/66]	Time  0.976 ( 1.208)	Loss_VinDrCXR_rad8 cls 6.4147e-02 (1.4419e-01)	Loss_VinDrCXR_rad8 mse 4.9640e-02 (3.6248e-01)
Epoch: [181] Train_Loss_cls: 1.3914e-01 Train_Loss_mse: 3.3100e-01
Epoch: [181][ 0/62]	Time  8.983 ( 8.983)	Loss_VinDrCXR_rad9 cls 2.1249e-01 (2.1249e-01)	Loss_VinDrCXR_rad9 mse 2.0652e-01 (2.0652e-01)
Epoch: [181][50/62]	Time  0.977 ( 1.177)	Loss_VinDrCXR_rad9 cls 1.5140e-01 (1.7384e-01)	Loss_VinDrCXR_rad9 mse 8.5395e-02 (3.3477e-01)
Epoch: [181] Train_Loss_cls: 1.7588e-01 Train_Loss_mse: 3.3427e-01
Epoch: [181][ 0/65]	Time  8.907 ( 8.907)	Loss_VinDrCXR_rad10 cls 1.5368e-01 (1.5368e-01)	Loss_VinDrCXR_rad10 mse 7.3642e-02 (7.3642e-02)
Epoch: [181][50/65]	Time  0.975 ( 1.169)	Loss_VinDrCXR_rad10 cls 1.6103e-01 (1.3464e-01)	Loss_VinDrCXR_rad10 mse 7.7820e-02 (3.3884e-01)
Epoch: [181] Train_Loss_cls: 1.3574e-01 Train_Loss_mse: 3.1973e-01
Epoch: [181][ 0/16]	Time  8.756 ( 8.756)	Loss_VinDrCXR_rad11 cls 1.1082e-01 (1.1082e-01)	Loss_VinDrCXR_rad11 mse 7.8250e-02 (7.8250e-02)
Epoch: [181] Train_Loss_cls: 4.5068e-02 Train_Loss_mse: 7.6073e-02
Epoch: [181][ 0/17]	Time  8.733 ( 8.733)	Loss_VinDrCXR_rad12 cls 4.0035e-02 (4.0035e-02)	Loss_VinDrCXR_rad12 mse 1.1532e-02 (1.1532e-02)
Epoch: [181] Train_Loss_cls: 3.1043e-02 Train_Loss_mse: 6.9514e-02
Epoch: [181][ 0/17]	Time  8.766 ( 8.766)	Loss_VinDrCXR_rad13 cls 9.1484e-03 (9.1484e-03)	Loss_VinDrCXR_rad13 mse 4.4348e-02 (4.4348e-02)
Epoch: [181] Train_Loss_cls: 3.8806e-02 Train_Loss_mse: 2.8672e-02
Epoch: [181][ 0/15]	Time  8.968 ( 8.968)	Loss_VinDrCXR_rad14 cls 6.5817e-02 (6.5817e-02)	Loss_VinDrCXR_rad14 mse 1.4495e-02 (1.4495e-02)
Epoch: [181] Train_Loss_cls: 4.4640e-02 Train_Loss_mse: 1.6099e-01
Epoch: [181][ 0/17]	Time  9.645 ( 9.645)	Loss_VinDrCXR_rad15 cls 4.5439e-02 (4.5439e-02)	Loss_VinDrCXR_rad15 mse 2.8629e-02 (2.8629e-02)
Epoch: [181] Train_Loss_cls: 4.7278e-02 Train_Loss_mse: 3.6922e-02
Epoch: [181][ 0/17]	Time  9.125 ( 9.125)	Loss_VinDrCXR_rad16 cls 3.3178e-02 (3.3178e-02)	Loss_VinDrCXR_rad16 mse 4.1001e-01 (4.1001e-01)
Epoch: [181] Train_Loss_cls: 2.7957e-02 Train_Loss_mse: 8.3470e-02
Epoch: [181][0/8]	Time  8.944 ( 8.944)	Loss_VinDrCXR_rad17 cls 1.8507e-02 (1.8507e-02)	Loss_VinDrCXR_rad17 mse 2.1927e-02 (2.1927e-02)
Epoch: [181] Train_Loss_cls: 3.8651e-02 Train_Loss_mse: 3.0817e-02
Val_VinDrCXR_rad1: [ 0/30]	Time  7.306 ( 7.306)	Loss 7.7899e-01 (7.7899e-01)
Epoch 0181: avg_val_loss 0.30144, saving model to ./Models/swin_base_Ark_Finetune_17Rad/Ark_PlusArk_Finetune_17Rad/Ark_Finetune_17Rad/Ark_PlusArk_Finetune_17Rad
Epoch: [182][ 0/20]	Time  8.798 ( 8.798)	Loss_VinDrCXR_rad1 cls 9.4503e-03 (9.4503e-03)	Loss_VinDrCXR_rad1 mse 2.1531e-02 (2.1531e-02)
Epoch: [182] Train_Loss_cls: 2.9321e-03 Train_Loss_mse: 2.6647e-02
Epoch: [182][ 0/32]	Time  9.029 ( 9.029)	Loss_VinDrCXR_rad2 cls 6.6579e-04 (6.6579e-04)	Loss_VinDrCXR_rad2 mse 7.4200e-03 (7.4200e-03)
Epoch: [182] Train_Loss_cls: 4.7446e-03 Train_Loss_mse: 1.0295e-02
Epoch: [182][ 0/23]	Time  8.469 ( 8.469)	Loss_VinDrCXR_rad3 cls 5.9102e-04 (5.9102e-04)	Loss_VinDrCXR_rad3 mse 5.8812e-03 (5.8812e-03)
Epoch: [182] Train_Loss_cls: 2.4350e-03 Train_Loss_mse: 6.9699e-03
Epoch: [182][ 0/16]	Time  8.677 ( 8.677)	Loss_VinDrCXR_rad4 cls 5.8338e-04 (5.8338e-04)	Loss_VinDrCXR_rad4 mse 8.2382e-03 (8.2382e-03)
Epoch: [182] Train_Loss_cls: 2.0311e-03 Train_Loss_mse: 6.1734e-03
Epoch: [182][ 0/28]	Time  8.321 ( 8.321)	Loss_VinDrCXR_rad5 cls 5.0512e-04 (5.0512e-04)	Loss_VinDrCXR_rad5 mse 5.8034e-03 (5.8034e-03)
Epoch: [182] Train_Loss_cls: 3.7447e-03 Train_Loss_mse: 2.8900e-02
Epoch: [182][ 0/21]	Time  8.731 ( 8.731)	Loss_VinDrCXR_rad6 cls 4.0143e-04 (4.0143e-04)	Loss_VinDrCXR_rad6 mse 8.7432e-03 (8.7432e-03)
Epoch: [182] Train_Loss_cls: 1.3013e-03 Train_Loss_mse: 7.3892e-03
Epoch: [182][ 0/18]	Time  8.230 ( 8.230)	Loss_VinDrCXR_rad7 cls 2.6365e-04 (2.6365e-04)	Loss_VinDrCXR_rad7 mse 5.4849e-03 (5.4849e-03)
Epoch: [182] Train_Loss_cls: 2.5117e-03 Train_Loss_mse: 3.8415e-02
Epoch: [182][ 0/66]	Time  8.794 ( 8.794)	Loss_VinDrCXR_rad8 cls 4.5274e-01 (4.5274e-01)	Loss_VinDrCXR_rad8 mse 5.7412e-01 (5.7412e-01)
Epoch: [182][50/66]	Time  2.571 ( 1.185)	Loss_VinDrCXR_rad8 cls 1.0994e-01 (1.4572e-01)	Loss_VinDrCXR_rad8 mse 1.1104e+00 (4.3052e-01)
Epoch: [182] Train_Loss_cls: 1.3912e-01 Train_Loss_mse: 4.1831e-01
Epoch: [182][ 0/62]	Time  8.852 ( 8.852)	Loss_VinDrCXR_rad9 cls 2.1092e-01 (2.1092e-01)	Loss_VinDrCXR_rad9 mse 1.3502e-01 (1.3502e-01)
Epoch: [182][50/62]	Time  0.978 ( 1.151)	Loss_VinDrCXR_rad9 cls 1.8614e-01 (1.8159e-01)	Loss_VinDrCXR_rad9 mse 1.3691e-01 (3.0036e-01)
Epoch: [182] Train_Loss_cls: 1.8062e-01 Train_Loss_mse: 3.2335e-01
Epoch: [182][ 0/65]	Time  8.820 ( 8.820)	Loss_VinDrCXR_rad10 cls 1.7132e-01 (1.7132e-01)	Loss_VinDrCXR_rad10 mse 6.6054e-02 (6.6054e-02)
Epoch: [182][50/65]	Time  0.975 ( 1.163)	Loss_VinDrCXR_rad10 cls 1.3148e-01 (1.4013e-01)	Loss_VinDrCXR_rad10 mse 2.6650e-01 (3.5347e-01)
Epoch: [182] Train_Loss_cls: 1.4008e-01 Train_Loss_mse: 3.4448e-01
Epoch: [182][ 0/16]	Time  8.260 ( 8.260)	Loss_VinDrCXR_rad11 cls 1.3026e-01 (1.3026e-01)	Loss_VinDrCXR_rad11 mse 3.5854e-02 (3.5854e-02)
Epoch: [182] Train_Loss_cls: 4.7509e-02 Train_Loss_mse: 2.6692e-02
Epoch: [182][ 0/17]	Time  8.680 ( 8.680)	Loss_VinDrCXR_rad12 cls 4.0577e-02 (4.0577e-02)	Loss_VinDrCXR_rad12 mse 5.3225e-01 (5.3225e-01)
Epoch: [182] Train_Loss_cls: 3.2408e-02 Train_Loss_mse: 9.5246e-02
Epoch: [182][ 0/17]	Time  8.359 ( 8.359)	Loss_VinDrCXR_rad13 cls 4.8460e-02 (4.8460e-02)	Loss_VinDrCXR_rad13 mse 1.4355e-02 (1.4355e-02)
Epoch: [182] Train_Loss_cls: 3.9057e-02 Train_Loss_mse: 2.2189e-02
Epoch: [182][ 0/15]	Time  8.480 ( 8.480)	Loss_VinDrCXR_rad14 cls 3.0598e-02 (3.0598e-02)	Loss_VinDrCXR_rad14 mse 7.3493e-03 (7.3493e-03)
Epoch: [182] Train_Loss_cls: 4.5626e-02 Train_Loss_mse: 7.5200e-02
Epoch: [182][ 0/17]	Time  8.883 ( 8.883)	Loss_VinDrCXR_rad15 cls 5.0832e-02 (5.0832e-02)	Loss_VinDrCXR_rad15 mse 7.6465e-03 (7.6465e-03)
Epoch: [182] Train_Loss_cls: 4.1172e-02 Train_Loss_mse: 3.7882e-02
Epoch: [182][ 0/17]	Time  8.652 ( 8.652)	Loss_VinDrCXR_rad16 cls 1.5868e-02 (1.5868e-02)	Loss_VinDrCXR_rad16 mse 1.6117e-02 (1.6117e-02)
Epoch: [182] Train_Loss_cls: 2.9299e-02 Train_Loss_mse: 3.5886e-02
Epoch: [182][0/8]	Time  9.009 ( 9.009)	Loss_VinDrCXR_rad17 cls 4.6202e-02 (4.6202e-02)	Loss_VinDrCXR_rad17 mse 1.0653e-02 (1.0653e-02)
Epoch: [182] Train_Loss_cls: 2.6785e-02 Train_Loss_mse: 9.8734e-03
Val_VinDrCXR_rad1: [ 0/30]	Time  7.288 ( 7.288)	Loss 7.6085e-01 (7.6085e-01)
Epoch 0182: avg_val_loss 0.30075, saving model to ./Models/swin_base_Ark_Finetune_17Rad/Ark_PlusArk_Finetune_17Rad/Ark_Finetune_17Rad/Ark_PlusArk_Finetune_17Rad
Epoch: [183][ 0/20]	Time  8.775 ( 8.775)	Loss_VinDrCXR_rad1 cls 2.4886e-03 (2.4886e-03)	Loss_VinDrCXR_rad1 mse 4.8094e-03 (4.8094e-03)
Epoch: [183] Train_Loss_cls: 2.5772e-03 Train_Loss_mse: 5.7851e-03
Epoch: [183][ 0/32]	Time  8.669 ( 8.669)	Loss_VinDrCXR_rad2 cls 1.0740e-02 (1.0740e-02)	Loss_VinDrCXR_rad2 mse 5.3660e-03 (5.3660e-03)
Epoch: [183] Train_Loss_cls: 4.9782e-03 Train_Loss_mse: 2.0147e-02
Epoch: [183][ 0/23]	Time  8.096 ( 8.096)	Loss_VinDrCXR_rad3 cls 8.9187e-04 (8.9187e-04)	Loss_VinDrCXR_rad3 mse 4.1933e-03 (4.1933e-03)
Epoch: [183] Train_Loss_cls: 2.4581e-03 Train_Loss_mse: 2.7376e-02
Epoch: [183][ 0/16]	Time  8.883 ( 8.883)	Loss_VinDrCXR_rad4 cls 1.4618e-02 (1.4618e-02)	Loss_VinDrCXR_rad4 mse 3.8738e-03 (3.8738e-03)
Epoch: [183] Train_Loss_cls: 2.3454e-03 Train_Loss_mse: 4.1791e-03
Epoch: [183][ 0/28]	Time  7.908 ( 7.908)	Loss_VinDrCXR_rad5 cls 4.4734e-03 (4.4734e-03)	Loss_VinDrCXR_rad5 mse 6.6504e-03 (6.6504e-03)
Epoch: [183] Train_Loss_cls: 3.9753e-03 Train_Loss_mse: 4.5709e-03
Epoch: [183][ 0/21]	Time  8.474 ( 8.474)	Loss_VinDrCXR_rad6 cls 8.1721e-04 (8.1721e-04)	Loss_VinDrCXR_rad6 mse 4.8301e-03 (4.8301e-03)
Epoch: [183] Train_Loss_cls: 5.8659e-04 Train_Loss_mse: 5.0647e-03
Epoch: [183][ 0/18]	Time  8.595 ( 8.595)	Loss_VinDrCXR_rad7 cls 7.0571e-03 (7.0571e-03)	Loss_VinDrCXR_rad7 mse 4.4376e-03 (4.4376e-03)
Epoch: [183] Train_Loss_cls: 2.2144e-03 Train_Loss_mse: 5.0453e-03
Epoch: [183][ 0/66]	Time  8.951 ( 8.951)	Loss_VinDrCXR_rad8 cls 4.7453e-01 (4.7453e-01)	Loss_VinDrCXR_rad8 mse 2.2971e-01 (2.2971e-01)
Epoch: [183][50/66]	Time  0.975 ( 1.150)	Loss_VinDrCXR_rad8 cls 1.2565e-01 (1.3508e-01)	Loss_VinDrCXR_rad8 mse 1.3603e-01 (3.2738e-01)
Epoch: [183] Train_Loss_cls: 1.3161e-01 Train_Loss_mse: 3.4690e-01
Epoch: [183][ 0/62]	Time  8.735 ( 8.735)	Loss_VinDrCXR_rad9 cls 2.3987e-01 (2.3987e-01)	Loss_VinDrCXR_rad9 mse 2.3807e-01 (2.3807e-01)
Epoch: [183][50/62]	Time  0.979 ( 1.197)	Loss_VinDrCXR_rad9 cls 1.6260e-01 (1.7802e-01)	Loss_VinDrCXR_rad9 mse 9.4000e-02 (4.0870e-01)
Epoch: [183] Train_Loss_cls: 1.7690e-01 Train_Loss_mse: 4.2413e-01
Epoch: [183][ 0/65]	Time  9.239 ( 9.239)	Loss_VinDrCXR_rad10 cls 1.3697e-01 (1.3697e-01)	Loss_VinDrCXR_rad10 mse 8.3494e-02 (8.3494e-02)
Epoch: [183][50/65]	Time  0.975 ( 1.154)	Loss_VinDrCXR_rad10 cls 1.5646e-01 (1.3951e-01)	Loss_VinDrCXR_rad10 mse 1.2863e-01 (3.2429e-01)
Epoch: [183] Train_Loss_cls: 1.4013e-01 Train_Loss_mse: 3.1070e-01
Epoch: [183][ 0/16]	Time  9.057 ( 9.057)	Loss_VinDrCXR_rad11 cls 6.3819e-02 (6.3819e-02)	Loss_VinDrCXR_rad11 mse 5.0962e-02 (5.0962e-02)
Epoch: [183] Train_Loss_cls: 4.2970e-02 Train_Loss_mse: 4.6672e-02
Epoch: [183][ 0/17]	Time  9.044 ( 9.044)	Loss_VinDrCXR_rad12 cls 5.3982e-02 (5.3982e-02)	Loss_VinDrCXR_rad12 mse 3.0996e-02 (3.0996e-02)
Epoch: [183] Train_Loss_cls: 3.0790e-02 Train_Loss_mse: 8.5844e-02
Epoch: [183][ 0/17]	Time  8.645 ( 8.645)	Loss_VinDrCXR_rad13 cls 4.6474e-02 (4.6474e-02)	Loss_VinDrCXR_rad13 mse 1.4646e-02 (1.4646e-02)
Epoch: [183] Train_Loss_cls: 3.9056e-02 Train_Loss_mse: 4.3558e-02
Epoch: [183][ 0/15]	Time  8.718 ( 8.718)	Loss_VinDrCXR_rad14 cls 6.8910e-02 (6.8910e-02)	Loss_VinDrCXR_rad14 mse 4.4065e-02 (4.4065e-02)
Epoch: [183] Train_Loss_cls: 4.5105e-02 Train_Loss_mse: 9.7417e-02
Epoch: [183][ 0/17]	Time 10.247 (10.247)	Loss_VinDrCXR_rad15 cls 4.3902e-02 (4.3902e-02)	Loss_VinDrCXR_rad15 mse 3.2440e-01 (3.2440e-01)
Epoch: [183] Train_Loss_cls: 3.5305e-02 Train_Loss_mse: 3.9886e-02
Epoch: [183][ 0/17]	Time  8.301 ( 8.301)	Loss_VinDrCXR_rad16 cls 3.1225e-02 (3.1225e-02)	Loss_VinDrCXR_rad16 mse 1.6815e-02 (1.6815e-02)
Epoch: [183] Train_Loss_cls: 2.5650e-02 Train_Loss_mse: 6.2264e-02
Epoch: [183][0/8]	Time  8.363 ( 8.363)	Loss_VinDrCXR_rad17 cls 1.5371e-02 (1.5371e-02)	Loss_VinDrCXR_rad17 mse 7.7962e-03 (7.7962e-03)
Epoch: [183] Train_Loss_cls: 2.9029e-02 Train_Loss_mse: 1.4549e-02
Val_VinDrCXR_rad1: [ 0/30]	Time  7.453 ( 7.453)	Loss 7.2044e-01 (7.2044e-01)
Epoch 0183: avg_val_loss 0.27423, saving model to ./Models/swin_base_Ark_Finetune_17Rad/Ark_PlusArk_Finetune_17Rad/Ark_Finetune_17Rad/Ark_PlusArk_Finetune_17Rad
Epoch: [184][ 0/20]	Time  8.448 ( 8.448)	Loss_VinDrCXR_rad1 cls 3.3912e-03 (3.3912e-03)	Loss_VinDrCXR_rad1 mse 6.2756e-03 (6.2756e-03)
Epoch: [184] Train_Loss_cls: 3.2272e-03 Train_Loss_mse: 5.7743e-03
Epoch: [184][ 0/32]	Time  8.765 ( 8.765)	Loss_VinDrCXR_rad2 cls 8.8128e-04 (8.8128e-04)	Loss_VinDrCXR_rad2 mse 5.3476e-03 (5.3476e-03)
Epoch: [184] Train_Loss_cls: 3.7421e-03 Train_Loss_mse: 6.3805e-03
Epoch: [184][ 0/23]	Time  9.190 ( 9.190)	Loss_VinDrCXR_rad3 cls 4.7023e-04 (4.7023e-04)	Loss_VinDrCXR_rad3 mse 6.5508e-03 (6.5508e-03)
Epoch: [184] Train_Loss_cls: 3.3502e-03 Train_Loss_mse: 6.2867e-03
Epoch: [184][ 0/16]	Time  8.093 ( 8.093)	Loss_VinDrCXR_rad4 cls 3.1854e-04 (3.1854e-04)	Loss_VinDrCXR_rad4 mse 4.1082e-03 (4.1082e-03)
Epoch: [184] Train_Loss_cls: 2.3158e-03 Train_Loss_mse: 4.6804e-03
Epoch: [184][ 0/28]	Time  8.306 ( 8.306)	Loss_VinDrCXR_rad5 cls 6.4687e-04 (6.4687e-04)	Loss_VinDrCXR_rad5 mse 3.6614e-03 (3.6614e-03)
Epoch: [184] Train_Loss_cls: 4.7486e-03 Train_Loss_mse: 4.7705e-03
Epoch: [184][ 0/21]	Time  8.520 ( 8.520)	Loss_VinDrCXR_rad6 cls 1.6475e-03 (1.6475e-03)	Loss_VinDrCXR_rad6 mse 4.2147e-03 (4.2147e-03)
Epoch: [184] Train_Loss_cls: 7.7624e-04 Train_Loss_mse: 5.1906e-03
Epoch: [184][ 0/18]	Time  8.453 ( 8.453)	Loss_VinDrCXR_rad7 cls 3.3406e-04 (3.3406e-04)	Loss_VinDrCXR_rad7 mse 3.6428e-03 (3.6428e-03)
Epoch: [184] Train_Loss_cls: 2.0228e-03 Train_Loss_mse: 4.1284e-02
Epoch: [184][ 0/66]	Time  8.957 ( 8.957)	Loss_VinDrCXR_rad8 cls 3.5356e-01 (3.5356e-01)	Loss_VinDrCXR_rad8 mse 6.2333e-02 (6.2333e-02)
Epoch: [184][50/66]	Time  0.975 ( 1.155)	Loss_VinDrCXR_rad8 cls 1.2121e-01 (1.3523e-01)	Loss_VinDrCXR_rad8 mse 8.0743e-02 (3.4142e-01)
Epoch: [184] Train_Loss_cls: 1.4359e-01 Train_Loss_mse: 4.3710e-01
Epoch: [184][ 0/62]	Time  8.456 ( 8.456)	Loss_VinDrCXR_rad9 cls 4.3052e-01 (4.3052e-01)	Loss_VinDrCXR_rad9 mse 2.3690e+00 (2.3690e+00)
Epoch: [184][50/62]	Time  1.311 ( 1.173)	Loss_VinDrCXR_rad9 cls 3.3276e-01 (2.9737e-01)	Loss_VinDrCXR_rad9 mse 2.5687e-01 (1.5397e+00)
Epoch: [184] Train_Loss_cls: 2.8960e-01 Train_Loss_mse: 1.4826e+00
Epoch: [184][ 0/65]	Time  8.820 ( 8.820)	Loss_VinDrCXR_rad10 cls 2.6114e-01 (2.6114e-01)	Loss_VinDrCXR_rad10 mse 7.1852e-01 (7.1852e-01)
Epoch: [184][50/65]	Time  0.975 ( 1.166)	Loss_VinDrCXR_rad10 cls 1.4198e-01 (2.0122e-01)	Loss_VinDrCXR_rad10 mse 2.7432e-01 (1.0538e+00)
Epoch: [184] Train_Loss_cls: 1.9967e-01 Train_Loss_mse: 1.0517e+00
Epoch: [184][ 0/16]	Time  8.667 ( 8.667)	Loss_VinDrCXR_rad11 cls 1.3509e-01 (1.3509e-01)	Loss_VinDrCXR_rad11 mse 7.9471e-02 (7.9471e-02)
Epoch: [184] Train_Loss_cls: 5.7787e-02 Train_Loss_mse: 1.0776e-01
Epoch: [184][ 0/17]	Time  8.768 ( 8.768)	Loss_VinDrCXR_rad12 cls 6.3233e-02 (6.3233e-02)	Loss_VinDrCXR_rad12 mse 8.6941e-02 (8.6941e-02)
Epoch: [184] Train_Loss_cls: 4.8393e-02 Train_Loss_mse: 1.4207e-01
Epoch: [184][ 0/17]	Time  8.306 ( 8.306)	Loss_VinDrCXR_rad13 cls 3.8635e-02 (3.8635e-02)	Loss_VinDrCXR_rad13 mse 3.6497e-02 (3.6497e-02)
Epoch: [184] Train_Loss_cls: 5.3263e-02 Train_Loss_mse: 9.0371e-02
Epoch: [184][ 0/15]	Time  8.420 ( 8.420)	Loss_VinDrCXR_rad14 cls 4.5034e-02 (4.5034e-02)	Loss_VinDrCXR_rad14 mse 2.0170e-02 (2.0170e-02)
Epoch: [184] Train_Loss_cls: 5.6111e-02 Train_Loss_mse: 1.0562e-01
Epoch: [184][ 0/17]	Time  8.494 ( 8.494)	Loss_VinDrCXR_rad15 cls 4.9706e-02 (4.9706e-02)	Loss_VinDrCXR_rad15 mse 5.3006e-01 (5.3006e-01)
Epoch: [184] Train_Loss_cls: 4.8877e-02 Train_Loss_mse: 7.6717e-02
Epoch: [184][ 0/17]	Time  8.735 ( 8.735)	Loss_VinDrCXR_rad16 cls 1.6984e-02 (1.6984e-02)	Loss_VinDrCXR_rad16 mse 1.4149e-02 (1.4149e-02)
Epoch: [184] Train_Loss_cls: 4.4427e-02 Train_Loss_mse: 1.1430e-01
Epoch: [184][0/8]	Time  8.730 ( 8.730)	Loss_VinDrCXR_rad17 cls 7.0514e-02 (7.0514e-02)	Loss_VinDrCXR_rad17 mse 1.8213e-02 (1.8213e-02)
Epoch: [184] Train_Loss_cls: 4.7064e-02 Train_Loss_mse: 3.4546e-02
Val_VinDrCXR_rad1: [ 0/30]	Time  7.431 ( 7.431)	Loss 1.0244e+00 (1.0244e+00)
Epoch 0184: avg_val_loss 0.38422, saving model to ./Models/swin_base_Ark_Finetune_17Rad/Ark_PlusArk_Finetune_17Rad/Ark_Finetune_17Rad/Ark_PlusArk_Finetune_17Rad
Epoch: [185][ 0/20]	Time  8.800 ( 8.800)	Loss_VinDrCXR_rad1 cls 6.9898e-03 (6.9898e-03)	Loss_VinDrCXR_rad1 mse 9.0989e-03 (9.0989e-03)
Epoch: [185] Train_Loss_cls: 2.6225e-03 Train_Loss_mse: 1.1398e-02
Epoch: [185][ 0/32]	Time  8.835 ( 8.835)	Loss_VinDrCXR_rad2 cls 1.5728e-02 (1.5728e-02)	Loss_VinDrCXR_rad2 mse 1.1760e-02 (1.1760e-02)
Epoch: [185] Train_Loss_cls: 5.3536e-03 Train_Loss_mse: 1.1761e-02
Epoch: [185][ 0/23]	Time  9.601 ( 9.601)	Loss_VinDrCXR_rad3 cls 4.7584e-04 (4.7584e-04)	Loss_VinDrCXR_rad3 mse 1.0023e-02 (1.0023e-02)
Epoch: [185] Train_Loss_cls: 2.9411e-03 Train_Loss_mse: 1.4229e-02
Epoch: [185][ 0/16]	Time  8.283 ( 8.283)	Loss_VinDrCXR_rad4 cls 3.9491e-04 (3.9491e-04)	Loss_VinDrCXR_rad4 mse 8.8120e-03 (8.8120e-03)
Epoch: [185] Train_Loss_cls: 2.3197e-03 Train_Loss_mse: 8.9851e-03
Epoch: [185][ 0/28]	Time  8.892 ( 8.892)	Loss_VinDrCXR_rad5 cls 4.0840e-04 (4.0840e-04)	Loss_VinDrCXR_rad5 mse 7.9789e-03 (7.9789e-03)
Epoch: [185] Train_Loss_cls: 5.3281e-03 Train_Loss_mse: 2.5351e-02
Epoch: [185][ 0/21]	Time  9.032 ( 9.032)	Loss_VinDrCXR_rad6 cls 6.1952e-04 (6.1952e-04)	Loss_VinDrCXR_rad6 mse 1.0572e-02 (1.0572e-02)
Epoch: [185] Train_Loss_cls: 4.3347e-04 Train_Loss_mse: 3.4793e-02
Epoch: [185][ 0/18]	Time  8.674 ( 8.674)	Loss_VinDrCXR_rad7 cls 1.7407e-04 (1.7407e-04)	Loss_VinDrCXR_rad7 mse 6.8343e-03 (6.8343e-03)
Epoch: [185] Train_Loss_cls: 1.8631e-03 Train_Loss_mse: 9.4250e-03
Epoch: [185][ 0/66]	Time  8.963 ( 8.963)	Loss_VinDrCXR_rad8 cls 6.6747e-01 (6.6747e-01)	Loss_VinDrCXR_rad8 mse 1.7269e+00 (1.7269e+00)
Epoch: [185][50/66]	Time  0.976 ( 1.186)	Loss_VinDrCXR_rad8 cls 2.0725e-01 (1.9684e-01)	Loss_VinDrCXR_rad8 mse 1.3374e+00 (8.7445e-01)
Epoch: [185] Train_Loss_cls: 1.9250e-01 Train_Loss_mse: 8.4016e-01
Epoch: [185][ 0/62]	Time  8.680 ( 8.680)	Loss_VinDrCXR_rad9 cls 2.3747e-01 (2.3747e-01)	Loss_VinDrCXR_rad9 mse 2.1293e+00 (2.1293e+00)
Epoch: [185][50/62]	Time  0.975 ( 1.190)	Loss_VinDrCXR_rad9 cls 2.2299e-01 (2.3468e-01)	Loss_VinDrCXR_rad9 mse 5.3559e-01 (9.4861e-01)
Epoch: [185] Train_Loss_cls: 2.3208e-01 Train_Loss_mse: 9.0203e-01
Epoch: [185][ 0/65]	Time  8.808 ( 8.808)	Loss_VinDrCXR_rad10 cls 2.1817e-01 (2.1817e-01)	Loss_VinDrCXR_rad10 mse 1.6473e+00 (1.6473e+00)
Epoch: [185][50/65]	Time  0.975 ( 1.145)	Loss_VinDrCXR_rad10 cls 1.7582e-01 (1.8566e-01)	Loss_VinDrCXR_rad10 mse 4.9329e-01 (9.2870e-01)
Epoch: [185] Train_Loss_cls: 1.8582e-01 Train_Loss_mse: 8.7867e-01
Epoch: [185][ 0/16]	Time  9.262 ( 9.262)	Loss_VinDrCXR_rad11 cls 1.2346e-01 (1.2346e-01)	Loss_VinDrCXR_rad11 mse 5.1438e-02 (5.1438e-02)
Epoch: [185] Train_Loss_cls: 6.2252e-02 Train_Loss_mse: 9.9258e-02
Epoch: [185][ 0/17]	Time 10.148 (10.148)	Loss_VinDrCXR_rad12 cls 2.6858e-02 (2.6858e-02)	Loss_VinDrCXR_rad12 mse 4.0646e-02 (4.0646e-02)
Epoch: [185] Train_Loss_cls: 4.7630e-02 Train_Loss_mse: 1.4947e-01
Epoch: [185][ 0/17]	Time  9.918 ( 9.918)	Loss_VinDrCXR_rad13 cls 9.5918e-02 (9.5918e-02)	Loss_VinDrCXR_rad13 mse 2.9448e-01 (2.9448e-01)
Epoch: [185] Train_Loss_cls: 6.0160e-02 Train_Loss_mse: 1.1795e-01
Epoch: [185][ 0/15]	Time  8.697 ( 8.697)	Loss_VinDrCXR_rad14 cls 6.7190e-02 (6.7190e-02)	Loss_VinDrCXR_rad14 mse 1.2465e-01 (1.2465e-01)
Epoch: [185] Train_Loss_cls: 6.8538e-02 Train_Loss_mse: 1.3810e-01
Epoch: [185][ 0/17]	Time  9.243 ( 9.243)	Loss_VinDrCXR_rad15 cls 6.1305e-02 (6.1305e-02)	Loss_VinDrCXR_rad15 mse 3.1816e-02 (3.1816e-02)
Epoch: [185] Train_Loss_cls: 5.3634e-02 Train_Loss_mse: 7.3380e-02
Epoch: [185][ 0/17]	Time  8.326 ( 8.326)	Loss_VinDrCXR_rad16 cls 6.5881e-02 (6.5881e-02)	Loss_VinDrCXR_rad16 mse 3.5073e-01 (3.5073e-01)
Epoch: [185] Train_Loss_cls: 3.7760e-02 Train_Loss_mse: 1.3881e-01
Epoch: [185][0/8]	Time  8.737 ( 8.737)	Loss_VinDrCXR_rad17 cls 4.5758e-02 (4.5758e-02)	Loss_VinDrCXR_rad17 mse 1.4287e-02 (1.4287e-02)
Epoch: [185] Train_Loss_cls: 3.6473e-02 Train_Loss_mse: 3.9192e-02
Val_VinDrCXR_rad1: [ 0/30]	Time  7.321 ( 7.321)	Loss 8.5479e-01 (8.5479e-01)
Epoch 0185: avg_val_loss 0.33070, saving model to ./Models/swin_base_Ark_Finetune_17Rad/Ark_PlusArk_Finetune_17Rad/Ark_Finetune_17Rad/Ark_PlusArk_Finetune_17Rad
Epoch: [186][ 0/20]	Time  8.666 ( 8.666)	Loss_VinDrCXR_rad1 cls 8.7508e-03 (8.7508e-03)	Loss_VinDrCXR_rad1 mse 9.1287e-03 (9.1287e-03)
Epoch: [186] Train_Loss_cls: 3.3852e-03 Train_Loss_mse: 7.4731e-03
Epoch: [186][ 0/32]	Time 10.134 (10.134)	Loss_VinDrCXR_rad2 cls 7.2189e-04 (7.2189e-04)	Loss_VinDrCXR_rad2 mse 7.0075e-03 (7.0075e-03)
Epoch: [186] Train_Loss_cls: 5.1909e-03 Train_Loss_mse: 7.3974e-03
Epoch: [186][ 0/23]	Time  8.767 ( 8.767)	Loss_VinDrCXR_rad3 cls 1.1706e-03 (1.1706e-03)	Loss_VinDrCXR_rad3 mse 6.4613e-03 (6.4613e-03)
Epoch: [186] Train_Loss_cls: 2.6154e-03 Train_Loss_mse: 9.9735e-03
Epoch: [186][ 0/16]	Time  8.650 ( 8.650)	Loss_VinDrCXR_rad4 cls 3.9126e-04 (3.9126e-04)	Loss_VinDrCXR_rad4 mse 4.7952e-03 (4.7952e-03)
Epoch: [186] Train_Loss_cls: 2.3261e-03 Train_Loss_mse: 7.6741e-03
Epoch: [186][ 0/28]	Time  8.353 ( 8.353)	Loss_VinDrCXR_rad5 cls 4.4482e-04 (4.4482e-04)	Loss_VinDrCXR_rad5 mse 5.0912e-03 (5.0912e-03)
Epoch: [186] Train_Loss_cls: 4.3180e-03 Train_Loss_mse: 5.9967e-03
Epoch: [186][ 0/21]	Time  8.406 ( 8.406)	Loss_VinDrCXR_rad6 cls 1.7768e-03 (1.7768e-03)	Loss_VinDrCXR_rad6 mse 1.2224e-02 (1.2224e-02)
Epoch: [186] Train_Loss_cls: 6.4360e-04 Train_Loss_mse: 1.1671e-02
Epoch: [186][ 0/18]	Time  9.301 ( 9.301)	Loss_VinDrCXR_rad7 cls 2.3175e-04 (2.3175e-04)	Loss_VinDrCXR_rad7 mse 6.3092e-03 (6.3092e-03)
Epoch: [186] Train_Loss_cls: 1.9249e-03 Train_Loss_mse: 3.1551e-02
Epoch: [186][ 0/66]	Time  8.764 ( 8.764)	Loss_VinDrCXR_rad8 cls 7.2967e-01 (7.2967e-01)	Loss_VinDrCXR_rad8 mse 5.7779e-01 (5.7779e-01)
Epoch: [186][50/66]	Time  0.975 ( 1.175)	Loss_VinDrCXR_rad8 cls 1.3862e-01 (1.8162e-01)	Loss_VinDrCXR_rad8 mse 4.9218e-01 (4.9321e-01)
Epoch: [186] Train_Loss_cls: 1.7435e-01 Train_Loss_mse: 5.1377e-01
Epoch: [186][ 0/62]	Time  8.853 ( 8.853)	Loss_VinDrCXR_rad9 cls 2.2426e-01 (2.2426e-01)	Loss_VinDrCXR_rad9 mse 5.3734e-01 (5.3734e-01)
Epoch: [186][50/62]	Time  0.975 ( 1.181)	Loss_VinDrCXR_rad9 cls 1.6990e-01 (2.0986e-01)	Loss_VinDrCXR_rad9 mse 8.9505e-02 (6.1125e-01)
Epoch: [186] Train_Loss_cls: 2.1001e-01 Train_Loss_mse: 6.0183e-01
Epoch: [186][ 0/65]	Time  9.151 ( 9.151)	Loss_VinDrCXR_rad10 cls 1.7986e-01 (1.7986e-01)	Loss_VinDrCXR_rad10 mse 9.4101e-02 (9.4101e-02)
Epoch: [186][50/65]	Time  0.976 ( 1.164)	Loss_VinDrCXR_rad10 cls 1.7914e-01 (1.5909e-01)	Loss_VinDrCXR_rad10 mse 3.5527e-01 (3.7454e-01)
Epoch: [186] Train_Loss_cls: 1.6064e-01 Train_Loss_mse: 4.1174e-01
Epoch: [186][ 0/16]	Time  8.838 ( 8.838)	Loss_VinDrCXR_rad11 cls 1.3071e-01 (1.3071e-01)	Loss_VinDrCXR_rad11 mse 3.4434e-02 (3.4434e-02)
Epoch: [186] Train_Loss_cls: 4.8556e-02 Train_Loss_mse: 6.5714e-02
Epoch: [186][ 0/17]	Time  8.852 ( 8.852)	Loss_VinDrCXR_rad12 cls 4.3121e-02 (4.3121e-02)	Loss_VinDrCXR_rad12 mse 9.9979e-02 (9.9979e-02)
Epoch: [186] Train_Loss_cls: 3.9455e-02 Train_Loss_mse: 5.3844e-02
Epoch: [186][ 0/17]	Time  9.917 ( 9.917)	Loss_VinDrCXR_rad13 cls 5.3329e-02 (5.3329e-02)	Loss_VinDrCXR_rad13 mse 4.8142e-02 (4.8142e-02)
Epoch: [186] Train_Loss_cls: 4.4492e-02 Train_Loss_mse: 8.1884e-02
Epoch: [186][ 0/15]	Time 10.475 (10.475)	Loss_VinDrCXR_rad14 cls 4.7687e-02 (4.7687e-02)	Loss_VinDrCXR_rad14 mse 1.0523e-01 (1.0523e-01)
Epoch: [186] Train_Loss_cls: 5.0700e-02 Train_Loss_mse: 9.2129e-02
Epoch: [186][ 0/17]	Time  8.583 ( 8.583)	Loss_VinDrCXR_rad15 cls 3.0353e-02 (3.0353e-02)	Loss_VinDrCXR_rad15 mse 2.5457e-02 (2.5457e-02)
Epoch: [186] Train_Loss_cls: 4.3947e-02 Train_Loss_mse: 3.6743e-02
Epoch: [186][ 0/17]	Time  8.474 ( 8.474)	Loss_VinDrCXR_rad16 cls 2.8964e-02 (2.8964e-02)	Loss_VinDrCXR_rad16 mse 2.3170e-02 (2.3170e-02)
Epoch: [186] Train_Loss_cls: 3.2453e-02 Train_Loss_mse: 9.3136e-02
Epoch: [186][0/8]	Time  8.753 ( 8.753)	Loss_VinDrCXR_rad17 cls 3.2311e-02 (3.2311e-02)	Loss_VinDrCXR_rad17 mse 1.0007e-02 (1.0007e-02)
Epoch: [186] Train_Loss_cls: 3.5618e-02 Train_Loss_mse: 2.1028e-02
Val_VinDrCXR_rad1: [ 0/30]	Time  8.038 ( 8.038)	Loss 7.9634e-01 (7.9634e-01)
Epoch 0186: avg_val_loss 0.32530, saving model to ./Models/swin_base_Ark_Finetune_17Rad/Ark_PlusArk_Finetune_17Rad/Ark_Finetune_17Rad/Ark_PlusArk_Finetune_17Rad
Epoch: [187][ 0/20]	Time 10.790 (10.790)	Loss_VinDrCXR_rad1 cls 1.2426e-02 (1.2426e-02)	Loss_VinDrCXR_rad1 mse 7.4067e-03 (7.4067e-03)
Epoch: [187] Train_Loss_cls: 2.7153e-03 Train_Loss_mse: 8.4517e-03
Epoch: [187][ 0/32]	Time 10.150 (10.150)	Loss_VinDrCXR_rad2 cls 1.5942e-02 (1.5942e-02)	Loss_VinDrCXR_rad2 mse 5.8336e-03 (5.8336e-03)
Epoch: [187] Train_Loss_cls: 4.9312e-03 Train_Loss_mse: 1.4013e-02
Epoch: [187][ 0/23]	Time  8.488 ( 8.488)	Loss_VinDrCXR_rad3 cls 9.3525e-04 (9.3525e-04)	Loss_VinDrCXR_rad3 mse 6.1447e-03 (6.1447e-03)
Epoch: [187] Train_Loss_cls: 2.8716e-03 Train_Loss_mse: 1.9327e-02
Epoch: [187][ 0/16]	Time  8.809 ( 8.809)	Loss_VinDrCXR_rad4 cls 7.5923e-04 (7.5923e-04)	Loss_VinDrCXR_rad4 mse 5.7344e-02 (5.7344e-02)
Epoch: [187] Train_Loss_cls: 2.0988e-03 Train_Loss_mse: 1.1452e-02
Epoch: [187][ 0/28]	Time  8.927 ( 8.927)	Loss_VinDrCXR_rad5 cls 3.0991e-04 (3.0991e-04)	Loss_VinDrCXR_rad5 mse 6.2874e-03 (6.2874e-03)
Epoch: [187] Train_Loss_cls: 4.4705e-03 Train_Loss_mse: 3.2830e-02
Epoch: [187][ 0/21]	Time  9.292 ( 9.292)	Loss_VinDrCXR_rad6 cls 6.9665e-04 (6.9665e-04)	Loss_VinDrCXR_rad6 mse 1.3639e-02 (1.3639e-02)
Epoch: [187] Train_Loss_cls: 5.2275e-04 Train_Loss_mse: 3.1759e-02
Epoch: [187][ 0/18]	Time  8.825 ( 8.825)	Loss_VinDrCXR_rad7 cls 1.3245e-02 (1.3245e-02)	Loss_VinDrCXR_rad7 mse 5.0235e-03 (5.0235e-03)
Epoch: [187] Train_Loss_cls: 1.8207e-03 Train_Loss_mse: 1.8301e-02
Epoch: [187][ 0/66]	Time  9.330 ( 9.330)	Loss_VinDrCXR_rad8 cls 5.4221e-01 (5.4221e-01)	Loss_VinDrCXR_rad8 mse 1.4702e+00 (1.4702e+00)
Epoch: [187][50/66]	Time  0.982 ( 1.142)	Loss_VinDrCXR_rad8 cls 1.3873e-01 (1.6714e-01)	Loss_VinDrCXR_rad8 mse 8.9590e-02 (5.0826e-01)
Epoch: [187] Train_Loss_cls: 1.6436e-01 Train_Loss_mse: 5.3264e-01
Epoch: [187][ 0/62]	Time  8.746 ( 8.746)	Loss_VinDrCXR_rad9 cls 2.4318e-01 (2.4318e-01)	Loss_VinDrCXR_rad9 mse 1.5066e-01 (1.5066e-01)
Epoch: [187][50/62]	Time  0.979 ( 1.137)	Loss_VinDrCXR_rad9 cls 2.2397e-01 (2.0813e-01)	Loss_VinDrCXR_rad9 mse 5.1126e-01 (4.7951e-01)
Epoch: [187] Train_Loss_cls: 2.0646e-01 Train_Loss_mse: 4.5586e-01
Epoch: [187][ 0/65]	Time  9.266 ( 9.266)	Loss_VinDrCXR_rad10 cls 2.6290e-01 (2.6290e-01)	Loss_VinDrCXR_rad10 mse 1.3902e-01 (1.3902e-01)
Epoch: [187][50/65]	Time  0.976 ( 1.167)	Loss_VinDrCXR_rad10 cls 1.3805e-01 (1.6020e-01)	Loss_VinDrCXR_rad10 mse 3.5879e-01 (4.9493e-01)
Epoch: [187] Train_Loss_cls: 1.5943e-01 Train_Loss_mse: 4.7762e-01
Epoch: [187][ 0/16]	Time  8.577 ( 8.577)	Loss_VinDrCXR_rad11 cls 8.0954e-02 (8.0954e-02)	Loss_VinDrCXR_rad11 mse 2.0052e-02 (2.0052e-02)
Epoch: [187] Train_Loss_cls: 4.5047e-02 Train_Loss_mse: 6.3961e-02
Epoch: [187][ 0/17]	Time  9.516 ( 9.516)	Loss_VinDrCXR_rad12 cls 2.5176e-02 (2.5176e-02)	Loss_VinDrCXR_rad12 mse 1.4973e-02 (1.4973e-02)
Epoch: [187] Train_Loss_cls: 3.6263e-02 Train_Loss_mse: 4.3142e-02
Epoch: [187][ 0/17]	Time  8.713 ( 8.713)	Loss_VinDrCXR_rad13 cls 5.2918e-02 (5.2918e-02)	Loss_VinDrCXR_rad13 mse 3.5393e-02 (3.5393e-02)
Epoch: [187] Train_Loss_cls: 4.2016e-02 Train_Loss_mse: 5.8984e-02
Epoch: [187][ 0/15]	Time  8.650 ( 8.650)	Loss_VinDrCXR_rad14 cls 5.6198e-02 (5.6198e-02)	Loss_VinDrCXR_rad14 mse 1.5145e-02 (1.5145e-02)
Epoch: [187] Train_Loss_cls: 5.1044e-02 Train_Loss_mse: 5.0873e-02
Epoch: [187][ 0/17]	Time  8.794 ( 8.794)	Loss_VinDrCXR_rad15 cls 4.7536e-02 (4.7536e-02)	Loss_VinDrCXR_rad15 mse 3.4786e-02 (3.4786e-02)
Epoch: [187] Train_Loss_cls: 4.2677e-02 Train_Loss_mse: 2.2474e-02
Epoch: [187][ 0/17]	Time  8.669 ( 8.669)	Loss_VinDrCXR_rad16 cls 5.1417e-02 (5.1417e-02)	Loss_VinDrCXR_rad16 mse 2.7576e-02 (2.7576e-02)
Epoch: [187] Train_Loss_cls: 3.4554e-02 Train_Loss_mse: 8.0217e-02
Epoch: [187][0/8]	Time  8.628 ( 8.628)	Loss_VinDrCXR_rad17 cls 5.8210e-02 (5.8210e-02)	Loss_VinDrCXR_rad17 mse 1.0405e-02 (1.0405e-02)
Epoch: [187] Train_Loss_cls: 3.2848e-02 Train_Loss_mse: 1.3002e-02
Val_VinDrCXR_rad1: [ 0/30]	Time  7.647 ( 7.647)	Loss 7.7424e-01 (7.7424e-01)
Epoch 0187: avg_val_loss 0.29765, saving model to ./Models/swin_base_Ark_Finetune_17Rad/Ark_PlusArk_Finetune_17Rad/Ark_Finetune_17Rad/Ark_PlusArk_Finetune_17Rad
Epoch: [188][ 0/20]	Time  9.398 ( 9.398)	Loss_VinDrCXR_rad1 cls 4.7268e-03 (4.7268e-03)	Loss_VinDrCXR_rad1 mse 6.5292e-03 (6.5292e-03)
Epoch: [188] Train_Loss_cls: 2.9214e-03 Train_Loss_mse: 6.5178e-03
Epoch: [188][ 0/32]	Time  8.625 ( 8.625)	Loss_VinDrCXR_rad2 cls 1.1319e-03 (1.1319e-03)	Loss_VinDrCXR_rad2 mse 1.0881e-02 (1.0881e-02)
Epoch: [188] Train_Loss_cls: 4.5514e-03 Train_Loss_mse: 7.4327e-03
Epoch: [188][ 0/23]	Time  8.670 ( 8.670)	Loss_VinDrCXR_rad3 cls 8.7041e-04 (8.7041e-04)	Loss_VinDrCXR_rad3 mse 6.3676e-03 (6.3676e-03)
Epoch: [188] Train_Loss_cls: 3.2110e-03 Train_Loss_mse: 5.2003e-03
Epoch: [188][ 0/16]	Time  8.372 ( 8.372)	Loss_VinDrCXR_rad4 cls 3.7128e-04 (3.7128e-04)	Loss_VinDrCXR_rad4 mse 6.0262e-03 (6.0262e-03)
Epoch: [188] Train_Loss_cls: 2.0975e-03 Train_Loss_mse: 5.5432e-03
Epoch: [188][ 0/28]	Time  8.820 ( 8.820)	Loss_VinDrCXR_rad5 cls 4.0753e-04 (4.0753e-04)	Loss_VinDrCXR_rad5 mse 5.7359e-03 (5.7359e-03)
Epoch: [188] Train_Loss_cls: 3.6358e-03 Train_Loss_mse: 2.4011e-02
Epoch: [188][ 0/21]	Time  8.836 ( 8.836)	Loss_VinDrCXR_rad6 cls 1.0808e-03 (1.0808e-03)	Loss_VinDrCXR_rad6 mse 1.8401e-02 (1.8401e-02)
Epoch: [188] Train_Loss_cls: 6.9724e-04 Train_Loss_mse: 6.4224e-03
Epoch: [188][ 0/18]	Time  8.625 ( 8.625)	Loss_VinDrCXR_rad7 cls 2.1861e-04 (2.1861e-04)	Loss_VinDrCXR_rad7 mse 4.4939e-03 (4.4939e-03)
Epoch: [188] Train_Loss_cls: 2.1656e-03 Train_Loss_mse: 7.7865e-03
Epoch: [188][ 0/66]	Time  8.875 ( 8.875)	Loss_VinDrCXR_rad8 cls 6.3200e-01 (6.3200e-01)	Loss_VinDrCXR_rad8 mse 1.3886e+00 (1.3886e+00)
Epoch: [188][50/66]	Time  0.975 ( 1.179)	Loss_VinDrCXR_rad8 cls 9.0383e-02 (1.5462e-01)	Loss_VinDrCXR_rad8 mse 1.5029e-01 (5.1673e-01)
Epoch: [188] Train_Loss_cls: 1.5134e-01 Train_Loss_mse: 5.2220e-01
Epoch: [188][ 0/62]	Time  9.871 ( 9.871)	Loss_VinDrCXR_rad9 cls 2.6011e-01 (2.6011e-01)	Loss_VinDrCXR_rad9 mse 3.9933e-01 (3.9933e-01)
Epoch: [188][50/62]	Time  0.979 ( 1.212)	Loss_VinDrCXR_rad9 cls 2.2119e-01 (1.9605e-01)	Loss_VinDrCXR_rad9 mse 7.8288e-01 (3.8833e-01)
Epoch: [188] Train_Loss_cls: 1.9751e-01 Train_Loss_mse: 4.1339e-01
Epoch: [188][ 0/65]	Time  8.650 ( 8.650)	Loss_VinDrCXR_rad10 cls 1.3344e-01 (1.3344e-01)	Loss_VinDrCXR_rad10 mse 2.1695e-01 (2.1695e-01)
Epoch: [188][50/65]	Time  0.977 ( 1.183)	Loss_VinDrCXR_rad10 cls 1.5976e-01 (1.5383e-01)	Loss_VinDrCXR_rad10 mse 1.1329e-01 (3.9647e-01)
Epoch: [188] Train_Loss_cls: 1.5529e-01 Train_Loss_mse: 4.1216e-01
Epoch: [188][ 0/16]	Time  8.869 ( 8.869)	Loss_VinDrCXR_rad11 cls 1.2552e-01 (1.2552e-01)	Loss_VinDrCXR_rad11 mse 2.2001e-01 (2.2001e-01)
Epoch: [188] Train_Loss_cls: 5.0301e-02 Train_Loss_mse: 8.8471e-02
Epoch: [188][ 0/17]	Time  8.875 ( 8.875)	Loss_VinDrCXR_rad12 cls 2.1827e-02 (2.1827e-02)	Loss_VinDrCXR_rad12 mse 8.4906e-02 (8.4906e-02)
Epoch: [188] Train_Loss_cls: 3.0368e-02 Train_Loss_mse: 2.8173e-02
Epoch: [188][ 0/17]	Time  8.397 ( 8.397)	Loss_VinDrCXR_rad13 cls 3.2626e-02 (3.2626e-02)	Loss_VinDrCXR_rad13 mse 5.1870e-01 (5.1870e-01)
Epoch: [188] Train_Loss_cls: 4.1981e-02 Train_Loss_mse: 9.1226e-02
Epoch: [188][ 0/15]	Time  8.803 ( 8.803)	Loss_VinDrCXR_rad14 cls 2.4844e-02 (2.4844e-02)	Loss_VinDrCXR_rad14 mse 2.3284e-02 (2.3284e-02)
Epoch: [188] Train_Loss_cls: 4.7769e-02 Train_Loss_mse: 6.3107e-02
Epoch: [188][ 0/17]	Time  8.904 ( 8.904)	Loss_VinDrCXR_rad15 cls 2.6653e-02 (2.6653e-02)	Loss_VinDrCXR_rad15 mse 3.5091e-02 (3.5091e-02)
Epoch: [188] Train_Loss_cls: 4.0647e-02 Train_Loss_mse: 7.9641e-02
Epoch: [188][ 0/17]	Time  9.059 ( 9.059)	Loss_VinDrCXR_rad16 cls 1.9796e-02 (1.9796e-02)	Loss_VinDrCXR_rad16 mse 5.2333e-02 (5.2333e-02)
Epoch: [188] Train_Loss_cls: 3.1732e-02 Train_Loss_mse: 7.0729e-02
Epoch: [188][0/8]	Time  8.440 ( 8.440)	Loss_VinDrCXR_rad17 cls 2.2389e-02 (2.2389e-02)	Loss_VinDrCXR_rad17 mse 2.6884e-02 (2.6884e-02)
Epoch: [188] Train_Loss_cls: 3.3845e-02 Train_Loss_mse: 1.7923e-02
Val_VinDrCXR_rad1: [ 0/30]	Time  7.801 ( 7.801)	Loss 7.7211e-01 (7.7211e-01)
Epoch 0188: avg_val_loss 0.29546, saving model to ./Models/swin_base_Ark_Finetune_17Rad/Ark_PlusArk_Finetune_17Rad/Ark_Finetune_17Rad/Ark_PlusArk_Finetune_17Rad
Epoch: [189][ 0/20]	Time  9.013 ( 9.013)	Loss_VinDrCXR_rad1 cls 3.9993e-03 (3.9993e-03)	Loss_VinDrCXR_rad1 mse 5.7454e-03 (5.7454e-03)
Epoch: [189] Train_Loss_cls: 2.6225e-03 Train_Loss_mse: 7.6392e-03
Epoch: [189][ 0/32]	Time  9.144 ( 9.144)	Loss_VinDrCXR_rad2 cls 5.2576e-04 (5.2576e-04)	Loss_VinDrCXR_rad2 mse 7.9000e-03 (7.9000e-03)
Epoch: [189] Train_Loss_cls: 4.4260e-03 Train_Loss_mse: 7.6384e-03
Epoch: [189][ 0/23]	Time  8.664 ( 8.664)	Loss_VinDrCXR_rad3 cls 2.3700e-02 (2.3700e-02)	Loss_VinDrCXR_rad3 mse 4.7491e-03 (4.7491e-03)
Epoch: [189] Train_Loss_cls: 2.8587e-03 Train_Loss_mse: 5.9857e-03
Epoch: [189][ 0/16]	Time  9.218 ( 9.218)	Loss_VinDrCXR_rad4 cls 1.0695e-03 (1.0695e-03)	Loss_VinDrCXR_rad4 mse 6.1094e-03 (6.1094e-03)
Epoch: [189] Train_Loss_cls: 2.2919e-03 Train_Loss_mse: 5.3324e-03
Epoch: [189][ 0/28]	Time  8.337 ( 8.337)	Loss_VinDrCXR_rad5 cls 1.0421e-02 (1.0421e-02)	Loss_VinDrCXR_rad5 mse 1.7524e-02 (1.7524e-02)
Epoch: [189] Train_Loss_cls: 3.9111e-03 Train_Loss_mse: 1.2591e-02
Epoch: [189][ 0/21]	Time  8.470 ( 8.470)	Loss_VinDrCXR_rad6 cls 5.1889e-04 (5.1889e-04)	Loss_VinDrCXR_rad6 mse 6.9490e-03 (6.9490e-03)
Epoch: [189] Train_Loss_cls: 5.8660e-04 Train_Loss_mse: 6.3218e-03
Epoch: [189][ 0/18]	Time  8.857 ( 8.857)	Loss_VinDrCXR_rad7 cls 3.1212e-04 (3.1212e-04)	Loss_VinDrCXR_rad7 mse 6.8991e-03 (6.8991e-03)
Epoch: [189] Train_Loss_cls: 1.9861e-03 Train_Loss_mse: 6.5823e-02
Epoch: [189][ 0/66]	Time  8.812 ( 8.812)	Loss_VinDrCXR_rad8 cls 4.6859e-01 (4.6859e-01)	Loss_VinDrCXR_rad8 mse 6.0033e-01 (6.0033e-01)
Epoch: [189][50/66]	Time  0.976 ( 1.134)	Loss_VinDrCXR_rad8 cls 1.4717e-01 (1.5765e-01)	Loss_VinDrCXR_rad8 mse 1.1234e+00 (4.4862e-01)
Epoch: [189] Train_Loss_cls: 1.5605e-01 Train_Loss_mse: 4.8577e-01
Epoch: [189][ 0/62]	Time  8.836 ( 8.836)	Loss_VinDrCXR_rad9 cls 1.9647e-01 (1.9647e-01)	Loss_VinDrCXR_rad9 mse 7.0139e-01 (7.0139e-01)
Epoch: [189][50/62]	Time  0.975 ( 1.138)	Loss_VinDrCXR_rad9 cls 2.0831e-01 (2.0174e-01)	Loss_VinDrCXR_rad9 mse 1.5269e-01 (5.1012e-01)
Epoch: [189] Train_Loss_cls: 2.0402e-01 Train_Loss_mse: 5.1123e-01
Epoch: [189][ 0/65]	Time  8.932 ( 8.932)	Loss_VinDrCXR_rad10 cls 1.9873e-01 (1.9873e-01)	Loss_VinDrCXR_rad10 mse 4.3165e-01 (4.3165e-01)
Epoch: [189][50/65]	Time  0.976 ( 1.141)	Loss_VinDrCXR_rad10 cls 1.2922e-01 (1.5504e-01)	Loss_VinDrCXR_rad10 mse 6.1884e-01 (4.4648e-01)
Epoch: [189] Train_Loss_cls: 1.5354e-01 Train_Loss_mse: 4.6616e-01
Epoch: [189][ 0/16]	Time  8.716 ( 8.716)	Loss_VinDrCXR_rad11 cls 1.2906e-01 (1.2906e-01)	Loss_VinDrCXR_rad11 mse 4.0001e-02 (4.0001e-02)
Epoch: [189] Train_Loss_cls: 4.7133e-02 Train_Loss_mse: 3.8799e-02
Epoch: [189][ 0/17]	Time  8.708 ( 8.708)	Loss_VinDrCXR_rad12 cls 3.3312e-02 (3.3312e-02)	Loss_VinDrCXR_rad12 mse 4.6111e-01 (4.6111e-01)
Epoch: [189] Train_Loss_cls: 3.5863e-02 Train_Loss_mse: 7.4893e-02
Epoch: [189][ 0/17]	Time  8.935 ( 8.935)	Loss_VinDrCXR_rad13 cls 7.5265e-02 (7.5265e-02)	Loss_VinDrCXR_rad13 mse 3.3805e-02 (3.3805e-02)
Epoch: [189] Train_Loss_cls: 4.4337e-02 Train_Loss_mse: 3.1993e-02
Epoch: [189][ 0/15]	Time  9.165 ( 9.165)	Loss_VinDrCXR_rad14 cls 8.4320e-02 (8.4320e-02)	Loss_VinDrCXR_rad14 mse 3.2228e-02 (3.2228e-02)
Epoch: [189] Train_Loss_cls: 5.5419e-02 Train_Loss_mse: 6.1238e-02
Epoch: [189][ 0/17]	Time  8.830 ( 8.830)	Loss_VinDrCXR_rad15 cls 6.3371e-02 (6.3371e-02)	Loss_VinDrCXR_rad15 mse 1.7827e-02 (1.7827e-02)
Epoch: [189] Train_Loss_cls: 4.2802e-02 Train_Loss_mse: 5.8608e-02
Epoch: [189][ 0/17]	Time  8.422 ( 8.422)	Loss_VinDrCXR_rad16 cls 1.2791e-02 (1.2791e-02)	Loss_VinDrCXR_rad16 mse 2.3207e-02 (2.3207e-02)
Epoch: [189] Train_Loss_cls: 3.0542e-02 Train_Loss_mse: 9.3322e-02
Epoch: [189][0/8]	Time  8.348 ( 8.348)	Loss_VinDrCXR_rad17 cls 3.2974e-02 (3.2974e-02)	Loss_VinDrCXR_rad17 mse 8.3771e-03 (8.3771e-03)
Epoch: [189] Train_Loss_cls: 3.3082e-02 Train_Loss_mse: 1.4307e-02
Val_VinDrCXR_rad1: [ 0/30]	Time  7.340 ( 7.340)	Loss 8.0840e-01 (8.0840e-01)
Epoch 0189: avg_val_loss 0.31621, saving model to ./Models/swin_base_Ark_Finetune_17Rad/Ark_PlusArk_Finetune_17Rad/Ark_Finetune_17Rad/Ark_PlusArk_Finetune_17Rad
Epoch: [190][ 0/20]	Time  8.766 ( 8.766)	Loss_VinDrCXR_rad1 cls 6.4656e-03 (6.4656e-03)	Loss_VinDrCXR_rad1 mse 7.0019e-03 (7.0019e-03)
Epoch: [190] Train_Loss_cls: 2.7393e-03 Train_Loss_mse: 8.9301e-03
Epoch: [190][ 0/32]	Time  8.641 ( 8.641)	Loss_VinDrCXR_rad2 cls 5.9595e-04 (5.9595e-04)	Loss_VinDrCXR_rad2 mse 6.3808e-03 (6.3808e-03)
Epoch: [190] Train_Loss_cls: 4.2540e-03 Train_Loss_mse: 6.2998e-03
Epoch: [190][ 0/23]	Time  8.851 ( 8.851)	Loss_VinDrCXR_rad3 cls 9.9090e-04 (9.9090e-04)	Loss_VinDrCXR_rad3 mse 6.4137e-03 (6.4137e-03)
Epoch: [190] Train_Loss_cls: 3.1838e-03 Train_Loss_mse: 5.6167e-03
Epoch: [190][ 0/16]	Time  8.162 ( 8.162)	Loss_VinDrCXR_rad4 cls 4.9339e-04 (4.9339e-04)	Loss_VinDrCXR_rad4 mse 4.5163e-03 (4.5163e-03)
Epoch: [190] Train_Loss_cls: 2.2471e-03 Train_Loss_mse: 4.8347e-03
Epoch: [190][ 0/28]	Time  8.244 ( 8.244)	Loss_VinDrCXR_rad5 cls 5.3490e-04 (5.3490e-04)	Loss_VinDrCXR_rad5 mse 7.5055e-03 (7.5055e-03)
Epoch: [190] Train_Loss_cls: 3.6100e-03 Train_Loss_mse: 1.4065e-02
Epoch: [190][ 0/21]	Time  9.044 ( 9.044)	Loss_VinDrCXR_rad6 cls 7.5757e-04 (7.5757e-04)	Loss_VinDrCXR_rad6 mse 1.6248e-02 (1.6248e-02)
Epoch: [190] Train_Loss_cls: 8.8728e-04 Train_Loss_mse: 6.6705e-03
Epoch: [190][ 0/18]	Time  8.524 ( 8.524)	Loss_VinDrCXR_rad7 cls 2.4869e-04 (2.4869e-04)	Loss_VinDrCXR_rad7 mse 4.3730e-03 (4.3730e-03)
Epoch: [190] Train_Loss_cls: 2.1916e-03 Train_Loss_mse: 5.9938e-03
Epoch: [190][ 0/66]	Time  8.625 ( 8.625)	Loss_VinDrCXR_rad8 cls 5.8991e-01 (5.8991e-01)	Loss_VinDrCXR_rad8 mse 6.1283e-01 (6.1283e-01)
Epoch: [190][50/66]	Time  0.976 ( 1.155)	Loss_VinDrCXR_rad8 cls 1.3171e-01 (1.5912e-01)	Loss_VinDrCXR_rad8 mse 1.0595e-01 (5.6685e-01)
Epoch: [190] Train_Loss_cls: 1.5404e-01 Train_Loss_mse: 5.3926e-01
Epoch: [190][ 0/62]	Time  9.351 ( 9.351)	Loss_VinDrCXR_rad9 cls 2.0986e-01 (2.0986e-01)	Loss_VinDrCXR_rad9 mse 7.3394e-02 (7.3394e-02)
Epoch: [190][50/62]	Time  0.977 ( 1.164)	Loss_VinDrCXR_rad9 cls 1.8210e-01 (1.9889e-01)	Loss_VinDrCXR_rad9 mse 5.7230e-01 (4.7003e-01)
Epoch: [190] Train_Loss_cls: 2.0159e-01 Train_Loss_mse: 4.8246e-01
Epoch: [190][ 0/65]	Time  9.125 ( 9.125)	Loss_VinDrCXR_rad10 cls 1.3390e-01 (1.3390e-01)	Loss_VinDrCXR_rad10 mse 1.2838e-01 (1.2838e-01)
Epoch: [190][50/65]	Time  0.977 ( 1.161)	Loss_VinDrCXR_rad10 cls 1.4541e-01 (1.5771e-01)	Loss_VinDrCXR_rad10 mse 6.9335e-01 (5.2054e-01)
Epoch: [190] Train_Loss_cls: 1.5745e-01 Train_Loss_mse: 5.2907e-01
Epoch: [190][ 0/16]	Time  9.013 ( 9.013)	Loss_VinDrCXR_rad11 cls 1.3064e-01 (1.3064e-01)	Loss_VinDrCXR_rad11 mse 2.1999e-02 (2.1999e-02)
Epoch: [190] Train_Loss_cls: 4.8521e-02 Train_Loss_mse: 6.2654e-02
Epoch: [190][ 0/17]	Time  9.387 ( 9.387)	Loss_VinDrCXR_rad12 cls 6.2857e-02 (6.2857e-02)	Loss_VinDrCXR_rad12 mse 1.9856e-02 (1.9856e-02)
Epoch: [190] Train_Loss_cls: 3.7489e-02 Train_Loss_mse: 6.4327e-02
Epoch: [190][ 0/17]	Time  9.987 ( 9.987)	Loss_VinDrCXR_rad13 cls 6.8510e-02 (6.8510e-02)	Loss_VinDrCXR_rad13 mse 3.3769e-02 (3.3769e-02)
Epoch: [190] Train_Loss_cls: 4.3489e-02 Train_Loss_mse: 3.3078e-02
Epoch: [190][ 0/15]	Time  8.904 ( 8.904)	Loss_VinDrCXR_rad14 cls 3.9374e-02 (3.9374e-02)	Loss_VinDrCXR_rad14 mse 5.2230e-01 (5.2230e-01)
Epoch: [190] Train_Loss_cls: 4.6745e-02 Train_Loss_mse: 1.0007e-01
Epoch: [190][ 0/17]	Time  8.616 ( 8.616)	Loss_VinDrCXR_rad15 cls 1.8586e-02 (1.8586e-02)	Loss_VinDrCXR_rad15 mse 9.6011e-03 (9.6011e-03)
Epoch: [190] Train_Loss_cls: 4.3317e-02 Train_Loss_mse: 5.0277e-02
Epoch: [190][ 0/17]	Time  8.525 ( 8.525)	Loss_VinDrCXR_rad16 cls 1.5379e-02 (1.5379e-02)	Loss_VinDrCXR_rad16 mse 1.7266e-02 (1.7266e-02)
Epoch: [190] Train_Loss_cls: 2.8945e-02 Train_Loss_mse: 1.0469e-01
Epoch: [190][0/8]	Time  8.409 ( 8.409)	Loss_VinDrCXR_rad17 cls 2.1270e-02 (2.1270e-02)	Loss_VinDrCXR_rad17 mse 1.2489e-02 (1.2489e-02)
Epoch: [190] Train_Loss_cls: 3.8474e-02 Train_Loss_mse: 2.0342e-02
Val_VinDrCXR_rad1: [ 0/30]	Time  8.246 ( 8.246)	Loss 9.2040e-01 (9.2040e-01)
Epoch 0190: avg_val_loss 0.34660, saving model to ./Models/swin_base_Ark_Finetune_17Rad/Ark_PlusArk_Finetune_17Rad/Ark_Finetune_17Rad/Ark_PlusArk_Finetune_17Rad
>>VinDrCXR_rad1 Disease = ['PE', 'Lung tumor', 'Pneumonia', 'Tuberculosis', 'Other diseases', 'No finding']
>>VinDrCXR_rad1:Student AUC = [0.9624	0.8696	0.9283	0.9285	0.7534	0.9131], 
Teacher AUC = [0.9814	0.9398	0.953 	0.9347	0.8576	0.9529]

>>VinDrCXR_rad1: Student mAUC = 0.8925, Teacher mAUC = 0.9366
Omni-pretraining stage: 
Student meanAUC = 
[[0.9468759507134883], [0.9454261264448013], [0.9389692516963958], [0.9338567099466557], [0.9322285595158992], [0.9267613086784795], [0.9269031959521569], [0.9311978881171713], [0.9322738966995839], [0.9282953834234174], [0.929972291939886], [0.9318785771175087], [0.937211098360474], [0.9381919883273343], [0.9369602586957376], [0.9366551483549057], [0.9346324920330171], [0.9299819806706333], [0.9305474169968909], [0.934866256916984], [0.8925448969094599]] 
Teacher meanAUC = 
[[0.9468759507134883], [0.9460270675389304], [0.9413547485728361], [0.9352525270339678], [0.933640160889925], [0.9253586349249475], [0.9311537710751477], [0.9326593268703175], [0.9311490937056109], [0.9340407878121827], [0.9299489031778979], [0.9354695743205612], [0.9370271512949998], [0.9387894655012321], [0.9400737372963088], [0.9425990602592327], [0.9408374784800566], [0.9355654573171095], [0.9365540511356777], [0.9375044065308177], [0.9365702101919333]]

Epoch: [191][ 0/20]	Time  9.524 ( 9.524)	Loss_VinDrCXR_rad1 cls 4.0875e-03 (4.0875e-03)	Loss_VinDrCXR_rad1 mse 1.1253e-02 (1.1253e-02)
Epoch: [191] Train_Loss_cls: 2.8418e-03 Train_Loss_mse: 1.1570e-02
Epoch: [191][ 0/32]	Time  9.135 ( 9.135)	Loss_VinDrCXR_rad2 cls 5.2405e-04 (5.2405e-04)	Loss_VinDrCXR_rad2 mse 6.6340e-03 (6.6340e-03)
Epoch: [191] Train_Loss_cls: 4.7567e-03 Train_Loss_mse: 1.1923e-02
Epoch: [191][ 0/23]	Time  9.039 ( 9.039)	Loss_VinDrCXR_rad3 cls 3.4223e-04 (3.4223e-04)	Loss_VinDrCXR_rad3 mse 4.3599e-03 (4.3599e-03)
Epoch: [191] Train_Loss_cls: 2.5871e-03 Train_Loss_mse: 5.7556e-03
Epoch: [191][ 0/16]	Time  8.427 ( 8.427)	Loss_VinDrCXR_rad4 cls 1.2278e-02 (1.2278e-02)	Loss_VinDrCXR_rad4 mse 5.3496e-03 (5.3496e-03)
Epoch: [191] Train_Loss_cls: 1.9572e-03 Train_Loss_mse: 5.6959e-03
Epoch: [191][ 0/28]	Time  8.469 ( 8.469)	Loss_VinDrCXR_rad5 cls 9.1106e-03 (9.1106e-03)	Loss_VinDrCXR_rad5 mse 6.0863e-03 (6.0863e-03)
Epoch: [191] Train_Loss_cls: 3.2943e-03 Train_Loss_mse: 1.5618e-02
Epoch: [191][ 0/21]	Time  8.886 ( 8.886)	Loss_VinDrCXR_rad6 cls 6.0516e-04 (6.0516e-04)	Loss_VinDrCXR_rad6 mse 1.5033e-02 (1.5033e-02)
Epoch: [191] Train_Loss_cls: 7.7956e-04 Train_Loss_mse: 1.0078e-02
Epoch: [191][ 0/18]	Time  8.758 ( 8.758)	Loss_VinDrCXR_rad7 cls 2.3105e-04 (2.3105e-04)	Loss_VinDrCXR_rad7 mse 5.2416e-03 (5.2416e-03)
Epoch: [191] Train_Loss_cls: 1.8683e-03 Train_Loss_mse: 3.2972e-02
Epoch: [191][ 0/66]	Time  8.212 ( 8.212)	Loss_VinDrCXR_rad8 cls 6.5673e-01 (6.5673e-01)	Loss_VinDrCXR_rad8 mse 2.7725e-01 (2.7725e-01)
Epoch: [191][50/66]	Time  0.978 ( 1.142)	Loss_VinDrCXR_rad8 cls 1.7081e-01 (1.6205e-01)	Loss_VinDrCXR_rad8 mse 1.1541e+00 (4.6179e-01)
Epoch: [191] Train_Loss_cls: 1.5698e-01 Train_Loss_mse: 4.3557e-01
Epoch: [191][ 0/62]	Time  8.850 ( 8.850)	Loss_VinDrCXR_rad9 cls 2.1961e-01 (2.1961e-01)	Loss_VinDrCXR_rad9 mse 6.2051e-01 (6.2051e-01)
Epoch: [191][50/62]	Time  0.974 ( 1.194)	Loss_VinDrCXR_rad9 cls 2.1339e-01 (2.0239e-01)	Loss_VinDrCXR_rad9 mse 9.7055e-01 (4.9732e-01)
Epoch: [191] Train_Loss_cls: 2.0337e-01 Train_Loss_mse: 5.3726e-01
Epoch: [191][ 0/65]	Time  8.707 ( 8.707)	Loss_VinDrCXR_rad10 cls 1.8366e-01 (1.8366e-01)	Loss_VinDrCXR_rad10 mse 1.0105e-01 (1.0105e-01)
Epoch: [191][50/65]	Time  0.977 ( 1.206)	Loss_VinDrCXR_rad10 cls 1.5742e-01 (1.5817e-01)	Loss_VinDrCXR_rad10 mse 5.3993e-01 (4.9756e-01)
Epoch: [191] Train_Loss_cls: 1.5515e-01 Train_Loss_mse: 4.7833e-01
Epoch: [191][ 0/16]	Time  9.146 ( 9.146)	Loss_VinDrCXR_rad11 cls 9.3487e-02 (9.3487e-02)	Loss_VinDrCXR_rad11 mse 3.4995e-02 (3.4995e-02)
Epoch: [191] Train_Loss_cls: 4.8427e-02 Train_Loss_mse: 7.0085e-02
Epoch: [191][ 0/17]	Time  9.902 ( 9.902)	Loss_VinDrCXR_rad12 cls 5.7201e-02 (5.7201e-02)	Loss_VinDrCXR_rad12 mse 2.5608e-02 (2.5608e-02)
Epoch: [191] Train_Loss_cls: 3.5791e-02 Train_Loss_mse: 1.1999e-01
Epoch: [191][ 0/17]	Time  8.731 ( 8.731)	Loss_VinDrCXR_rad13 cls 4.7155e-02 (4.7155e-02)	Loss_VinDrCXR_rad13 mse 1.1156e-01 (1.1156e-01)
Epoch: [191] Train_Loss_cls: 4.6219e-02 Train_Loss_mse: 6.5987e-02
Epoch: [191][ 0/15]	Time  9.099 ( 9.099)	Loss_VinDrCXR_rad14 cls 5.3118e-02 (5.3118e-02)	Loss_VinDrCXR_rad14 mse 1.2936e-02 (1.2936e-02)
Epoch: [191] Train_Loss_cls: 5.1294e-02 Train_Loss_mse: 8.2216e-02
Epoch: [191][ 0/17]	Time  8.555 ( 8.555)	Loss_VinDrCXR_rad15 cls 7.4522e-02 (7.4522e-02)	Loss_VinDrCXR_rad15 mse 2.1016e-02 (2.1016e-02)
Epoch: [191] Train_Loss_cls: 4.4782e-02 Train_Loss_mse: 5.0422e-02
Epoch: [191][ 0/17]	Time  8.788 ( 8.788)	Loss_VinDrCXR_rad16 cls 3.5292e-02 (3.5292e-02)	Loss_VinDrCXR_rad16 mse 1.9531e-02 (1.9531e-02)
Epoch: [191] Train_Loss_cls: 3.6620e-02 Train_Loss_mse: 1.2976e-01
Epoch: [191][0/8]	Time  9.247 ( 9.247)	Loss_VinDrCXR_rad17 cls 2.5016e-02 (2.5016e-02)	Loss_VinDrCXR_rad17 mse 1.4403e-02 (1.4403e-02)
Epoch: [191] Train_Loss_cls: 3.3656e-02 Train_Loss_mse: 1.5990e-02
Val_VinDrCXR_rad1: [ 0/30]	Time  8.305 ( 8.305)	Loss 6.9556e-01 (6.9556e-01)
Epoch 0191: avg_val_loss 0.27968, saving model to ./Models/swin_base_Ark_Finetune_17Rad/Ark_PlusArk_Finetune_17Rad/Ark_Finetune_17Rad/Ark_PlusArk_Finetune_17Rad
Epoch: [192][ 0/20]	Time  8.271 ( 8.271)	Loss_VinDrCXR_rad1 cls 8.8618e-03 (8.8618e-03)	Loss_VinDrCXR_rad1 mse 8.2545e-03 (8.2545e-03)
Epoch: [192] Train_Loss_cls: 3.1508e-03 Train_Loss_mse: 1.6016e-02
Epoch: [192][ 0/32]	Time  8.927 ( 8.927)	Loss_VinDrCXR_rad2 cls 5.7058e-04 (5.7058e-04)	Loss_VinDrCXR_rad2 mse 6.2337e-03 (6.2337e-03)
Epoch: [192] Train_Loss_cls: 4.9376e-03 Train_Loss_mse: 6.6779e-03
Epoch: [192][ 0/23]	Time  9.644 ( 9.644)	Loss_VinDrCXR_rad3 cls 5.1810e-04 (5.1810e-04)	Loss_VinDrCXR_rad3 mse 5.2201e-03 (5.2201e-03)
Epoch: [192] Train_Loss_cls: 2.6954e-03 Train_Loss_mse: 6.3332e-03
Epoch: [192][ 0/16]	Time  8.540 ( 8.540)	Loss_VinDrCXR_rad4 cls 4.5955e-04 (4.5955e-04)	Loss_VinDrCXR_rad4 mse 3.8449e-03 (3.8449e-03)
Epoch: [192] Train_Loss_cls: 2.1771e-03 Train_Loss_mse: 4.8262e-03
Epoch: [192][ 0/28]	Time  8.999 ( 8.999)	Loss_VinDrCXR_rad5 cls 3.6440e-04 (3.6440e-04)	Loss_VinDrCXR_rad5 mse 5.8547e-03 (5.8547e-03)
Epoch: [192] Train_Loss_cls: 4.2947e-03 Train_Loss_mse: 5.2215e-03
Epoch: [192][ 0/21]	Time  8.446 ( 8.446)	Loss_VinDrCXR_rad6 cls 6.6426e-04 (6.6426e-04)	Loss_VinDrCXR_rad6 mse 4.3105e-03 (4.3105e-03)
Epoch: [192] Train_Loss_cls: 5.9755e-04 Train_Loss_mse: 8.4119e-03
Epoch: [192][ 0/18]	Time  8.531 ( 8.531)	Loss_VinDrCXR_rad7 cls 3.2912e-04 (3.2912e-04)	Loss_VinDrCXR_rad7 mse 6.1211e-03 (6.1211e-03)
Epoch: [192] Train_Loss_cls: 2.2870e-03 Train_Loss_mse: 8.5028e-03
Epoch: [192][ 0/66]	Time  8.773 ( 8.773)	Loss_VinDrCXR_rad8 cls 5.8300e-01 (5.8300e-01)	Loss_VinDrCXR_rad8 mse 8.8019e-01 (8.8019e-01)
Epoch: [192][50/66]	Time  0.977 ( 1.193)	Loss_VinDrCXR_rad8 cls 8.8636e-02 (1.6054e-01)	Loss_VinDrCXR_rad8 mse 5.6350e-01 (4.6382e-01)
Epoch: [192] Train_Loss_cls: 1.5442e-01 Train_Loss_mse: 4.6903e-01
Epoch: [192][ 0/62]	Time  8.528 ( 8.528)	Loss_VinDrCXR_rad9 cls 2.3534e-01 (2.3534e-01)	Loss_VinDrCXR_rad9 mse 4.7053e-01 (4.7053e-01)
Epoch: [192][50/62]	Time  0.979 ( 1.221)	Loss_VinDrCXR_rad9 cls 1.8791e-01 (1.9600e-01)	Loss_VinDrCXR_rad9 mse 7.4702e-02 (4.4655e-01)
Epoch: [192] Train_Loss_cls: 1.9716e-01 Train_Loss_mse: 4.6524e-01
Epoch: [192][ 0/65]	Time  8.432 ( 8.432)	Loss_VinDrCXR_rad10 cls 1.3233e-01 (1.3233e-01)	Loss_VinDrCXR_rad10 mse 9.2510e-02 (9.2510e-02)
Epoch: [192][50/65]	Time  0.975 ( 1.189)	Loss_VinDrCXR_rad10 cls 1.3580e-01 (1.5316e-01)	Loss_VinDrCXR_rad10 mse 1.1155e-01 (4.7721e-01)
Epoch: [192] Train_Loss_cls: 1.5162e-01 Train_Loss_mse: 4.4406e-01
Epoch: [192][ 0/16]	Time  8.328 ( 8.328)	Loss_VinDrCXR_rad11 cls 8.6909e-02 (8.6909e-02)	Loss_VinDrCXR_rad11 mse 1.3152e-02 (1.3152e-02)
Epoch: [192] Train_Loss_cls: 4.3657e-02 Train_Loss_mse: 5.0184e-02
Epoch: [192][ 0/17]	Time  8.330 ( 8.330)	Loss_VinDrCXR_rad12 cls 1.8489e-02 (1.8489e-02)	Loss_VinDrCXR_rad12 mse 4.6651e-01 (4.6651e-01)
Epoch: [192] Train_Loss_cls: 3.5934e-02 Train_Loss_mse: 1.0036e-01
Epoch: [192][ 0/17]	Time  9.231 ( 9.231)	Loss_VinDrCXR_rad13 cls 6.1809e-02 (6.1809e-02)	Loss_VinDrCXR_rad13 mse 2.0376e-01 (2.0376e-01)
Epoch: [192] Train_Loss_cls: 4.5101e-02 Train_Loss_mse: 3.7883e-02
Epoch: [192][ 0/15]	Time  8.324 ( 8.324)	Loss_VinDrCXR_rad14 cls 6.6682e-02 (6.6682e-02)	Loss_VinDrCXR_rad14 mse 1.7603e-02 (1.7603e-02)
Epoch: [192] Train_Loss_cls: 4.8288e-02 Train_Loss_mse: 2.1862e-02
Epoch: [192][ 0/17]	Time  8.796 ( 8.796)	Loss_VinDrCXR_rad15 cls 4.5331e-02 (4.5331e-02)	Loss_VinDrCXR_rad15 mse 2.2240e-02 (2.2240e-02)
Epoch: [192] Train_Loss_cls: 4.2053e-02 Train_Loss_mse: 5.4265e-02
Epoch: [192][ 0/17]	Time 10.695 (10.695)	Loss_VinDrCXR_rad16 cls 2.4407e-02 (2.4407e-02)	Loss_VinDrCXR_rad16 mse 2.2627e-02 (2.2627e-02)
Epoch: [192] Train_Loss_cls: 2.8739e-02 Train_Loss_mse: 3.0434e-02
Epoch: [192][0/8]	Time  8.570 ( 8.570)	Loss_VinDrCXR_rad17 cls 1.1523e-02 (1.1523e-02)	Loss_VinDrCXR_rad17 mse 9.3276e-03 (9.3276e-03)
Epoch: [192] Train_Loss_cls: 3.2581e-02 Train_Loss_mse: 1.6449e-02
Val_VinDrCXR_rad1: [ 0/30]	Time  7.372 ( 7.372)	Loss 7.0285e-01 (7.0285e-01)
Epoch 0192: avg_val_loss 0.28678, saving model to ./Models/swin_base_Ark_Finetune_17Rad/Ark_PlusArk_Finetune_17Rad/Ark_Finetune_17Rad/Ark_PlusArk_Finetune_17Rad
Epoch: [193][ 0/20]	Time  8.851 ( 8.851)	Loss_VinDrCXR_rad1 cls 1.5423e-02 (1.5423e-02)	Loss_VinDrCXR_rad1 mse 1.3550e-02 (1.3550e-02)
Epoch: [193] Train_Loss_cls: 3.3920e-03 Train_Loss_mse: 9.8818e-03
Epoch: [193][ 0/32]	Time  9.352 ( 9.352)	Loss_VinDrCXR_rad2 cls 6.8568e-04 (6.8568e-04)	Loss_VinDrCXR_rad2 mse 2.0920e-02 (2.0920e-02)
Epoch: [193] Train_Loss_cls: 4.9644e-03 Train_Loss_mse: 7.7263e-03
Epoch: [193][ 0/23]	Time  8.400 ( 8.400)	Loss_VinDrCXR_rad3 cls 6.9211e-04 (6.9211e-04)	Loss_VinDrCXR_rad3 mse 4.5468e-03 (4.5468e-03)
Epoch: [193] Train_Loss_cls: 3.1106e-03 Train_Loss_mse: 5.7228e-03
Epoch: [193][ 0/16]	Time  8.904 ( 8.904)	Loss_VinDrCXR_rad4 cls 6.5243e-04 (6.5243e-04)	Loss_VinDrCXR_rad4 mse 4.5838e-03 (4.5838e-03)
Epoch: [193] Train_Loss_cls: 2.2972e-03 Train_Loss_mse: 5.5589e-03
Epoch: [193][ 0/28]	Time  8.586 ( 8.586)	Loss_VinDrCXR_rad5 cls 2.5922e-02 (2.5922e-02)	Loss_VinDrCXR_rad5 mse 5.6579e-03 (5.6579e-03)
Epoch: [193] Train_Loss_cls: 3.8819e-03 Train_Loss_mse: 5.2766e-03
Epoch: [193][ 0/21]	Time  8.852 ( 8.852)	Loss_VinDrCXR_rad6 cls 6.7381e-04 (6.7381e-04)	Loss_VinDrCXR_rad6 mse 4.8728e-03 (4.8728e-03)
Epoch: [193] Train_Loss_cls: 5.6779e-04 Train_Loss_mse: 3.0366e-02
Epoch: [193][ 0/18]	Time  9.238 ( 9.238)	Loss_VinDrCXR_rad7 cls 3.0437e-04 (3.0437e-04)	Loss_VinDrCXR_rad7 mse 5.0469e-03 (5.0469e-03)
Epoch: [193] Train_Loss_cls: 2.1540e-03 Train_Loss_mse: 3.2074e-02
Epoch: [193][ 0/66]	Time  8.690 ( 8.690)	Loss_VinDrCXR_rad8 cls 4.8476e-01 (4.8476e-01)	Loss_VinDrCXR_rad8 mse 4.8314e-02 (4.8314e-02)
Epoch: [193][50/66]	Time  0.974 ( 1.175)	Loss_VinDrCXR_rad8 cls 1.4873e-01 (1.5948e-01)	Loss_VinDrCXR_rad8 mse 8.7980e-01 (4.6022e-01)
Epoch: [193] Train_Loss_cls: 1.5311e-01 Train_Loss_mse: 4.7915e-01
Epoch: [193][ 0/62]	Time  8.695 ( 8.695)	Loss_VinDrCXR_rad9 cls 2.5651e-01 (2.5651e-01)	Loss_VinDrCXR_rad9 mse 2.1292e+00 (2.1292e+00)
Epoch: [193][50/62]	Time  0.978 ( 1.163)	Loss_VinDrCXR_rad9 cls 1.6120e-01 (1.9752e-01)	Loss_VinDrCXR_rad9 mse 6.5371e-01 (4.4621e-01)
Epoch: [193] Train_Loss_cls: 1.9768e-01 Train_Loss_mse: 4.4608e-01
Epoch: [193][ 0/65]	Time  9.189 ( 9.189)	Loss_VinDrCXR_rad10 cls 1.4722e-01 (1.4722e-01)	Loss_VinDrCXR_rad10 mse 4.4810e-01 (4.4810e-01)
Epoch: [193][50/65]	Time  0.976 ( 1.201)	Loss_VinDrCXR_rad10 cls 1.5630e-01 (1.4468e-01)	Loss_VinDrCXR_rad10 mse 1.1403e+00 (4.0521e-01)
Epoch: [193] Train_Loss_cls: 1.4633e-01 Train_Loss_mse: 3.9843e-01
Epoch: [193][ 0/16]	Time  8.924 ( 8.924)	Loss_VinDrCXR_rad11 cls 1.0732e-01 (1.0732e-01)	Loss_VinDrCXR_rad11 mse 5.5429e-01 (5.5429e-01)
Epoch: [193] Train_Loss_cls: 5.0649e-02 Train_Loss_mse: 1.0446e-01
Epoch: [193][ 0/17]	Time  8.784 ( 8.784)	Loss_VinDrCXR_rad12 cls 4.4601e-02 (4.4601e-02)	Loss_VinDrCXR_rad12 mse 3.3266e-01 (3.3266e-01)
Epoch: [193] Train_Loss_cls: 3.7688e-02 Train_Loss_mse: 8.4251e-02
Epoch: [193][ 0/17]	Time  8.353 ( 8.353)	Loss_VinDrCXR_rad13 cls 2.5727e-02 (2.5727e-02)	Loss_VinDrCXR_rad13 mse 4.1692e-02 (4.1692e-02)
Epoch: [193] Train_Loss_cls: 4.3186e-02 Train_Loss_mse: 8.8713e-02
Epoch: [193][ 0/15]	Time  8.983 ( 8.983)	Loss_VinDrCXR_rad14 cls 6.2147e-02 (6.2147e-02)	Loss_VinDrCXR_rad14 mse 2.2431e-01 (2.2431e-01)
Epoch: [193] Train_Loss_cls: 5.1976e-02 Train_Loss_mse: 3.9211e-02
Epoch: [193][ 0/17]	Time  8.865 ( 8.865)	Loss_VinDrCXR_rad15 cls 2.3737e-02 (2.3737e-02)	Loss_VinDrCXR_rad15 mse 3.2015e-02 (3.2015e-02)
Epoch: [193] Train_Loss_cls: 4.2699e-02 Train_Loss_mse: 1.8770e-02
Epoch: [193][ 0/17]	Time  9.078 ( 9.078)	Loss_VinDrCXR_rad16 cls 2.6781e-02 (2.6781e-02)	Loss_VinDrCXR_rad16 mse 9.4026e-03 (9.4026e-03)
Epoch: [193] Train_Loss_cls: 2.8212e-02 Train_Loss_mse: 9.1548e-02
Epoch: [193][0/8]	Time  8.567 ( 8.567)	Loss_VinDrCXR_rad17 cls 1.8694e-02 (1.8694e-02)	Loss_VinDrCXR_rad17 mse 1.1097e-02 (1.1097e-02)
Epoch: [193] Train_Loss_cls: 3.2663e-02 Train_Loss_mse: 1.3213e-02
Val_VinDrCXR_rad1: [ 0/30]	Time  7.837 ( 7.837)	Loss 7.7265e-01 (7.7265e-01)
Epoch 0193: avg_val_loss 0.30622, saving model to ./Models/swin_base_Ark_Finetune_17Rad/Ark_PlusArk_Finetune_17Rad/Ark_Finetune_17Rad/Ark_PlusArk_Finetune_17Rad
Epoch: [194][ 0/20]	Time  8.424 ( 8.424)	Loss_VinDrCXR_rad1 cls 5.1964e-03 (5.1964e-03)	Loss_VinDrCXR_rad1 mse 8.1202e-03 (8.1202e-03)
Epoch: [194] Train_Loss_cls: 2.2035e-03 Train_Loss_mse: 6.3303e-03
Epoch: [194][ 0/32]	Time  8.833 ( 8.833)	Loss_VinDrCXR_rad2 cls 6.3692e-04 (6.3692e-04)	Loss_VinDrCXR_rad2 mse 6.5685e-03 (6.5685e-03)
Epoch: [194] Train_Loss_cls: 5.3881e-03 Train_Loss_mse: 7.3789e-03
Epoch: [194][ 0/23]	Time  8.806 ( 8.806)	Loss_VinDrCXR_rad3 cls 1.8749e-03 (1.8749e-03)	Loss_VinDrCXR_rad3 mse 4.4790e-03 (4.4790e-03)
Epoch: [194] Train_Loss_cls: 3.2326e-03 Train_Loss_mse: 5.6861e-03
Epoch: [194][ 0/16]	Time  8.933 ( 8.933)	Loss_VinDrCXR_rad4 cls 1.4792e-02 (1.4792e-02)	Loss_VinDrCXR_rad4 mse 5.5792e-03 (5.5792e-03)
Epoch: [194] Train_Loss_cls: 2.3333e-03 Train_Loss_mse: 4.6864e-03
Epoch: [194][ 0/28]	Time  8.191 ( 8.191)	Loss_VinDrCXR_rad5 cls 3.9171e-04 (3.9171e-04)	Loss_VinDrCXR_rad5 mse 4.1829e-03 (4.1829e-03)
Epoch: [194] Train_Loss_cls: 4.0375e-03 Train_Loss_mse: 5.6993e-03
Epoch: [194][ 0/21]	Time  8.622 ( 8.622)	Loss_VinDrCXR_rad6 cls 5.7366e-04 (5.7366e-04)	Loss_VinDrCXR_rad6 mse 6.3035e-03 (6.3035e-03)
Epoch: [194] Train_Loss_cls: 6.5111e-04 Train_Loss_mse: 5.3920e-03
Epoch: [194][ 0/18]	Time  8.299 ( 8.299)	Loss_VinDrCXR_rad7 cls 5.9409e-04 (5.9409e-04)	Loss_VinDrCXR_rad7 mse 4.2599e-03 (4.2599e-03)
Epoch: [194] Train_Loss_cls: 1.9283e-03 Train_Loss_mse: 6.0785e-02
Epoch: [194][ 0/66]	Time  9.379 ( 9.379)	Loss_VinDrCXR_rad8 cls 4.8541e-01 (4.8541e-01)	Loss_VinDrCXR_rad8 mse 1.1594e-01 (1.1594e-01)
Epoch: [194][50/66]	Time  0.975 ( 1.178)	Loss_VinDrCXR_rad8 cls 1.0598e-01 (1.4875e-01)	Loss_VinDrCXR_rad8 mse 5.6497e-01 (3.5104e-01)
Epoch: [194] Train_Loss_cls: 1.4384e-01 Train_Loss_mse: 3.4684e-01
Epoch: [194][ 0/62]	Time  8.841 ( 8.841)	Loss_VinDrCXR_rad9 cls 2.6188e-01 (2.6188e-01)	Loss_VinDrCXR_rad9 mse 9.2171e-01 (9.2171e-01)
Epoch: [194][50/62]	Time  0.977 ( 1.197)	Loss_VinDrCXR_rad9 cls 1.8684e-01 (1.9119e-01)	Loss_VinDrCXR_rad9 mse 9.5869e-02 (4.1714e-01)
Epoch: [194] Train_Loss_cls: 1.9127e-01 Train_Loss_mse: 3.8028e-01
Epoch: [194][ 0/65]	Time  8.809 ( 8.809)	Loss_VinDrCXR_rad10 cls 1.3828e-01 (1.3828e-01)	Loss_VinDrCXR_rad10 mse 6.6567e-02 (6.6567e-02)
Epoch: [194][50/65]	Time  0.977 ( 1.172)	Loss_VinDrCXR_rad10 cls 1.3717e-01 (1.4429e-01)	Loss_VinDrCXR_rad10 mse 5.6900e-02 (3.1618e-01)
Epoch: [194] Train_Loss_cls: 1.4488e-01 Train_Loss_mse: 3.0003e-01
Epoch: [194][ 0/16]	Time  8.672 ( 8.672)	Loss_VinDrCXR_rad11 cls 8.1772e-02 (8.1772e-02)	Loss_VinDrCXR_rad11 mse 2.1019e-02 (2.1019e-02)
Epoch: [194] Train_Loss_cls: 4.1555e-02 Train_Loss_mse: 4.5477e-02
Epoch: [194][ 0/17]	Time  8.900 ( 8.900)	Loss_VinDrCXR_rad12 cls 2.1355e-02 (2.1355e-02)	Loss_VinDrCXR_rad12 mse 2.1387e-02 (2.1387e-02)
Epoch: [194] Train_Loss_cls: 3.7737e-02 Train_Loss_mse: 9.3657e-02
Epoch: [194][ 0/17]	Time  8.439 ( 8.439)	Loss_VinDrCXR_rad13 cls 4.1179e-02 (4.1179e-02)	Loss_VinDrCXR_rad13 mse 1.3018e-02 (1.3018e-02)
Epoch: [194] Train_Loss_cls: 4.2345e-02 Train_Loss_mse: 3.1398e-02
Epoch: [194][ 0/15]	Time  8.841 ( 8.841)	Loss_VinDrCXR_rad14 cls 5.2764e-02 (5.2764e-02)	Loss_VinDrCXR_rad14 mse 4.6131e-02 (4.6131e-02)
Epoch: [194] Train_Loss_cls: 4.8024e-02 Train_Loss_mse: 3.2216e-02
Epoch: [194][ 0/17]	Time  9.768 ( 9.768)	Loss_VinDrCXR_rad15 cls 5.9013e-02 (5.9013e-02)	Loss_VinDrCXR_rad15 mse 5.8565e-02 (5.8565e-02)
Epoch: [194] Train_Loss_cls: 4.0407e-02 Train_Loss_mse: 5.3674e-02
Epoch: [194][ 0/17]	Time  9.389 ( 9.389)	Loss_VinDrCXR_rad16 cls 5.6851e-02 (5.6851e-02)	Loss_VinDrCXR_rad16 mse 2.4086e-02 (2.4086e-02)
Epoch: [194] Train_Loss_cls: 2.8139e-02 Train_Loss_mse: 3.4597e-02
Epoch: [194][0/8]	Time  8.488 ( 8.488)	Loss_VinDrCXR_rad17 cls 1.9049e-02 (1.9049e-02)	Loss_VinDrCXR_rad17 mse 8.4957e-03 (8.4957e-03)
Epoch: [194] Train_Loss_cls: 3.2897e-02 Train_Loss_mse: 1.5857e-02
Val_VinDrCXR_rad1: [ 0/30]	Time  8.711 ( 8.711)	Loss 8.1965e-01 (8.1965e-01)
Epoch 0194: avg_val_loss 0.31698, saving model to ./Models/swin_base_Ark_Finetune_17Rad/Ark_PlusArk_Finetune_17Rad/Ark_Finetune_17Rad/Ark_PlusArk_Finetune_17Rad
Epoch: [195][ 0/20]	Time  9.264 ( 9.264)	Loss_VinDrCXR_rad1 cls 4.6810e-03 (4.6810e-03)	Loss_VinDrCXR_rad1 mse 5.3604e-03 (5.3604e-03)
Epoch: [195] Train_Loss_cls: 2.5730e-03 Train_Loss_mse: 6.1624e-03
Epoch: [195][ 0/32]	Time  8.727 ( 8.727)	Loss_VinDrCXR_rad2 cls 5.7481e-04 (5.7481e-04)	Loss_VinDrCXR_rad2 mse 5.7894e-03 (5.7894e-03)
Epoch: [195] Train_Loss_cls: 4.0376e-03 Train_Loss_mse: 6.1119e-03
Epoch: [195][ 0/23]	Time  8.863 ( 8.863)	Loss_VinDrCXR_rad3 cls 7.7899e-04 (7.7899e-04)	Loss_VinDrCXR_rad3 mse 5.4395e-03 (5.4395e-03)
Epoch: [195] Train_Loss_cls: 2.7295e-03 Train_Loss_mse: 7.6543e-03
Epoch: [195][ 0/16]	Time  8.494 ( 8.494)	Loss_VinDrCXR_rad4 cls 4.3491e-04 (4.3491e-04)	Loss_VinDrCXR_rad4 mse 4.3049e-03 (4.3049e-03)
Epoch: [195] Train_Loss_cls: 2.2095e-03 Train_Loss_mse: 5.5416e-03
Epoch: [195][ 0/28]	Time  8.820 ( 8.820)	Loss_VinDrCXR_rad5 cls 2.9993e-04 (2.9993e-04)	Loss_VinDrCXR_rad5 mse 3.8434e-03 (3.8434e-03)
Epoch: [195] Train_Loss_cls: 3.6155e-03 Train_Loss_mse: 2.2407e-02
Epoch: [195][ 0/21]	Time  8.418 ( 8.418)	Loss_VinDrCXR_rad6 cls 4.7317e-04 (4.7317e-04)	Loss_VinDrCXR_rad6 mse 4.9916e-03 (4.9916e-03)
Epoch: [195] Train_Loss_cls: 9.6223e-04 Train_Loss_mse: 5.9452e-03
Epoch: [195][ 0/18]	Time  8.470 ( 8.470)	Loss_VinDrCXR_rad7 cls 2.4947e-04 (2.4947e-04)	Loss_VinDrCXR_rad7 mse 5.7390e-03 (5.7390e-03)
Epoch: [195] Train_Loss_cls: 2.3800e-03 Train_Loss_mse: 3.6586e-02
Epoch: [195][ 0/66]	Time  8.726 ( 8.726)	Loss_VinDrCXR_rad8 cls 6.3590e-01 (6.3590e-01)	Loss_VinDrCXR_rad8 mse 1.3139e-01 (1.3139e-01)
Epoch: [195][50/66]	Time  0.977 ( 1.189)	Loss_VinDrCXR_rad8 cls 1.4218e-01 (1.4863e-01)	Loss_VinDrCXR_rad8 mse 9.0881e-02 (2.9501e-01)
Epoch: [195] Train_Loss_cls: 1.4739e-01 Train_Loss_mse: 3.0864e-01
Epoch: [195][ 0/62]	Time  8.847 ( 8.847)	Loss_VinDrCXR_rad9 cls 2.1325e-01 (2.1325e-01)	Loss_VinDrCXR_rad9 mse 8.5051e-01 (8.5051e-01)
Epoch: [195][50/62]	Time  0.975 ( 1.163)	Loss_VinDrCXR_rad9 cls 1.8148e-01 (1.8570e-01)	Loss_VinDrCXR_rad9 mse 1.1041e-01 (3.9857e-01)
Epoch: [195] Train_Loss_cls: 1.8647e-01 Train_Loss_mse: 4.0734e-01
Epoch: [195][ 0/65]	Time  8.650 ( 8.650)	Loss_VinDrCXR_rad10 cls 1.3813e-01 (1.3813e-01)	Loss_VinDrCXR_rad10 mse 6.8087e-01 (6.8087e-01)
Epoch: [195][50/65]	Time  1.409 ( 1.158)	Loss_VinDrCXR_rad10 cls 1.5899e-01 (1.5094e-01)	Loss_VinDrCXR_rad10 mse 1.1694e-01 (4.9282e-01)
Epoch: [195] Train_Loss_cls: 1.5181e-01 Train_Loss_mse: 4.9821e-01
Epoch: [195][ 0/16]	Time  9.152 ( 9.152)	Loss_VinDrCXR_rad11 cls 9.2674e-02 (9.2674e-02)	Loss_VinDrCXR_rad11 mse 2.6289e-02 (2.6289e-02)
Epoch: [195] Train_Loss_cls: 4.2868e-02 Train_Loss_mse: 1.0731e-01
Epoch: [195][ 0/17]	Time  8.573 ( 8.573)	Loss_VinDrCXR_rad12 cls 2.3508e-02 (2.3508e-02)	Loss_VinDrCXR_rad12 mse 2.1366e-02 (2.1366e-02)
Epoch: [195] Train_Loss_cls: 3.4116e-02 Train_Loss_mse: 3.8175e-02
Epoch: [195][ 0/17]	Time  8.597 ( 8.597)	Loss_VinDrCXR_rad13 cls 4.2207e-02 (4.2207e-02)	Loss_VinDrCXR_rad13 mse 2.0298e-02 (2.0298e-02)
Epoch: [195] Train_Loss_cls: 3.4951e-02 Train_Loss_mse: 4.8963e-02
Epoch: [195][ 0/15]	Time  8.271 ( 8.271)	Loss_VinDrCXR_rad14 cls 3.3924e-02 (3.3924e-02)	Loss_VinDrCXR_rad14 mse 1.3146e-02 (1.3146e-02)
Epoch: [195] Train_Loss_cls: 4.7946e-02 Train_Loss_mse: 1.2286e-01
Epoch: [195][ 0/17]	Time  9.242 ( 9.242)	Loss_VinDrCXR_rad15 cls 3.7780e-02 (3.7780e-02)	Loss_VinDrCXR_rad15 mse 1.9414e-02 (1.9414e-02)
Epoch: [195] Train_Loss_cls: 3.9479e-02 Train_Loss_mse: 3.0865e-02
Epoch: [195][ 0/17]	Time  8.618 ( 8.618)	Loss_VinDrCXR_rad16 cls 2.4433e-02 (2.4433e-02)	Loss_VinDrCXR_rad16 mse 2.4634e-02 (2.4634e-02)
Epoch: [195] Train_Loss_cls: 2.9912e-02 Train_Loss_mse: 6.4693e-02
Epoch: [195][0/8]	Time  9.102 ( 9.102)	Loss_VinDrCXR_rad17 cls 6.5753e-02 (6.5753e-02)	Loss_VinDrCXR_rad17 mse 3.4369e-02 (3.4369e-02)
Epoch: [195] Train_Loss_cls: 3.5894e-02 Train_Loss_mse: 1.5271e-02
Val_VinDrCXR_rad1: [ 0/30]	Time  7.654 ( 7.654)	Loss 8.2743e-01 (8.2743e-01)
Epoch 0195: avg_val_loss 0.31995, saving model to ./Models/swin_base_Ark_Finetune_17Rad/Ark_PlusArk_Finetune_17Rad/Ark_Finetune_17Rad/Ark_PlusArk_Finetune_17Rad
Epoch: [196][ 0/20]	Time  8.586 ( 8.586)	Loss_VinDrCXR_rad1 cls 4.6750e-03 (4.6750e-03)	Loss_VinDrCXR_rad1 mse 4.1800e-03 (4.1800e-03)
Epoch: [196] Train_Loss_cls: 2.7396e-03 Train_Loss_mse: 3.2942e-02
Epoch: [196][ 0/32]	Time  9.008 ( 9.008)	Loss_VinDrCXR_rad2 cls 6.0511e-04 (6.0511e-04)	Loss_VinDrCXR_rad2 mse 5.9558e-03 (5.9558e-03)
Epoch: [196] Train_Loss_cls: 4.0211e-03 Train_Loss_mse: 6.8597e-03
Epoch: [196][ 0/23]	Time  9.034 ( 9.034)	Loss_VinDrCXR_rad3 cls 6.5360e-04 (6.5360e-04)	Loss_VinDrCXR_rad3 mse 4.2293e-03 (4.2293e-03)
Epoch: [196] Train_Loss_cls: 2.8388e-03 Train_Loss_mse: 6.8978e-03
Epoch: [196][ 0/16]	Time  8.773 ( 8.773)	Loss_VinDrCXR_rad4 cls 5.2736e-04 (5.2736e-04)	Loss_VinDrCXR_rad4 mse 4.9773e-03 (4.9773e-03)
Epoch: [196] Train_Loss_cls: 2.2296e-03 Train_Loss_mse: 5.6203e-03
Epoch: [196][ 0/28]	Time  8.257 ( 8.257)	Loss_VinDrCXR_rad5 cls 3.5740e-04 (3.5740e-04)	Loss_VinDrCXR_rad5 mse 3.5221e-03 (3.5221e-03)
Epoch: [196] Train_Loss_cls: 3.8429e-03 Train_Loss_mse: 2.3534e-02
Epoch: [196][ 0/21]	Time  9.677 ( 9.677)	Loss_VinDrCXR_rad6 cls 9.7015e-04 (9.7015e-04)	Loss_VinDrCXR_rad6 mse 6.1290e-03 (6.1290e-03)
Epoch: [196] Train_Loss_cls: 4.4366e-04 Train_Loss_mse: 8.1965e-03
Epoch: [196][ 0/18]	Time  8.839 ( 8.839)	Loss_VinDrCXR_rad7 cls 2.3835e-04 (2.3835e-04)	Loss_VinDrCXR_rad7 mse 3.8321e-03 (3.8321e-03)
Epoch: [196] Train_Loss_cls: 1.9999e-03 Train_Loss_mse: 3.7218e-02
Epoch: [196][ 0/66]	Time  8.867 ( 8.867)	Loss_VinDrCXR_rad8 cls 6.4563e-01 (6.4563e-01)	Loss_VinDrCXR_rad8 mse 1.1389e-01 (1.1389e-01)
Epoch: [196][50/66]	Time  0.975 ( 1.183)	Loss_VinDrCXR_rad8 cls 1.4112e-01 (1.5736e-01)	Loss_VinDrCXR_rad8 mse 8.8078e-02 (4.2660e-01)
Epoch: [196] Train_Loss_cls: 1.5426e-01 Train_Loss_mse: 4.2173e-01
Epoch: [196][ 0/62]	Time  9.113 ( 9.113)	Loss_VinDrCXR_rad9 cls 1.5115e-01 (1.5115e-01)	Loss_VinDrCXR_rad9 mse 6.2315e-02 (6.2315e-02)
Epoch: [196][50/62]	Time  0.975 ( 1.188)	Loss_VinDrCXR_rad9 cls 2.0342e-01 (2.0440e-01)	Loss_VinDrCXR_rad9 mse 5.1671e-01 (5.4719e-01)
Epoch: [196] Train_Loss_cls: 2.0374e-01 Train_Loss_mse: 5.3275e-01
Epoch: [196][ 0/65]	Time  8.757 ( 8.757)	Loss_VinDrCXR_rad10 cls 2.4554e-01 (2.4554e-01)	Loss_VinDrCXR_rad10 mse 2.9906e-01 (2.9906e-01)
Epoch: [196][50/65]	Time  0.978 ( 1.161)	Loss_VinDrCXR_rad10 cls 1.3086e-01 (1.6527e-01)	Loss_VinDrCXR_rad10 mse 6.8808e-02 (6.0484e-01)
Epoch: [196] Train_Loss_cls: 1.6197e-01 Train_Loss_mse: 5.8661e-01
Epoch: [196][ 0/16]	Time  8.501 ( 8.501)	Loss_VinDrCXR_rad11 cls 9.9808e-02 (9.9808e-02)	Loss_VinDrCXR_rad11 mse 3.8059e-02 (3.8059e-02)
Epoch: [196] Train_Loss_cls: 5.0552e-02 Train_Loss_mse: 6.7839e-02
Epoch: [196][ 0/17]	Time  8.911 ( 8.911)	Loss_VinDrCXR_rad12 cls 1.3473e-02 (1.3473e-02)	Loss_VinDrCXR_rad12 mse 1.5437e-02 (1.5437e-02)
Epoch: [196] Train_Loss_cls: 3.7490e-02 Train_Loss_mse: 3.3746e-02
Epoch: [196][ 0/17]	Time  8.634 ( 8.634)	Loss_VinDrCXR_rad13 cls 6.8919e-02 (6.8919e-02)	Loss_VinDrCXR_rad13 mse 3.4778e-01 (3.4778e-01)
Epoch: [196] Train_Loss_cls: 4.8465e-02 Train_Loss_mse: 5.2129e-02
Epoch: [196][ 0/15]	Time 11.177 (11.177)	Loss_VinDrCXR_rad14 cls 8.7437e-02 (8.7437e-02)	Loss_VinDrCXR_rad14 mse 2.2617e-02 (2.2617e-02)
Epoch: [196] Train_Loss_cls: 5.4179e-02 Train_Loss_mse: 6.7825e-02
Epoch: [196][ 0/17]	Time  8.740 ( 8.740)	Loss_VinDrCXR_rad15 cls 3.1874e-02 (3.1874e-02)	Loss_VinDrCXR_rad15 mse 1.0012e-02 (1.0012e-02)
Epoch: [196] Train_Loss_cls: 4.5282e-02 Train_Loss_mse: 3.3201e-02
Epoch: [196][ 0/17]	Time  8.235 ( 8.235)	Loss_VinDrCXR_rad16 cls 2.7789e-02 (2.7789e-02)	Loss_VinDrCXR_rad16 mse 2.2998e-02 (2.2998e-02)
Epoch: [196] Train_Loss_cls: 2.6892e-02 Train_Loss_mse: 2.9707e-02
Epoch: [196][0/8]	Time  8.942 ( 8.942)	Loss_VinDrCXR_rad17 cls 2.4558e-02 (2.4558e-02)	Loss_VinDrCXR_rad17 mse 1.2998e-02 (1.2998e-02)
Epoch: [196] Train_Loss_cls: 3.2855e-02 Train_Loss_mse: 2.0977e-02
Val_VinDrCXR_rad1: [ 0/30]	Time  7.114 ( 7.114)	Loss 7.8195e-01 (7.8195e-01)
Epoch 0196: avg_val_loss 0.30086, saving model to ./Models/swin_base_Ark_Finetune_17Rad/Ark_PlusArk_Finetune_17Rad/Ark_Finetune_17Rad/Ark_PlusArk_Finetune_17Rad
Epoch: [197][ 0/20]	Time  9.541 ( 9.541)	Loss_VinDrCXR_rad1 cls 7.7813e-03 (7.7813e-03)	Loss_VinDrCXR_rad1 mse 2.3438e-02 (2.3438e-02)
Epoch: [197] Train_Loss_cls: 2.0508e-03 Train_Loss_mse: 7.6007e-03
Epoch: [197][ 0/32]	Time 10.263 (10.263)	Loss_VinDrCXR_rad2 cls 5.6288e-04 (5.6288e-04)	Loss_VinDrCXR_rad2 mse 4.8446e-03 (4.8446e-03)
Epoch: [197] Train_Loss_cls: 4.5781e-03 Train_Loss_mse: 7.9594e-03
Epoch: [197][ 0/23]	Time  8.800 ( 8.800)	Loss_VinDrCXR_rad3 cls 1.0049e-03 (1.0049e-03)	Loss_VinDrCXR_rad3 mse 5.4332e-03 (5.4332e-03)
Epoch: [197] Train_Loss_cls: 2.8083e-03 Train_Loss_mse: 2.7361e-02
Epoch: [197][ 0/16]	Time  9.419 ( 9.419)	Loss_VinDrCXR_rad4 cls 3.5467e-04 (3.5467e-04)	Loss_VinDrCXR_rad4 mse 2.2334e-02 (2.2334e-02)
Epoch: [197] Train_Loss_cls: 2.1658e-03 Train_Loss_mse: 6.2228e-03
Epoch: [197][ 0/28]	Time  8.351 ( 8.351)	Loss_VinDrCXR_rad5 cls 4.1745e-04 (4.1745e-04)	Loss_VinDrCXR_rad5 mse 4.7244e-03 (4.7244e-03)
Epoch: [197] Train_Loss_cls: 4.0595e-03 Train_Loss_mse: 2.3590e-02
Epoch: [197][ 0/21]	Time  8.664 ( 8.664)	Loss_VinDrCXR_rad6 cls 8.0667e-04 (8.0667e-04)	Loss_VinDrCXR_rad6 mse 6.9834e-03 (6.9834e-03)
Epoch: [197] Train_Loss_cls: 6.6954e-04 Train_Loss_mse: 5.8119e-03
Epoch: [197][ 0/18]	Time  9.522 ( 9.522)	Loss_VinDrCXR_rad7 cls 2.4474e-04 (2.4474e-04)	Loss_VinDrCXR_rad7 mse 4.5959e-03 (4.5959e-03)
Epoch: [197] Train_Loss_cls: 2.0178e-03 Train_Loss_mse: 1.6305e-02
Epoch: [197][ 0/66]	Time  9.092 ( 9.092)	Loss_VinDrCXR_rad8 cls 5.4994e-01 (5.4994e-01)	Loss_VinDrCXR_rad8 mse 1.1377e-01 (1.1377e-01)
Epoch: [197][50/66]	Time  1.211 ( 1.163)	Loss_VinDrCXR_rad8 cls 1.3847e-01 (1.5018e-01)	Loss_VinDrCXR_rad8 mse 9.7964e-02 (3.8499e-01)
Epoch: [197] Train_Loss_cls: 1.4621e-01 Train_Loss_mse: 3.7330e-01
Epoch: [197][ 0/62]	Time  8.979 ( 8.979)	Loss_VinDrCXR_rad9 cls 1.8973e-01 (1.8973e-01)	Loss_VinDrCXR_rad9 mse 3.9013e-01 (3.9013e-01)
Epoch: [197][50/62]	Time  0.976 ( 1.178)	Loss_VinDrCXR_rad9 cls 2.1016e-01 (1.9441e-01)	Loss_VinDrCXR_rad9 mse 8.8383e-01 (3.8921e-01)
Epoch: [197] Train_Loss_cls: 1.9774e-01 Train_Loss_mse: 4.2728e-01
Epoch: [197][ 0/65]	Time  9.019 ( 9.019)	Loss_VinDrCXR_rad10 cls 1.6099e-01 (1.6099e-01)	Loss_VinDrCXR_rad10 mse 7.5288e-01 (7.5288e-01)
Epoch: [197][50/65]	Time  0.979 ( 1.160)	Loss_VinDrCXR_rad10 cls 1.2577e-01 (1.4909e-01)	Loss_VinDrCXR_rad10 mse 4.8002e-01 (3.9430e-01)
Epoch: [197] Train_Loss_cls: 1.4998e-01 Train_Loss_mse: 3.9037e-01
Epoch: [197][ 0/16]	Time  8.966 ( 8.966)	Loss_VinDrCXR_rad11 cls 1.0329e-01 (1.0329e-01)	Loss_VinDrCXR_rad11 mse 1.5966e-02 (1.5966e-02)
Epoch: [197] Train_Loss_cls: 4.6559e-02 Train_Loss_mse: 7.1618e-02
Epoch: [197][ 0/17]	Time  8.527 ( 8.527)	Loss_VinDrCXR_rad12 cls 2.9197e-02 (2.9197e-02)	Loss_VinDrCXR_rad12 mse 1.9170e-02 (1.9170e-02)
Epoch: [197] Train_Loss_cls: 3.6797e-02 Train_Loss_mse: 2.7738e-02
Epoch: [197][ 0/17]	Time  9.056 ( 9.056)	Loss_VinDrCXR_rad13 cls 8.2480e-02 (8.2480e-02)	Loss_VinDrCXR_rad13 mse 1.5671e-02 (1.5671e-02)
Epoch: [197] Train_Loss_cls: 4.2802e-02 Train_Loss_mse: 9.0959e-02
Epoch: [197][ 0/15]	Time  8.667 ( 8.667)	Loss_VinDrCXR_rad14 cls 6.4858e-02 (6.4858e-02)	Loss_VinDrCXR_rad14 mse 6.0797e-02 (6.0797e-02)
Epoch: [197] Train_Loss_cls: 4.9057e-02 Train_Loss_mse: 7.1925e-02
Epoch: [197][ 0/17]	Time  8.410 ( 8.410)	Loss_VinDrCXR_rad15 cls 4.9639e-02 (4.9639e-02)	Loss_VinDrCXR_rad15 mse 3.1883e-01 (3.1883e-01)
Epoch: [197] Train_Loss_cls: 4.4775e-02 Train_Loss_mse: 4.5463e-02
Epoch: [197][ 0/17]	Time  8.982 ( 8.982)	Loss_VinDrCXR_rad16 cls 4.6034e-02 (4.6034e-02)	Loss_VinDrCXR_rad16 mse 3.9229e-02 (3.9229e-02)
Epoch: [197] Train_Loss_cls: 2.9720e-02 Train_Loss_mse: 1.5515e-01
Epoch: [197][0/8]	Time  9.508 ( 9.508)	Loss_VinDrCXR_rad17 cls 5.1548e-02 (5.1548e-02)	Loss_VinDrCXR_rad17 mse 2.0506e-01 (2.0506e-01)
Epoch: [197] Train_Loss_cls: 3.8997e-02 Train_Loss_mse: 5.1102e-02
Val_VinDrCXR_rad1: [ 0/30]	Time  7.244 ( 7.244)	Loss 8.7559e-01 (8.7559e-01)
Epoch 0197: avg_val_loss 0.33028, saving model to ./Models/swin_base_Ark_Finetune_17Rad/Ark_PlusArk_Finetune_17Rad/Ark_Finetune_17Rad/Ark_PlusArk_Finetune_17Rad
Epoch: [198][ 0/20]	Time  9.313 ( 9.313)	Loss_VinDrCXR_rad1 cls 6.6930e-03 (6.6930e-03)	Loss_VinDrCXR_rad1 mse 8.3610e-03 (8.3610e-03)
Epoch: [198] Train_Loss_cls: 2.2863e-03 Train_Loss_mse: 8.6701e-03
Epoch: [198][ 0/32]	Time  8.696 ( 8.696)	Loss_VinDrCXR_rad2 cls 6.8751e-03 (6.8751e-03)	Loss_VinDrCXR_rad2 mse 6.7113e-03 (6.7113e-03)
Epoch: [198] Train_Loss_cls: 4.8003e-03 Train_Loss_mse: 6.9033e-03
Epoch: [198][ 0/23]	Time  8.726 ( 8.726)	Loss_VinDrCXR_rad3 cls 7.3854e-04 (7.3854e-04)	Loss_VinDrCXR_rad3 mse 5.0766e-03 (5.0766e-03)
Epoch: [198] Train_Loss_cls: 3.2489e-03 Train_Loss_mse: 6.8760e-03
Epoch: [198][ 0/16]	Time  9.311 ( 9.311)	Loss_VinDrCXR_rad4 cls 4.8384e-04 (4.8384e-04)	Loss_VinDrCXR_rad4 mse 4.9185e-03 (4.9185e-03)
Epoch: [198] Train_Loss_cls: 2.2117e-03 Train_Loss_mse: 5.2777e-03
Epoch: [198][ 0/28]	Time  9.184 ( 9.184)	Loss_VinDrCXR_rad5 cls 5.3740e-04 (5.3740e-04)	Loss_VinDrCXR_rad5 mse 5.5540e-03 (5.5540e-03)
Epoch: [198] Train_Loss_cls: 3.6037e-03 Train_Loss_mse: 1.1102e-02
Epoch: [198][ 0/21]	Time  8.807 ( 8.807)	Loss_VinDrCXR_rad6 cls 3.7538e-04 (3.7538e-04)	Loss_VinDrCXR_rad6 mse 7.1240e-03 (7.1240e-03)
Epoch: [198] Train_Loss_cls: 8.3228e-04 Train_Loss_mse: 5.0886e-03
Epoch: [198][ 0/18]	Time  8.522 ( 8.522)	Loss_VinDrCXR_rad7 cls 2.4607e-04 (2.4607e-04)	Loss_VinDrCXR_rad7 mse 5.7402e-01 (5.7402e-01)
Epoch: [198] Train_Loss_cls: 2.5307e-03 Train_Loss_mse: 4.0161e-02
Epoch: [198][ 0/66]	Time  8.860 ( 8.860)	Loss_VinDrCXR_rad8 cls 4.7547e-01 (4.7547e-01)	Loss_VinDrCXR_rad8 mse 5.2287e-01 (5.2287e-01)
Epoch: [198][50/66]	Time  0.976 ( 1.170)	Loss_VinDrCXR_rad8 cls 1.5300e-01 (1.4971e-01)	Loss_VinDrCXR_rad8 mse 4.9858e-02 (3.8445e-01)
Epoch: [198] Train_Loss_cls: 1.4731e-01 Train_Loss_mse: 3.7865e-01
Epoch: [198][ 0/62]	Time  8.699 ( 8.699)	Loss_VinDrCXR_rad9 cls 2.1318e-01 (2.1318e-01)	Loss_VinDrCXR_rad9 mse 7.2554e-02 (7.2554e-02)
Epoch: [198][50/62]	Time  0.977 ( 1.188)	Loss_VinDrCXR_rad9 cls 1.8067e-01 (1.9095e-01)	Loss_VinDrCXR_rad9 mse 1.4645e+00 (4.2299e-01)
Epoch: [198] Train_Loss_cls: 1.9045e-01 Train_Loss_mse: 4.1036e-01
Epoch: [198][ 0/65]	Time  8.970 ( 8.970)	Loss_VinDrCXR_rad10 cls 1.7749e-01 (1.7749e-01)	Loss_VinDrCXR_rad10 mse 7.6329e-02 (7.6329e-02)
Epoch: [198][50/65]	Time  0.975 ( 1.209)	Loss_VinDrCXR_rad10 cls 1.9477e-01 (1.6134e-01)	Loss_VinDrCXR_rad10 mse 1.0838e+00 (5.1198e-01)
Epoch: [198] Train_Loss_cls: 1.5931e-01 Train_Loss_mse: 5.2520e-01
Epoch: [198][ 0/16]	Time  9.556 ( 9.556)	Loss_VinDrCXR_rad11 cls 9.5133e-02 (9.5133e-02)	Loss_VinDrCXR_rad11 mse 3.1914e-02 (3.1914e-02)
Epoch: [198] Train_Loss_cls: 4.4173e-02 Train_Loss_mse: 6.4522e-02
Epoch: [198][ 0/17]	Time  8.912 ( 8.912)	Loss_VinDrCXR_rad12 cls 5.3604e-02 (5.3604e-02)	Loss_VinDrCXR_rad12 mse 2.8938e-02 (2.8938e-02)
Epoch: [198] Train_Loss_cls: 3.8377e-02 Train_Loss_mse: 8.9395e-02
Epoch: [198][ 0/17]	Time  8.609 ( 8.609)	Loss_VinDrCXR_rad13 cls 5.2714e-02 (5.2714e-02)	Loss_VinDrCXR_rad13 mse 2.1590e-01 (2.1590e-01)
Epoch: [198] Train_Loss_cls: 4.6498e-02 Train_Loss_mse: 6.4621e-02
Epoch: [198][ 0/15]	Time  8.876 ( 8.876)	Loss_VinDrCXR_rad14 cls 3.6953e-02 (3.6953e-02)	Loss_VinDrCXR_rad14 mse 1.0857e-02 (1.0857e-02)
Epoch: [198] Train_Loss_cls: 4.5306e-02 Train_Loss_mse: 3.1013e-02
Epoch: [198][ 0/17]	Time  8.789 ( 8.789)	Loss_VinDrCXR_rad15 cls 3.3718e-02 (3.3718e-02)	Loss_VinDrCXR_rad15 mse 5.0633e-01 (5.0633e-01)
Epoch: [198] Train_Loss_cls: 4.4772e-02 Train_Loss_mse: 5.7216e-02
Epoch: [198][ 0/17]	Time  9.138 ( 9.138)	Loss_VinDrCXR_rad16 cls 4.3611e-02 (4.3611e-02)	Loss_VinDrCXR_rad16 mse 9.3052e-03 (9.3052e-03)
Epoch: [198] Train_Loss_cls: 2.9862e-02 Train_Loss_mse: 2.5490e-02
Epoch: [198][0/8]	Time  8.682 ( 8.682)	Loss_VinDrCXR_rad17 cls 2.9198e-02 (2.9198e-02)	Loss_VinDrCXR_rad17 mse 2.5810e-02 (2.5810e-02)
Epoch: [198] Train_Loss_cls: 3.8400e-02 Train_Loss_mse: 2.1748e-02
Val_VinDrCXR_rad1: [ 0/30]	Time  7.852 ( 7.852)	Loss 8.5846e-01 (8.5846e-01)
Epoch 0198: avg_val_loss 0.33088, saving model to ./Models/swin_base_Ark_Finetune_17Rad/Ark_PlusArk_Finetune_17Rad/Ark_Finetune_17Rad/Ark_PlusArk_Finetune_17Rad
Epoch: [199][ 0/20]	Time 11.076 (11.076)	Loss_VinDrCXR_rad1 cls 8.0634e-03 (8.0634e-03)	Loss_VinDrCXR_rad1 mse 8.0562e-03 (8.0562e-03)
Epoch: [199] Train_Loss_cls: 2.2756e-03 Train_Loss_mse: 6.3655e-03
Epoch: [199][ 0/32]	Time 10.687 (10.687)	Loss_VinDrCXR_rad2 cls 1.0853e-02 (1.0853e-02)	Loss_VinDrCXR_rad2 mse 6.1137e-03 (6.1137e-03)
Epoch: [199] Train_Loss_cls: 4.6670e-03 Train_Loss_mse: 6.1940e-03
Epoch: [199][ 0/23]	Time  8.546 ( 8.546)	Loss_VinDrCXR_rad3 cls 5.7185e-04 (5.7185e-04)	Loss_VinDrCXR_rad3 mse 5.4391e-03 (5.4391e-03)
Epoch: [199] Train_Loss_cls: 2.6779e-03 Train_Loss_mse: 2.0266e-02
Epoch: [199][ 0/16]	Time  8.428 ( 8.428)	Loss_VinDrCXR_rad4 cls 3.8786e-04 (3.8786e-04)	Loss_VinDrCXR_rad4 mse 4.9584e-03 (4.9584e-03)
Epoch: [199] Train_Loss_cls: 2.1101e-03 Train_Loss_mse: 6.7926e-03
Epoch: [199][ 0/28]	Time  8.235 ( 8.235)	Loss_VinDrCXR_rad5 cls 3.0614e-04 (3.0614e-04)	Loss_VinDrCXR_rad5 mse 4.1908e-03 (4.1908e-03)
Epoch: [199] Train_Loss_cls: 4.3848e-03 Train_Loss_mse: 5.9993e-03
Epoch: [199][ 0/21]	Time  9.159 ( 9.159)	Loss_VinDrCXR_rad6 cls 1.5132e-03 (1.5132e-03)	Loss_VinDrCXR_rad6 mse 8.9471e-03 (8.9471e-03)
Epoch: [199] Train_Loss_cls: 6.4406e-04 Train_Loss_mse: 6.3020e-03
Epoch: [199][ 0/18]	Time  9.153 ( 9.153)	Loss_VinDrCXR_rad7 cls 2.0676e-04 (2.0676e-04)	Loss_VinDrCXR_rad7 mse 5.2346e-03 (5.2346e-03)
Epoch: [199] Train_Loss_cls: 2.2257e-03 Train_Loss_mse: 6.8330e-03
Epoch: [199][ 0/66]	Time  8.880 ( 8.880)	Loss_VinDrCXR_rad8 cls 5.1465e-01 (5.1465e-01)	Loss_VinDrCXR_rad8 mse 1.5831e-01 (1.5831e-01)
Epoch: [199][50/66]	Time  0.975 ( 1.155)	Loss_VinDrCXR_rad8 cls 1.1446e-01 (1.5146e-01)	Loss_VinDrCXR_rad8 mse 3.5983e-01 (4.1672e-01)
Epoch: [199] Train_Loss_cls: 1.4823e-01 Train_Loss_mse: 4.2212e-01
Epoch: [199][ 0/62]	Time  9.637 ( 9.637)	Loss_VinDrCXR_rad9 cls 2.2861e-01 (2.2861e-01)	Loss_VinDrCXR_rad9 mse 6.9710e-01 (6.9710e-01)
Epoch: [199][50/62]	Time  0.976 ( 1.187)	Loss_VinDrCXR_rad9 cls 2.0702e-01 (1.8558e-01)	Loss_VinDrCXR_rad9 mse 8.5706e-01 (3.6853e-01)
Epoch: [199] Train_Loss_cls: 1.8979e-01 Train_Loss_mse: 3.9081e-01
Epoch: [199][ 0/65]	Time  9.975 ( 9.975)	Loss_VinDrCXR_rad10 cls 1.6954e-01 (1.6954e-01)	Loss_VinDrCXR_rad10 mse 7.7984e-02 (7.7984e-02)
Epoch: [199][50/65]	Time  0.975 ( 1.188)	Loss_VinDrCXR_rad10 cls 1.6622e-01 (1.5221e-01)	Loss_VinDrCXR_rad10 mse 9.0174e-01 (4.4076e-01)
Epoch: [199] Train_Loss_cls: 1.5221e-01 Train_Loss_mse: 4.1971e-01
Epoch: [199][ 0/16]	Time  8.699 ( 8.699)	Loss_VinDrCXR_rad11 cls 9.7969e-02 (9.7969e-02)	Loss_VinDrCXR_rad11 mse 3.3248e-02 (3.3248e-02)
Epoch: [199] Train_Loss_cls: 4.4894e-02 Train_Loss_mse: 8.1548e-02
Epoch: [199][ 0/17]	Time  9.161 ( 9.161)	Loss_VinDrCXR_rad12 cls 4.6028e-02 (4.6028e-02)	Loss_VinDrCXR_rad12 mse 2.1971e-02 (2.1971e-02)
Epoch: [199] Train_Loss_cls: 4.1106e-02 Train_Loss_mse: 1.0151e-01
Epoch: [199][ 0/17]	Time  9.267 ( 9.267)	Loss_VinDrCXR_rad13 cls 2.6859e-02 (2.6859e-02)	Loss_VinDrCXR_rad13 mse 6.8759e-03 (6.8759e-03)
Epoch: [199] Train_Loss_cls: 5.5081e-02 Train_Loss_mse: 3.4928e-02
Epoch: [199][ 0/15]	Time 11.216 (11.216)	Loss_VinDrCXR_rad14 cls 4.7842e-02 (4.7842e-02)	Loss_VinDrCXR_rad14 mse 1.2438e-02 (1.2438e-02)
Epoch: [199] Train_Loss_cls: 5.3467e-02 Train_Loss_mse: 9.5968e-02
Epoch: [199][ 0/17]	Time  9.103 ( 9.103)	Loss_VinDrCXR_rad15 cls 7.3901e-02 (7.3901e-02)	Loss_VinDrCXR_rad15 mse 5.5443e-02 (5.5443e-02)
Epoch: [199] Train_Loss_cls: 4.5056e-02 Train_Loss_mse: 2.3663e-02
Epoch: [199][ 0/17]	Time  8.806 ( 8.806)	Loss_VinDrCXR_rad16 cls 3.8246e-02 (3.8246e-02)	Loss_VinDrCXR_rad16 mse 1.4026e-02 (1.4026e-02)
Epoch: [199] Train_Loss_cls: 3.1836e-02 Train_Loss_mse: 1.0091e-01
Epoch: [199][0/8]	Time 10.094 (10.094)	Loss_VinDrCXR_rad17 cls 3.9247e-02 (3.9247e-02)	Loss_VinDrCXR_rad17 mse 2.8532e-02 (2.8532e-02)
Epoch: [199] Train_Loss_cls: 3.5729e-02 Train_Loss_mse: 1.7060e-02
Val_VinDrCXR_rad1: [ 0/30]	Time  7.196 ( 7.196)	Loss 7.4366e-01 (7.4366e-01)
Epoch 0199: avg_val_loss 0.29242, saving model to ./Models/swin_base_Ark_Finetune_17Rad/Ark_PlusArk_Finetune_17Rad/Ark_Finetune_17Rad/Ark_PlusArk_Finetune_17Rad
>>VinDrCXR_rad1 Disease = ['PE', 'Lung tumor', 'Pneumonia', 'Tuberculosis', 'Other diseases', 'No finding']
>>VinDrCXR_rad1:Student AUC = [0.9745	0.8965	0.9418	0.9405	0.8435	0.948 ], 
Teacher AUC = [0.9814	0.9399	0.9526	0.9337	0.8581	0.9529]

>>VinDrCXR_rad1: Student mAUC = 0.9241, Teacher mAUC = 0.9364
Omni-pretraining stage: 
Student meanAUC = 
[[0.9468759507134883], [0.9454261264448013], [0.9389692516963958], [0.9338567099466557], [0.9322285595158992], [0.9267613086784795], [0.9269031959521569], [0.9311978881171713], [0.9322738966995839], [0.9282953834234174], [0.929972291939886], [0.9318785771175087], [0.937211098360474], [0.9381919883273343], [0.9369602586957376], [0.9366551483549057], [0.9346324920330171], [0.9299819806706333], [0.9305474169968909], [0.934866256916984], [0.8925448969094599], [0.9241282880977296]] 
Teacher meanAUC = 
[[0.9468759507134883], [0.9460270675389304], [0.9413547485728361], [0.9352525270339678], [0.933640160889925], [0.9253586349249475], [0.9311537710751477], [0.9326593268703175], [0.9311490937056109], [0.9340407878121827], [0.9299489031778979], [0.9354695743205612], [0.9370271512949998], [0.9387894655012321], [0.9400737372963088], [0.9425990602592327], [0.9408374784800566], [0.9355654573171095], [0.9365540511356777], [0.9375044065308177], [0.9365702101919333], [0.9364408167075874]]

